time,soil_moisture_m3_m3,source,latitude,longitude
2018-01-01,0.4185793010752688,ERA5-Land_via_Open-Meteo,32.653778,35.560974
2018-02-01,0.41863541666666665,ERA5-Land_via_Open-Meteo,32.653778,35.560974
2018-03-01,0.3237163978494624,ERA5-Land_via_Open-Meteo,32.653778,35.560974
2018-04-01,0.30588055555555554,ERA5-Land_via_Open-Meteo,32.653778,35.560974
2018-05-01,0.28740591397849463,ERA5-Land_via_Open-Meteo,32.653778,35.560974
2018-06-01,0.22691111111111112,ERA5-Land_via_Open-Meteo,32.653778,35.560974
2018-07-01,0.2071787634408602,ERA5-Land_via_Open-Meteo,32.653778,35.560974
2018-08-01,0.20788037634408604,ERA5-Land_via_Open-Meteo,32.653778,35.560974
2018-09-01,0.20722916666666663,ERA5-Land_via_Open-Meteo,32.653778,35.560974
2018-10-01,0.23200134408602152,ERA5-Land_via_Open-Meteo,32.653778,35.560974
2018-11-01,0.3197291666666667,ERA5-Land_via_Open-Meteo,32.653778,35.560974
2018-12-01,0.4068965053763441,ERA5-Land_via_Open-Meteo,32.653778,35.560974
2019-01-01,0.4289663978494624,ERA5-Land_via_Open-Meteo,32.653778,35.560974
2019-02-01,0.4251592261904762,ERA5-Land_via_Open-Meteo,32.653778,35.560974
2019-03-01,0.42893548387096775,ERA5-Land_via_Open-Meteo,32.653778,35.560974
2019-04-01,0.3848097222222222,ERA5-Land_via_Open-Meteo,32.653778,35.560974
2019-05-01,0.2538225806451613,ERA5-Land_via_Open-Meteo,32.653778,35.560974
2019-06-01,0.2237236111111111,ERA5-Land_via_Open-Meteo,32.653778,35.560974
2019-07-01,0.18915725806451614,ERA5-Land_via_Open-Meteo,32.653778,35.560974
2019-08-01,0.19426209677419357,ERA5-Land_via_Open-Meteo,32.653778,35.560974
2019-09-01,0.21304583333333332,ERA5-Land_via_Open-Meteo,32.653778,35.560974
2019-10-01,0.23609811827956992,ERA5-Land_via_Open-Meteo,32.653778,35.560974
2019-11-01,0.24688888888888888,ERA5-Land_via_Open-Meteo,32.653778,35.560974
2019-12-01,0.37407795698924734,ERA5-Land_via_Open-Meteo,32.653778,35.560974
2020-01-01,0.47304838709677416,ERA5-Land_via_Open-Meteo,32.653778,35.560974
2020-02-01,0.4565287356321839,ERA5-Land_via_Open-Meteo,32.653778,35.560974
2020-03-01,0.43647715053763436,ERA5-Land_via_Open-Meteo,32.653778,35.560974
2020-04-01,0.3572444444444445,ERA5-Land_via_Open-Meteo,32.653778,35.560974
2020-05-01,0.2874623655913979,ERA5-Land_via_Open-Meteo,32.653778,35.560974
2020-06-01,0.24155972222222222,ERA5-Land_via_Open-Meteo,32.653778,35.560974
2020-07-01,0.2284529569892473,ERA5-Land_via_Open-Meteo,32.653778,35.560974
2020-08-01,0.23614784946236558,ERA5-Land_via_Open-Meteo,32.653778,35.560974
2020-09-01,0.22615000000000002,ERA5-Land_via_Open-Meteo,32.653778,35.560974
2020-10-01,0.23790322580645162,ERA5-Land_via_Open-Meteo,32.653778,35.560974
2020-11-01,0.35747083333333335,ERA5-Land_via_Open-Meteo,32.653778,35.560974
2020-12-01,0.3870887096774193,ERA5-Land_via_Open-Meteo,32.653778,35.560974
2021-01-01,0.38257930107526883,ERA5-Land_via_Open-Meteo,32.653778,35.560974
2021-02-01,0.4389122023809524,ERA5-Land_via_Open-Meteo,32.653778,35.560974
2021-03-01,0.3778172043010753,ERA5-Land_via_Open-Meteo,32.653778,35.560974
2021-04-01,0.2873125,ERA5-Land_via_Open-Meteo,32.653778,35.560974
2021-05-01,0.20371370967741934,ERA5-Land_via_Open-Meteo,32.653778,35.560974
2021-06-01,0.19062777777777778,ERA5-Land_via_Open-Meteo,32.653778,35.560974
2021-07-01,0.1965806451612903,ERA5-Land_via_Open-Meteo,32.653778,35.560974
2021-08-01,0.20678225806451614,ERA5-Land_via_Open-Meteo,32.653778,35.560974
2021-09-01,0.22056111111111112,ERA5-Land_via_Open-Meteo,32.653778,35.560974
2021-10-01,0.2532849462365591,ERA5-Land_via_Open-Meteo,32.653778,35.560974
2021-11-01,0.2994805555555556,ERA5-Land_via_Open-Meteo,32.653778,35.560974
2021-12-01,0.4094247311827957,ERA5-Land_via_Open-Meteo,32.653778,35.560974
2022-01-01,0.4434220430107527,ERA5-Land_via_Open-Meteo,32.653778,35.560974
2022-02-01,0.4558779761904762,ERA5-Land_via_Open-Meteo,32.653778,35.560974
2022-03-01,0.4418588709677419,ERA5-Land_via_Open-Meteo,32.653778,35.560974
2022-04-01,0.30165833333333336,ERA5-Land_via_Open-Meteo,32.653778,35.560974
2022-05-01,0.224744623655914,ERA5-Land_via_Open-Meteo,32.653778,35.560974
2022-06-01,0.1997597222222222,ERA5-Land_via_Open-Meteo,32.653778,35.560974
2022-07-01,0.21183467741935483,ERA5-Land_via_Open-Meteo,32.653778,35.560974
2022-08-01,0.22426344086021505,ERA5-Land_via_Open-Meteo,32.653778,35.560974
2022-09-01,0.23661944444444444,ERA5-Land_via_Open-Meteo,32.653778,35.560974
2022-10-01,0.2465497311827957,ERA5-Land_via_Open-Meteo,32.653778,35.560974
2022-11-01,0.33790555555555557,ERA5-Land_via_Open-Meteo,32.653778,35.560974
2022-12-01,0.3672903225806452,ERA5-Land_via_Open-Meteo,32.653778,35.560974
2023-01-01,0.36944220430107527,ERA5-Land_via_Open-Meteo,32.653778,35.560974
2023-02-01,0.4106830357142857,ERA5-Land_via_Open-Meteo,32.653778,35.560974
2023-03-01,0.3676263440860215,ERA5-Land_via_Open-Meteo,32.653778,35.560974
2023-04-01,0.3262847222222222,ERA5-Land_via_Open-Meteo,32.653778,35.560974
2023-05-01,0.25635483870967746,ERA5-Land_via_Open-Meteo,32.653778,35.560974
2023-06-01,0.21539305555555555,ERA5-Land_via_Open-Meteo,32.653778,35.560974
2023-07-01,0.20538709677419353,ERA5-Land_via_Open-Meteo,32.653778,35.560974
2023-08-01,0.21303091397849463,ERA5-Land_via_Open-Meteo,32.653778,35.560974
2023-09-01,0.25298888888888893,ERA5-Land_via_Open-Meteo,32.653778,35.560974
2023-10-01,0.2826774193548387,ERA5-Land_via_Open-Meteo,32.653778,35.560974
2023-11-01,0.3413888888888889,ERA5-Land_via_Open-Meteo,32.653778,35.560974
2023-12-01,0.423364247311828,ERA5-Land_via_Open-Meteo,32.653778,35.560974
2024-01-01,0.4610322580645161,ERA5-Land_via_Open-Meteo,32.653778,35.560974
2024-02-01,0.4742830459770115,ERA5-Land_via_Open-Meteo,32.653778,35.560974
2024-03-01,0.40856317204301074,ERA5-Land_via_Open-Meteo,32.653778,35.560974
2024-04-01,0.3326180555555555,ERA5-Land_via_Open-Meteo,32.653778,35.560974
2024-05-01,0.26943413978494624,ERA5-Land_via_Open-Meteo,32.653778,35.560974
2024-06-01,0.24693333333333334,ERA5-Land_via_Open-Meteo,32.653778,35.560974
2024-07-01,0.2480295698924731,ERA5-Land_via_Open-Meteo,32.653778,35.560974
2024-08-01,0.24999193548387097,ERA5-Land_via_Open-Meteo,32.653778,35.560974
2024-09-01,0.23049722222222221,ERA5-Land_via_Open-Meteo,32.653778,35.560974
2024-10-01,0.19233198924731182,ERA5-Land_via_Open-Meteo,32.653778,35.560974
2024-11-01,0.29986250000000003,ERA5-Land_via_Open-Meteo,32.653778,35.560974
2024-12-01,0.2924811827956989,ERA5-Land_via_Open-Meteo,32.653778,35.560974
