time,precipitation_mm,source,source_file
2018-01-01,238.79736,CHIRPS_v3,chirps-v3.0.2018.monthly.nc
2018-02-01,164.54486,CHIRPS_v3,chirps-v3.0.2018.monthly.nc
2018-03-01,33.98272,CHIRPS_v3,chirps-v3.0.2018.monthly.nc
2018-04-01,46.81448,CHIRPS_v3,chirps-v3.0.2018.monthly.nc
2018-05-01,22.412483,CHIRPS_v3,chirps-v3.0.2018.monthly.nc
2018-06-01,0.06310769,CHIRPS_v3,chirps-v3.0.2018.monthly.nc
2018-07-01,0.09341736,CHIRPS_v3,chirps-v3.0.2018.monthly.nc
2018-08-01,0.094270244,CHIRPS_v3,chirps-v3.0.2018.monthly.nc
2018-09-01,2.8055637,CHIRPS_v3,chirps-v3.0.2018.monthly.nc
2018-10-01,28.72357,CHIRPS_v3,chirps-v3.0.2018.monthly.nc
2018-11-01,76.72295,CHIRPS_v3,chirps-v3.0.2018.monthly.nc
2018-12-01,129.56943,CHIRPS_v3,chirps-v3.0.2018.monthly.nc
2019-01-01,145.52927,CHIRPS_v3,chirps-v3.0.2019.monthly.nc
2019-02-01,131.72145,CHIRPS_v3,chirps-v3.0.2019.monthly.nc
2019-03-01,120.902405,CHIRPS_v3,chirps-v3.0.2019.monthly.nc
2019-04-01,30.37811,CHIRPS_v3,chirps-v3.0.2019.monthly.nc
2019-05-01,9.840285,CHIRPS_v3,chirps-v3.0.2019.monthly.nc
2019-06-01,0.91968644,CHIRPS_v3,chirps-v3.0.2019.monthly.nc
2019-07-01,0.09331366,CHIRPS_v3,chirps-v3.0.2019.monthly.nc
2019-08-01,0.094176315,CHIRPS_v3,chirps-v3.0.2019.monthly.nc
2019-09-01,0.6551692,CHIRPS_v3,chirps-v3.0.2019.monthly.nc
2019-10-01,12.751138,CHIRPS_v3,chirps-v3.0.2019.monthly.nc
2019-11-01,27.80585,CHIRPS_v3,chirps-v3.0.2019.monthly.nc
2019-12-01,196.79759,CHIRPS_v3,chirps-v3.0.2019.monthly.nc
2020-01-01,243.27695,CHIRPS_v3,chirps-v3.0.2020.monthly.nc
2020-02-01,65.34423,CHIRPS_v3,chirps-v3.0.2020.monthly.nc
2020-03-01,70.60673,CHIRPS_v3,chirps-v3.0.2020.monthly.nc
2020-04-01,2.3449667,CHIRPS_v3,chirps-v3.0.2020.monthly.nc
2020-05-01,0.9858701,CHIRPS_v3,chirps-v3.0.2020.monthly.nc
2020-06-01,0.006699428,CHIRPS_v3,chirps-v3.0.2020.monthly.nc
2020-07-01,0.09311546,CHIRPS_v3,chirps-v3.0.2020.monthly.nc
2020-08-01,0.09523179,CHIRPS_v3,chirps-v3.0.2020.monthly.nc
2020-09-01,0.6568157,CHIRPS_v3,chirps-v3.0.2020.monthly.nc
2020-10-01,3.1086252,CHIRPS_v3,chirps-v3.0.2020.monthly.nc
2020-11-01,102.04653,CHIRPS_v3,chirps-v3.0.2020.monthly.nc
2020-12-01,93.32626,CHIRPS_v3,chirps-v3.0.2020.monthly.nc
2021-01-01,130.50867,CHIRPS_v3,chirps-v3.0.2021.monthly.nc
2021-02-01,97.705215,CHIRPS_v3,chirps-v3.0.2021.monthly.nc
2021-03-01,45.514824,CHIRPS_v3,chirps-v3.0.2021.monthly.nc
2021-04-01,1.8693376,CHIRPS_v3,chirps-v3.0.2021.monthly.nc
2021-05-01,4.729725,CHIRPS_v3,chirps-v3.0.2021.monthly.nc
2021-06-01,0.006699425,CHIRPS_v3,chirps-v3.0.2021.monthly.nc
2021-07-01,0.09331364,CHIRPS_v3,chirps-v3.0.2021.monthly.nc
2021-08-01,0.094176434,CHIRPS_v3,chirps-v3.0.2021.monthly.nc
2021-09-01,0.64988846,CHIRPS_v3,chirps-v3.0.2021.monthly.nc
2021-10-01,20.785566,CHIRPS_v3,chirps-v3.0.2021.monthly.nc
2021-11-01,42.496483,CHIRPS_v3,chirps-v3.0.2021.monthly.nc
2021-12-01,174.31316,CHIRPS_v3,chirps-v3.0.2021.monthly.nc
2022-01-01,127.17829,CHIRPS_v3,chirps-v3.0.2022.monthly.nc
2022-02-01,74.06739,CHIRPS_v3,chirps-v3.0.2022.monthly.nc
2022-03-01,87.04067,CHIRPS_v3,chirps-v3.0.2022.monthly.nc
2022-04-01,9.628617,CHIRPS_v3,chirps-v3.0.2022.monthly.nc
2022-05-01,0.8543099,CHIRPS_v3,chirps-v3.0.2022.monthly.nc
2022-06-01,0.006699427,CHIRPS_v3,chirps-v3.0.2022.monthly.nc
2022-07-01,0.093413815,CHIRPS_v3,chirps-v3.0.2022.monthly.nc
2022-08-01,0.094266444,CHIRPS_v3,chirps-v3.0.2022.monthly.nc
2022-09-01,0.6615849,CHIRPS_v3,chirps-v3.0.2022.monthly.nc
2022-10-01,3.7502258,CHIRPS_v3,chirps-v3.0.2022.monthly.nc
2022-11-01,73.3102,CHIRPS_v3,chirps-v3.0.2022.monthly.nc
2022-12-01,53.86709,CHIRPS_v3,chirps-v3.0.2022.monthly.nc
2023-01-01,106.17727,CHIRPS_v3,chirps-v3.0.2023.monthly.nc
2023-02-01,72.37371,CHIRPS_v3,chirps-v3.0.2023.monthly.nc
2023-03-01,74.51759,CHIRPS_v3,chirps-v3.0.2023.monthly.nc
2023-04-01,62.904488,CHIRPS_v3,chirps-v3.0.2023.monthly.nc
2023-05-01,8.280695,CHIRPS_v3,chirps-v3.0.2023.monthly.nc
2023-06-01,3.611132,CHIRPS_v3,chirps-v3.0.2023.monthly.nc
2023-07-01,0.09341387,CHIRPS_v3,chirps-v3.0.2023.monthly.nc
2023-08-01,0.09426639,CHIRPS_v3,chirps-v3.0.2023.monthly.nc
2023-09-01,0.6615474,CHIRPS_v3,chirps-v3.0.2023.monthly.nc
2023-10-01,13.412269,CHIRPS_v3,chirps-v3.0.2023.monthly.nc
2023-11-01,137.03316,CHIRPS_v3,chirps-v3.0.2023.monthly.nc
2023-12-01,114.128624,CHIRPS_v3,chirps-v3.0.2023.monthly.nc
2024-01-01,113.441605,CHIRPS_v3,chirps-v3.0.2024.monthly.nc
2024-02-01,133.87961,CHIRPS_v3,chirps-v3.0.2024.monthly.nc
2024-03-01,41.545223,CHIRPS_v3,chirps-v3.0.2024.monthly.nc
2024-04-01,18.430935,CHIRPS_v3,chirps-v3.0.2024.monthly.nc
2024-05-01,3.6035588,CHIRPS_v3,chirps-v3.0.2024.monthly.nc
2024-06-01,0.0066994294,CHIRPS_v3,chirps-v3.0.2024.monthly.nc
2024-07-01,0.093413875,CHIRPS_v3,chirps-v3.0.2024.monthly.nc
2024-08-01,0.09426637,CHIRPS_v3,chirps-v3.0.2024.monthly.nc
2024-09-01,0.8761387,CHIRPS_v3,chirps-v3.0.2024.monthly.nc
2024-10-01,2.5151632,CHIRPS_v3,chirps-v3.0.2024.monthly.nc
2024-11-01,28.309391,CHIRPS_v3,chirps-v3.0.2024.monthly.nc
2024-12-01,131.96924,CHIRPS_v3,chirps-v3.0.2024.monthly.nc
