date,year,month,dekad,ndvi_weighted,ndvi_mean,ndvi_median,ndvi_min,ndvi_max,ndvi_std,acquisition_count,mean_coverage_fraction,max_coverage_fraction,min_coverage_fraction,mean_agricultural_pixels,total_quality_weight,quality_tier_A_count,quality_tier_B_count,quality_tier_C_count,quality_tier_D_count,quality_tier_E_count
2018-03-01,2018,3,1,0.6131889594835415,0.6131889594835415,0.6131889594835415,0.6131889594835415,0.6131889594835415,0.0,1,0.9863516035875282,0.9863516035875282,0.9863516035875282,282610.0,144190.0788660685,1,0,0,0,0
2018-03-11,2018,3,2,0.6019691564714229,0.6019691564714229,0.6019691564714229,0.6019691564714229,0.6019691564714229,0.0,1,0.793097882231405,0.793097882231405,0.793097882231405,232968.0,118923.84077023598,1,0,0,0,0
2018-03-21,2018,3,3,0.5522058672418652,0.5522058672418652,0.5522058672418652,0.5522058672418652,0.5522058672418652,0.0,1,0.9743584475957926,0.9743584475957926,0.9743584475957926,280638.0,143730.94711141885,1,0,0,0,0
2018-04-01,2018,4,1,0.5286303396453055,0.5321925152371161,0.5321925152371161,0.5183218430232538,0.5460631874509783,0.013870672213862234,2,0.7633776589500376,0.9870955813298272,0.5396597365702479,224615.5,230160.07800078066,2,0,0,0,0
2018-04-11,2018,4,2,0.4255576920426661,0.4152583145200537,0.4152583145200537,0.4001284091785533,0.430388219861554,0.015129905341500355,2,0.6016197290571,0.9873318346168296,0.2159076234973704,170219.0,172051.58611099998,1,0,1,0,0
2018-04-21,2018,4,3,0.29469305907018256,0.31407977081074695,0.31407977081074695,0.2777311372966006,0.3504284043248933,0.036348633514146356,2,0.39242844900450785,0.6058517444590533,0.1790051535499624,118544.5,125028.37709577626,1,0,1,0,0
2018-05-01,2018,5,1,0.2589927080527092,0.3203392415898657,0.3203392415898657,0.2583566147386436,0.3823218684410878,0.061982626851222106,2,0.45136483964124713,0.9004918764087152,0.0022378028737791,132339.0,136649.0764185536,1,0,0,0,1
2018-05-11,2018,5,2,0.2822667182329257,0.2822662703786389,0.2822662703786389,0.2806502055341485,0.2838823352231293,0.0016160648444903947,2,0.9884265237603306,0.9893715369083396,0.9874815106123216,283929.5,289531.206301423,2,0,0,0,0
2018-05-21,2018,5,3,0.23925533958591022,0.23645145148512678,0.2281361922452629,0.2242143875264583,0.2570037746836591,0.014620616259373997,3,0.8247118003380917,0.9869150896882044,0.5195796745867769,233190.0,352279.1210508649,3,0,0,0,0
2018-06-01,2018,6,1,0.23344026298922194,0.23355253677404392,0.23355253677404392,0.2301074889894159,0.2369975845586719,0.003445047784627994,2,0.9683427932475582,0.999919292355372,0.9367662941397444,277687.0,281481.304339298,2,0,0,0,0
2018-06-11,2018,6,2,0.23274975378812351,0.2326871759257601,0.2326871759257601,0.2270872300964315,0.2382871217550887,0.005599945829328601,2,0.9907303601615326,0.9993822196656648,0.9820785006574004,283463.0,287440.2702488331,2,0,0,0,0
2018-06-21,2018,6,3,0.2148311867861628,0.21294524252257474,0.21294524252257474,0.2051465421842977,0.2207439428608518,0.007798700338277051,2,0.7752879061795643,0.970499154770849,0.5800766575882795,224756.0,229631.11546538267,2,0,0,0,0
2018-07-01,2018,7,1,0.21150129849991564,0.2115033914039079,0.2115033914039079,0.2105744101238521,0.2124323726839637,0.0009289812800557934,2,0.9918866805972953,0.998118778174305,0.9856545830202856,284759.0,289835.124558509,2,0,0,0,0
2018-07-11,2018,7,2,0.18955994051674327,0.1896949228624492,0.1896949228624492,0.1877241946743414,0.191665651050557,0.001970728188107798,2,0.9152386304939895,0.9741016505447032,0.8563756104432757,261164.5,264343.72325804626,2,0,0,0,0
2018-07-21,2018,7,3,0.18335764014184464,0.181174273619239,0.181174273619239,0.1709928192726201,0.1913557279658579,0.010181454346618893,2,0.8648301030709993,0.9999926629413974,0.729667543200601,240973.0,239326.48795488867,2,0,0,0,0
2018-08-01,2018,8,1,0.1738318561115732,0.1733198365382832,0.1733198365382832,0.1705674414851008,0.1760722315914656,0.0027523950531823937,2,0.852134056865139,0.9726298365890308,0.7316382771412472,239262.5,237939.6621365642,2,0,0,0,0
2018-08-11,2018,8,2,0.1700737633154339,0.16947210379541583,0.16947210379541583,0.1631855694513168,0.1757586381395149,0.006286534344099051,2,0.8587205343726521,0.9255068440082644,0.7919342247370398,245126.0,245391.16343314294,2,0,0,0,0
2018-08-21,2018,8,3,0.17446650797623145,0.17446649788317725,0.17446649788317725,0.1720262693236905,0.176906726442664,0.002440228559486751,2,0.9998451880634861,0.999991195529677,0.9996991805972952,286442.0,290653.7613294659,2,0,0,0,0
2018-09-01,2018,9,1,0.1687776793587379,0.16513555343494196,0.16513555343494196,0.156024329562821,0.1742467773070629,0.009111223872120947,2,0.7187646741172051,0.9999457057663412,0.4375836424680691,205145.5,207648.62346007212,1,1,0,0,0
2018-09-11,2018,9,2,0.15900430344279065,0.1542409334623926,0.1542409334623926,0.1364889260581465,0.1719929408666387,0.017752007404246095,2,0.7700220992205109,0.9771245186889556,0.5629196797520661,223394.5,227373.39049383358,2,0,0,0,0
2018-09-21,2018,9,3,0.18033765713657213,0.1803261365422757,0.1803261365422757,0.1754678005200242,0.1851844725645272,0.004858336022251497,2,0.9940459769440271,0.9999897281179564,0.9881022257700977,285125.0,289967.3625803174,2,0,0,0,0
2018-10-01,2018,10,1,0.16084479658869438,0.15860786049992104,0.15860786049992104,0.1556501077192005,0.1615656132806416,0.0029577527807205517,2,0.6472709076821938,0.9999794562359128,0.2945623591284748,171385.0,165491.34166770047,1,1,0,0,0
2018-10-11,2018,10,2,0.168851406090564,0.13815701304193456,0.13815701304193456,0.1041385666961405,0.1721754593877286,0.034018446345794054,2,0.542428742486852,0.96780205202855,0.117055432945154,150670.5,150229.6505433073,1,0,1,0,0
2018-10-21,2018,10,3,0.20037598086963468,0.1887883266089112,0.1887883266089112,0.1607497752820575,0.2168268779357649,0.028038551326853706,2,0.7175393853305785,0.984702232813674,0.4503765378474831,204654.0,204754.84561450893,1,1,0,0,0
2018-11-01,2018,11,1,0.1984427711400348,0.19836469766508605,0.19836469766508605,0.1927124795429377,0.2040169157872344,0.005652218122148361,2,0.9809331858095417,0.997633064894816,0.9642333067242674,281867.0,286548.78260524163,2,0,0,0,0
2018-11-11,2018,11,2,0.2151472927927257,0.21028687330177825,0.21028687330177825,0.186248426557175,0.2343253200463815,0.02403844674460326,2,0.8172331365045079,0.9810131597483096,0.6534531132607062,235076.5,237358.51352472874,2,0,0,0,0
2018-11-21,2018,11,3,0.22915340537452153,0.23463903557857935,0.23463903557857935,0.228818341155543,0.2404597300016157,0.005820694423036343,2,0.217738953324568,0.3796722389181067,0.0558056677310293,50974.5,43748.47299630348,0,1,0,1,0
2018-12-01,2018,12,1,0.2853844489301519,0.2780751679888357,0.2780751679888357,0.242021800052222,0.3141285359254493,0.03605336793661365,2,0.0283503944402704,0.0391813603493613,0.0175194285311795,6050.5,5603.235834517545,0,0,0,0,2
2018-12-11,2018,12,2,0.33173741328465906,0.3271835402667715,0.3271835402667715,0.3186407853025375,0.3357262952310055,0.008542754964234012,2,0.5712061537377912,0.8728252958302029,0.2695870116453794,159438.0,160431.34216873822,1,1,0,0,0
2018-12-21,2018,12,3,0.4061136404342903,0.27629574588179506,0.27629574588179506,0.1321505660848003,0.4204409256787899,0.1441451797969948,2,0.42177961823816673,0.7911110067618332,0.0524482297145003,118448.0,114285.68679178883,1,0,0,1,0
2019-01-01,2019,1,1,0.49940601087100744,0.4531433106082212,0.4531433106082212,0.3865016930817667,0.5197849281346757,0.0666416175264545,2,0.5853989598985725,0.9328365655522164,0.2379613542449286,165403.5,166120.33748971872,1,0,1,0,0
2019-01-11,2019,1,2,0.49664954563182906,0.49121951091093913,0.49121951091093913,0.4618793627034258,0.5205596591184525,0.02934014820751335,2,0.504110220229151,0.5196515777610818,0.4885688626972201,141335.0,140196.5074012746,1,1,0,0,0
2019-01-21,2019,1,3,0.5449933999228592,0.5444928115225716,0.537849025154334,0.5350950104221148,0.560534398991266,0.011398700091769237,3,0.9021187468695216,0.9898249671299776,0.7646755846168295,260561.33333333334,397759.12325668783,3,0,0,0,0
2019-02-01,2019,2,1,0.6002610331953342,0.5977220854961454,0.5977220854961454,0.5949734901817939,0.6004706808104969,0.0027485953143515096,2,0.5207015108471075,0.9940173624154772,0.0473856592787377,148524.5,150768.04431386836,1,0,0,0,1
2019-02-11,2019,2,2,0.51029539905975,0.5099300604071593,0.5099300604071593,0.5074817623316491,0.5123783584826693,0.0024482980755101136,2,0.3734269346356123,0.4376115232907588,0.3092423459804658,98589.5,94650.16736262795,0,2,0,0,0
2019-02-21,2019,2,3,0.6092965439523028,0.6092965439523028,0.6092965439523028,0.6092965439523028,0.6092965439523028,0.0,1,0.8828667942336589,0.8828667942336589,0.8828667942336589,258879.0,130912.19764938162,1,0,0,0,0
2019-03-01,2019,3,1,0.5946899544009059,0.5937015041984461,0.5937015041984461,0.5916901681002797,0.5957128402966125,0.002011336098166394,2,0.29251531977836215,0.4475972600488355,0.1374333795078888,77447.5,71313.83990507115,0,1,1,0,0
2019-03-11,2019,3,2,0.641527580089498,0.6416740051866467,0.6416740051866467,0.6382522394991947,0.6450957708740986,0.0034217656874519498,2,0.4671923424586777,0.5055600230090158,0.4288246619083396,142737.5,151113.29129056155,1,1,0,0,0
2019-03-21,2019,3,3,0.6137225326836563,0.5967020094330577,0.5967020094330577,0.5613518098063126,0.6320522090598027,0.03535019962674507,2,0.5983928906836964,0.9012446586213372,0.2955411227460556,176236.0,180984.3118612921,1,1,0,0,0
2019-04-01,2019,4,1,0.47656636365784727,0.4758614720346187,0.4758614720346187,0.4686299042079918,0.4830930398612457,0.007231567826626956,2,0.0238432393407212,0.0360000117392937,0.0116864669421487,3726.5,3144.9054808662695,0,0,0,0,2
2019-04-11,2019,4,2,0.5875582580895439,0.5450211905783181,0.5450211905783181,0.4804867598884733,0.609555621268163,0.06453443068984485,2,0.48953882184447783,0.8402663645755072,0.1388112791134485,147298.5,153884.4776389933,1,0,1,0,0
2019-04-21,2019,4,3,0.5238088931455486,0.5275494540065842,0.5275494540065842,0.5032857681889181,0.5518131398242503,0.02426368581766608,2,0.6789332503756573,0.8653385612321562,0.4925279395191585,198990.5,204679.68993184905,1,1,0,0,0
2019-05-01,2019,5,1,0.4435778616155974,0.4474286985853187,0.4474286985853187,0.4155360336370512,0.4793213635335862,0.03189266494826748,2,0.7349128063955672,0.7990453019346356,0.6707803108564989,213105.0,217972.44966078823,2,0,0,0,0
2019-05-11,2019,5,2,0.36204604007424507,0.3615427593086459,0.3615427593086459,0.3360587553852653,0.3870267632320265,0.0254840039233806,2,0.9577972389181066,0.9694206071562734,0.94617387067994,274771.5,279839.7294568118,2,0,0,0,0
2019-05-21,2019,5,3,0.28987692078554134,0.28978422204699417,0.2997309882736853,0.265062815244321,0.3045588626229762,0.01759143841779434,3,0.964668638868019,0.986526225582269,0.9451481498873028,275372.0,420045.4299772097,3,0,0,0,0
2019-06-01,2019,6,1,0.2702476848008177,0.2495327660445211,0.2495327660445211,0.2262955206622158,0.2727700114268264,0.023237245382305288,2,0.5779892644158527,0.9999574450601052,0.1560210837716003,156917.5,153666.02491141853,1,0,1,0,0
2019-06-11,2019,6,2,0.24622538245888928,0.24606862856761605,0.24606862856761605,0.242972966071429,0.2491642910638031,0.0030956624961870627,2,0.8699359621525169,0.8824926042449286,0.8573793200601052,249890.5,251772.41077073768,2,0,0,0,0
2019-06-21,2019,6,3,0.24859082420518624,0.24849777286586072,0.24849777286586072,0.2423015011559753,0.2546940445757461,0.0061962717098854175,2,0.9845518231123216,0.9998796722389182,0.969223973985725,282556.5,286346.12693306466,2,0,0,0,0
2019-07-01,2019,7,1,0.2426817259018233,0.2426817259018233,0.2426817259018233,0.2426817259018233,0.2426817259018233,0.0,1,0.994290300995492,0.994290300995492,0.994290300995492,286054.0,145271.14330625837,1,0,0,0,0
2019-07-11,2019,7,2,0.23180186895343893,0.23186047859613268,0.23186047859613268,0.2301821284778031,0.2335388287144623,0.0016783501183296051,2,0.9424092259109692,0.9748456282870024,0.909972823534936,269200.0,273659.96149082907,2,0,0,0,0
2019-07-21,2019,7,3,0.2358086733047668,0.23580991212950714,0.23580991212950714,0.2353388604309236,0.2362809638280907,0.00047105169858353835,2,0.9956080367205109,0.9988407447407964,0.9923753287002254,285173.0,289775.51854188734,2,0,0,0,0
2019-08-01,2019,8,1,0.21965377317959428,0.21966234599062423,0.21966234599062423,0.2182753788476006,0.2210493131336479,0.0013869671430236513,2,0.9936050197220136,0.9997021154207364,0.9875079240232908,284533.0,288797.87777356734,2,0,0,0,0
2019-08-11,2019,8,2,0.20776655716147985,0.20785189331426351,0.20785189331426351,0.2038705837848926,0.2118332028436344,0.0039813095293709105,2,0.9745051887678435,0.9998591284748308,0.9491512490608564,280160.0,284555.5049740261,2,0,0,0,0
2019-08-21,2019,8,3,0.19617646150120355,0.1961744382229966,0.1961744382229966,0.1906639684758237,0.2016849079701695,0.005510469747172897,2,0.9982772586401202,1.0,0.9965545172802404,286285.0,290548.28294355,2,0,0,0,0
2019-09-01,2019,9,1,0.19421857587746377,0.19064467703626153,0.19064467703626153,0.173262451491485,0.2080269025810381,0.017382225544776544,2,0.8313107508452292,0.9918896154207364,0.670731886269722,238358.0,240162.2995891968,2,0,0,0,0
2019-09-11,2019,9,2,0.20102437744160176,0.20099375286711751,0.20099375286711751,0.1982402069979716,0.2037472987362634,0.002753545869145904,2,0.9917370046018033,0.9999897281179564,0.98348428108565,283853.0,287457.8946623885,2,0,0,0,0
2019-09-21,2019,9,3,0.20381482385715632,0.2038001449812678,0.2038001449812678,0.1982453138275085,0.2093549761350271,0.005554831153759293,2,0.9826904113448535,0.9999383687077386,0.9654424539819684,284761.0,289888.9197937081,2,0,0,0,0
2019-10-01,2019,10,1,0.1961534396511821,0.1961534396511821,0.1961534396511821,0.1961534396511821,0.1961534396511821,0.0,1,0.970763288880541,0.970763288880541,0.970763288880541,279604.0,142155.5477927893,1,0,0,0,0
2019-10-11,2019,10,2,0.2036687752111891,0.20908286777169727,0.20908286777169727,0.1972419972741411,0.2209237382692534,0.011840870497556152,2,0.7416452913692713,1.0,0.4832905827385425,204589.0,199456.10841116446,1,1,0,0,0
2019-10-21,2019,10,3,0.1877202514758236,0.18205661402659884,0.18205661402659884,0.1726491390338461,0.1914640890193516,0.009407474992752754,2,0.42252286227460556,0.6761906578700225,0.1688550666791886,113080.0,108344.27277813715,1,0,1,0,0
2019-11-01,2019,11,1,0.18770671927769117,0.18536187889796404,0.18536187889796404,0.1797885013897547,0.1909352564061734,0.005573377508209354,2,0.7548901495586026,0.9999501080015026,0.5098301911157025,207446.0,204579.89632876997,2,0,0,0,0
2019-11-11,2019,11,2,0.2254597590453079,0.2254852788571954,0.2254852788571954,0.2173196117842859,0.2336509459301049,0.0081656670729095,2,0.9961451094102178,0.9999442383546204,0.9923459804658152,285610.0,289747.7560173513,2,0,0,0,0
2019-11-21,2019,11,3,0.2088024574598588,0.21100657075653434,0.21100657075653434,0.2020319179772015,0.2199812235358672,0.008974652779332848,2,0.7828017878944402,0.9971840369083396,0.568419538880541,227307.0,233091.2560006034,2,0,0,0,0
2019-12-01,2019,12,1,0.2268427467448104,0.2250555045480083,0.2250555045480083,0.2175456227201989,0.2325653863758177,0.0075098818278094,2,0.7751631761833209,0.958099525732532,0.5922268266341096,223272.0,227802.5801672123,2,0,0,0,0
2019-12-11,2019,12,2,0.28156485649137886,0.19181206904946266,0.19181206904946266,0.1019243391715726,0.2816997989273527,0.08988772987789005,2,0.500215709522915,0.9999090204733284,0.0005223985725018,143292.0,145431.86149313062,1,0,0,0,1
2019-12-21,2019,12,3,0.31294344002114066,0.2872587392272717,0.2872587392272717,0.2584433095636873,0.3160741688908561,0.028815429663584413,2,0.5220089746900827,0.9995597764838468,0.0444581728963185,150490.0,153664.0771006937,1,0,0,0,1
2020-01-01,2020,1,1,0.3771249045345756,0.36800081163807585,0.36800081163807585,0.3425900366313285,0.3934115866448232,0.02541077500674735,2,0.7025974654864764,0.9912806395567244,0.4139142914162284,207380.5,212765.7553449115,1,1,0,0,0
2020-01-11,2020,1,2,0.3723703544848929,0.3431557654086479,0.3431557654086479,0.3014486202235699,0.3848629105937259,0.04170714518507801,2,0.43924401882982717,0.742601310105184,0.1358867275544703,135106.0,142799.1337625296,1,0,1,0,0
2020-01-21,2020,1,3,0.4699380986776286,0.4562396057269402,0.4768767957855986,0.3927655324645131,0.4990764889307088,0.045788827431497814,3,0.551310007356624,0.992400274699474,0.2265801089406461,167374.0,264078.1164057763,1,1,1,0,0
2020-02-01,2020,2,1,0.5167846494150156,0.4963002138163237,0.4963002138163237,0.4708499472698302,0.5217504803628172,0.025450266546493516,2,0.5446826868895567,0.9523795548459804,0.1369858189331329,154354.0,154468.71737643576,1,0,1,0,0
2020-02-11,2020,2,2,0.5133515715798171,0.4933800371077478,0.4933800371077478,0.4601188271965924,0.5266412470189031,0.03326120991115536,2,0.45585878803531177,0.7463256010518408,0.1653919750187828,127920.5,129200.01196840871,1,0,1,0,0
2020-02-21,2020,2,3,0.49668890019975503,0.4966889001997551,0.4966889001997551,0.4966889001997551,0.4966889001997551,0.0,1,0.3472233635424492,0.3472233635424492,0.3472233635424492,109630.0,57818.81648031874,0,1,0,0,0
2020-03-01,2020,3,1,0.5196573850211621,0.4711930080579252,0.4711930080579252,0.413723197686993,0.5286628184288574,0.05746981037093221,2,0.15797934471262207,0.286236265026296,0.0297224243989481,41976.5,40330.73224455257,0,1,0,0,1
2020-03-11,2020,3,2,0.6206530957618512,0.6208172697122756,0.6208172697122756,0.6172336023586064,0.6244009370659448,0.0035836673536692176,2,0.9513765789350113,0.994677697689707,0.9080754601803156,272904.0,277276.58853811654,2,0,0,0,0
2020-03-21,2020,3,3,0.6106903176174417,0.570877687266204,0.570877687266204,0.5132730481244195,0.6284823264079886,0.05760463914178454,2,0.5554762337997746,0.9021515190646132,0.2088009485349361,157079.5,159358.18500301405,1,0,1,0,0
2020-04-01,2020,4,1,0.5242372527023996,0.5364742546663595,0.5364742546663595,0.5142913223147301,0.5586571870179887,0.022182932351629325,2,0.2296697443181818,0.3553322807099925,0.1040072079263711,67316.0,67980.53295373314,0,1,1,0,0
2020-04-11,2020,4,2,0.5564257918683505,0.5561175399588605,0.5561175399588605,0.5307996983495707,0.5814353815681501,0.025317841609289682,2,0.9469772785969196,0.946995621243426,0.9469589359504132,275484.0,280159.88731517433,2,0,0,0,0
2020-04-21,2020,4,3,0.4469848682864844,0.4400174315747243,0.4400174315747243,0.4216120727090766,0.458422790440372,0.018405358865647703,2,0.6700524746431255,0.9609477718820436,0.3791571774042073,197039.5,205927.35423138842,1,1,0,0,0
2020-05-01,2020,5,1,0.3631207555258212,0.3450053954468681,0.3450053954468681,0.3188032571048714,0.3712075337888648,0.026202138341996695,2,0.4437856581048084,0.7018512866265966,0.1857200295830202,117766.0,109952.04448931408,1,0,1,0,0
2020-05-11,2020,5,2,0.3183851685200227,0.3264475409000207,0.3264475409000207,0.3075980087730752,0.3452970730269662,0.018849532126945512,2,0.6773000211307288,0.999988260706236,0.3546117815552216,198335.5,203579.42601344167,1,1,0,0,0
2020-05-21,2020,5,3,0.2956410985878011,0.2957255490573819,0.2957255490573819,0.2936677937419927,0.2977833043727712,0.002057755315389237,2,0.9481064519158526,0.9927818017468067,0.9034311020848984,273831.0,278815.96593684953,2,0,0,0,0
2020-06-01,2020,6,1,0.2703083355256688,0.27033205837066066,0.27033205837066066,0.2696855234450331,0.2709785932962882,0.000646534925627551,2,0.9288503416134486,0.9998033668294516,0.8578973163974455,271071.5,280362.53168031306,2,0,0,0,0
2020-06-11,2020,6,2,0.25645487954688195,0.25501136515334666,0.25501136515334666,0.2479802301980873,0.2620425001086061,0.007031134955259394,2,0.808211489246807,0.9981041040571,0.6183188744365139,234416.0,241015.52456671192,2,0,0,0,0
2020-06-21,2020,6,3,0.24451712010599794,0.2442361301013365,0.2442361301013365,0.2372739145490431,0.2511983456536299,0.006962215552293413,2,0.9657418059729528,0.9899247511269722,0.9415588608189333,275860.0,278090.5536271761,2,0,0,0,0
2020-07-01,2020,7,1,0.22956746801775207,0.22881698485107685,0.22881698485107685,0.2212104374334167,0.236423532268737,0.007606547417660148,2,0.9010854444496619,0.9995612438955672,0.8026096450037565,260577.5,264543.2795913508,2,0,0,0,0
2020-07-11,2020,7,2,0.2280797973199985,0.2280798800263831,0.2280798800263831,0.2271980250702439,0.2289617349825223,0.0008818549561392108,2,0.9974716496055597,0.999997065176559,0.9949462340345604,286317.0,290627.70645290846,2,0,0,0,0
2020-07-21,2020,7,3,0.2119259564389548,0.21192597210538386,0.21192597210538386,0.1998093603855732,0.2240425838251945,0.012116611719810655,2,0.9999853258827951,0.9999985325882796,0.9999721191773104,286446.5,290654.58769745834,2,0,0,0,0
2020-08-01,2020,8,1,0.20754634377864206,0.20736467892816296,0.20736467892816296,0.1992905650350601,0.2154387928212658,0.00807411389310285,2,0.975387836917731,0.9951927592036064,0.9555829146318556,280181.5,284043.16546738456,2,0,0,0,0
2020-08-11,2020,8,2,0.2062056325367043,0.2062052903075683,0.2062052903075683,0.2059270929242489,0.2064834876908877,0.0002781973833193979,2,0.9975252101333585,0.9994643947220136,0.9955860255447032,285968.0,290151.9396125117,2,0,0,0,0
2020-08-21,2020,8,3,0.20074658785134805,0.20075226787860734,0.20075226787860734,0.200529713189482,0.2009748225677327,0.00022255468912533993,2,0.9832700389744554,0.9965794632794892,0.9699606146694216,280717.5,283343.11970019806,2,0,0,0,0
2020-09-01,2020,9,1,0.1849884872341552,0.18498848736735746,0.18498848736735746,0.1848718346307148,0.1851051401040001,0.00011665273664264453,2,0.9999156238260707,0.9999985325882796,0.9998327150638616,286445.5,290654.6316156731,2,0,0,0,0
2020-09-11,2020,9,2,0.18732777324091565,0.18732777306582504,0.18732777306582504,0.1855771516936811,0.189078394437969,0.0017506213721439484,2,0.9999919292355373,0.9999985325882796,0.9999853258827948,286448.5,290654.934435225,2,0,0,0,0
2020-09-21,2020,9,3,0.1877744375986357,0.187652295464208,0.187652295464208,0.1830850344366439,0.1922195564917721,0.004567261027564107,2,0.9803344818275732,1.0,0.9606689636551464,280225.0,283084.4441028285,2,0,0,0,0
2020-10-01,2020,10,1,0.1951146185772113,0.19502410857719354,0.19502410857719354,0.1915099630584338,0.1985382540959533,0.0035141455187597537,2,0.982148936419985,0.9999838584710744,0.9643140143688956,280536.0,283356.7811108716,2,0,0,0,0
2020-10-11,2020,10,2,0.18904371657942126,0.1890996048115035,0.1890996048115035,0.1783374586106494,0.1998617510123576,0.010762146200854097,2,0.9924963901671675,0.9997505400075132,0.985242240326822,284447.0,289152.1872426133,2,0,0,0,0
2020-10-21,2020,10,3,0.19036178273949006,0.1903631033646325,0.1903631033646325,0.1869190655369688,0.1938071411922962,0.0034440378276636985,2,0.9981811431724268,0.9999897281179564,0.9963725582268972,286189.5,290543.5538341946,2,0,0,0,0
2020-11-01,2020,11,1,0.1820184929995037,0.18010849073953128,0.18010849073953128,0.1701398009984827,0.1900771804805799,0.0099686897410486,2,0.6651747980841473,0.7197889274981217,0.6105606686701728,190791.0,194097.13620849818,2,0,0,0,0
2020-11-11,2020,11,2,0.2316452859455065,0.23242359296656095,0.23242359296656095,0.2126942171081141,0.2521529688250078,0.019729375858446863,2,0.7199518101990985,0.7292082433320811,0.7106953770661157,212492.0,216914.0158726229,2,0,0,0,0
2020-11-21,2020,11,3,0.25171170638000834,0.3058904498796313,0.3058904498796313,0.2502026045967558,0.3615782951625068,0.05568784528287549,2,0.320918541040571,0.6257982719759579,0.016038810105184,97692.0,102125.79412919856,1,0,0,0,1
2020-12-01,2020,12,1,0.37337415787894007,0.37244128576002955,0.37244128576002955,0.3661250221188456,0.3787575494012134,0.0063162636411839,2,0.849569021177686,0.9999134227084898,0.6992246196468821,247819.5,253251.3445568541,2,0,0,0,0
2020-12-11,2020,12,2,0.45682649310376117,0.47940248619645065,0.47940248619645065,0.4534805845044167,0.5053243878884845,0.025921901692033927,2,0.5372304364669421,0.9999794562359128,0.0744814166979714,153073.5,155352.46742568514,1,0,0,1,0
2020-12-21,2020,12,3,0.5373280690926342,0.5373354473509303,0.5409875807335445,0.5160357267677271,0.5549830345515194,0.016108522683860354,3,0.9989185175619836,0.999994130353118,0.996771694214876,285916.6666666667,435103.35415742546,3,0,0,0,0
2021-01-01,2021,1,1,0.5565516373258926,0.5565509821853853,0.5565509821853853,0.5416005728103463,0.5715013915604242,0.014950409375038942,2,0.9993587410781368,0.9999985325882796,0.998718949567994,286418.5,290642.2272992683,2,0,0,0,0
2021-01-11,2021,1,2,0.5594840457180059,0.5482467504440459,0.5482467504440459,0.5348085850444775,0.5616849158436144,0.013438165399568436,2,0.2577648091190834,0.4667807334710744,0.0487488847670924,77903.5,80893.10472364369,0,1,0,0,1
2021-01-21,2021,1,3,0.602653897700176,0.602653897700176,0.602653897700176,0.602653897700176,0.602653897700176,0.0,1,0.7295486828512396,0.7295486828512396,0.7295486828512396,219983.0,112595.91397793547,1,0,0,0,0
2021-02-01,2021,2,1,0.6699484582349026,0.6623605773350791,0.6623605773350791,0.6539789855071948,0.6707421691629636,0.008381591827884394,2,0.5226487662002254,0.9959660851803156,0.0493314472201352,148905.0,152171.14653608963,1,0,0,0,1
2021-02-11,2021,2,2,0.674518367400385,0.674518367400385,0.674518367400385,0.674518367400385,0.674518367400385,0.0,1,0.9979881785311796,0.9979881785311796,0.9979881785311796,286376.0,145319.83139895677,1,0,0,0,0
2021-02-21,2021,2,3,0.6593647681795943,0.6593647681795943,0.6593647681795943,0.6593647681795943,0.6593647681795943,0.0,1,0.9924985912847484,0.9924985912847484,0.9924985912847484,285172.0,145039.81403307576,1,0,0,0,0
2021-03-01,2021,3,1,0.6609061126999207,0.61335867671154,0.61335867671154,0.5425450456167445,0.6841723078063353,0.07081363109479538,2,0.5950149089030804,0.9906144346356124,0.1994153831705484,170820.5,173576.51605593256,1,0,1,0,0
2021-03-11,2021,3,2,0.5667168672499248,0.5452371814273416,0.5452371814273416,0.5170374720046039,0.5734368908500793,0.028199709422737695,2,0.37379232015401953,0.6793235818933133,0.0682610584147257,106667.5,106792.47076265373,1,0,0,1,0
2021-03-21,2021,3,3,0.5971913025250183,0.5591333928927298,0.5580211269283046,0.4938159083725771,0.6255631433773077,0.05379133346881348,3,0.5705438619146005,0.9999677169421488,0.0334481827573253,161554.0,245316.07174514595,2,0,0,0,1
2021-04-01,2021,4,1,0.4397025764172263,0.4396117675460619,0.4396117675460619,0.4394986445741624,0.4397248905179615,0.00011312297189955411,2,0.2483792437546957,0.4504469736100676,0.0463115138993238,65551.0,59789.43059530728,0,1,0,0,1
2021-04-11,2021,4,2,0.4571113922456297,0.453257970024691,0.453257970024691,0.4179973291759573,0.4885186108734247,0.035260640848733704,2,0.8902618155991735,1.0,0.7805236311983471,256207.0,262020.34446822386,2,0,0,0,0
2021-04-21,2021,4,3,0.3580607054969422,0.3569833450865145,0.3569833450865145,0.3351023711162526,0.3788643190567764,0.021880973970261924,2,0.9471438298271977,0.9999985325882796,0.8942891270661157,272832.0,277015.4570522293,2,0,0,0,0
2021-05-01,2021,5,1,0.2914827132498552,0.2915071061036924,0.2915071061036924,0.2801123919175081,0.3029018202898767,0.011394714186184318,2,0.9946887032776108,0.9995627113072878,0.989814695247934,285727.5,290006.2152176508,2,0,0,0,0
2021-05-11,2021,5,2,0.2726580201862201,0.2726581046990324,0.2726581046990324,0.264216975443498,0.2810992339545668,0.008441129255534419,2,0.9998943463561232,0.9999779888241924,0.999810703888054,286441.5,290652.04029120936,2,0,0,0,0
2021-05-21,2021,5,3,0.2564763770641823,0.2564286481865618,0.2564286481865618,0.2546788158764132,0.2581784804967104,0.0017498323101485802,2,0.9604649934259955,0.9999691843538692,0.9209608024981216,277530.5,282937.1876552607,2,0,0,0,0
2021-06-01,2021,6,1,0.24148203045876815,0.24148220116599362,0.24148220116599362,0.2352997886144919,0.2476646137174953,0.00618241255150169,2,0.9995502383076633,0.9998782048271976,0.9992222717881292,286413.0,290639.8157010888,2,0,0,0,0
2021-06-11,2021,6,2,0.22780859560728556,0.22786696120756966,0.22786696120756966,0.2248161563176727,0.2309177660974666,0.003050804889896938,2,0.9788479937546957,0.9957841261269722,0.9619118613824192,280346.5,284880.95218314277,2,0,0,0,0
2021-06-21,2021,6,3,0.22590537603709349,0.22590537692023366,0.22590537692023366,0.2234713444965268,0.2283394093439405,0.00243403242370685,2,0.9998840744740796,0.9999677169421488,0.9998004320060104,286445.0,290653.36878192506,2,0,0,0,0
2021-07-01,2021,7,1,0.2133519614734602,0.2132430540738443,0.2132430540738443,0.2112963194548819,0.2151897886928067,0.0019467346189624007,2,0.9534705754601802,0.9999427709429,0.9069983799774606,272031.5,275252.31046970387,2,0,0,0,0
2021-07-11,2021,7,2,0.20629430802753276,0.2062943085557332,0.2062943085557332,0.2016202846054962,0.2109683325059702,0.004674023950237,2,0.9999845921769347,0.999997065176559,0.9999721191773104,286448.0,290654.8906094477,2,0,0,0,0
2021-07-21,2021,7,3,0.20000599295809834,0.19860477514999555,0.19860477514999555,0.1952167624749855,0.2019927878250056,0.0033880126750100437,2,0.712434259954921,0.998667590157776,0.4262009297520661,203402.5,205375.2273148839,1,1,0,0,0
2021-08-01,2021,8,1,0.1956160390502463,0.19418875174521266,0.19418875174521266,0.1812056768695124,0.2071718266209129,0.01298307487570026,2,0.9268194437922614,0.999994130353118,0.853644757231405,261092.0,261866.78078294965,2,0,0,0,0
2021-08-11,2021,8,2,0.19515647728901825,0.19515601856937737,0.19515601856937737,0.1933025734008908,0.1970094637378639,0.0018534451684865533,2,0.9989148490326822,0.9992750986100676,0.9985545994552968,286251.5,290503.7766184588,2,0,0,0,0
2021-08-21,2021,8,3,0.18155736138475556,0.18175533322484205,0.18175533322484205,0.1762681626915391,0.187242503758145,0.005487170533302943,2,0.9713862051558978,0.999994130353118,0.9427782799586776,277253.5,280533.4733992773,2,0,0,0,0
2021-09-01,2021,9,1,0.18653294715797175,0.18508291050822925,0.18508291050822925,0.177736730006884,0.1924290910095745,0.007346180501345251,2,0.8482212035123966,0.9993088490796392,0.697133557945154,242210.0,242732.84773353656,2,0,0,0,0
2021-09-11,2021,9,2,0.18503381700843957,0.1842268026028432,0.1842268026028432,0.1790651915131315,0.1893884136925549,0.005161611089711707,2,0.7726509673178061,0.9046916087528174,0.6406103258827949,226604.5,229593.24394076254,2,0,0,0,0
2021-09-21,2021,9,3,0.20992791523736992,0.20961678761192737,0.20961678761192737,0.1814254032564794,0.2378081719673753,0.02819138435544795,2,0.9903495668200601,0.9998356498873028,0.9808634837528174,283465.5,287468.1134360203,2,0,0,0,0
2021-10-01,2021,10,1,0.18962996352254186,0.1873266502073975,0.1873266502073975,0.1679782179942774,0.2066750824205176,0.019348432213120104,2,0.8778034900920362,0.9986176981592788,0.7569892820247934,254715.0,259725.36319477134,2,0,0,0,0
2021-10-11,2021,10,2,0.18269409260155958,0.17020670473845123,0.17020670473845123,0.1575336691661432,0.1828797403107593,0.012673035572308047,2,0.38063192618332076,0.7461788598797896,0.0150849924868519,107262.0,107248.48790258363,1,0,0,0,1
2021-10-21,2021,10,3,0.19725943606176846,0.1972616774872597,0.1972616774872597,0.1942160288020604,0.200307326172459,0.003045648685199298,2,0.9965251690458302,0.9999985325882796,0.9930518055033808,286126.0,290441.21516784426,2,0,0,0,0
2021-11-01,2021,11,1,0.2123714556495521,0.176422643411869,0.176422643411869,0.1401121796863003,0.2127331071374377,0.036310463725568703,2,0.5023273149887303,0.995010800150263,0.0096438298271975,143136.0,144317.53139566502,1,0,0,0,1
2021-11-11,2021,11,2,0.20226511419494123,0.202226758183824,0.202226758183824,0.1929649269725915,0.2114885893950565,0.009261831211232502,2,0.9946887032776108,0.9999897281179564,0.9893876784372652,285081.0,289456.2387115308,2,0,0,0,0
2021-11-21,2021,11,3,0.19800748412397848,0.1954722417043328,0.1954722417043328,0.1687419567782702,0.2222025266303954,0.02673028492606261,2,0.36514559659090906,0.4349423013711495,0.2953488918106686,109736.5,115059.83432877003,0,2,0,0,0
2021-12-01,2021,12,1,0.2531413066531267,0.2616953774057581,0.2616953774057581,0.2514194777558757,0.2719712770556405,0.010275899649882403,2,0.5397741946844478,0.9860023595980466,0.0935460297708489,154712.0,157209.76215151628,1,0,0,1,0
2021-12-11,2021,12,2,0.2585094115471176,0.22821361772824555,0.22821361772824555,0.1931374030509859,0.2632898324055052,0.035076214677259646,2,0.5351107602366642,0.999994130353118,0.0702273901202103,153222.5,155954.6687500823,1,0,0,1,0
2021-12-21,2021,12,3,0.3379981498478224,0.28975733810111365,0.2999735622241132,0.2062393205246354,0.3630591315545923,0.0644276944042253,3,0.530554935981718,0.9997373333020284,0.0812946093163035,147357.0,221522.41609972733,2,0,0,1,0
2022-01-01,2022,1,1,0.45393839717490264,0.3677962574128181,0.3677962574128181,0.2811675714853321,0.454424943340304,0.08662868592748593,2,0.48728707855935394,0.9610358165852744,0.0135383405334335,141395.0,144434.22478591098,1,0,0,0,1
2022-01-11,2022,1,2,0.49075280301408797,0.44414663139593413,0.44414663139593413,0.3828302148679575,0.5054630479239108,0.061316416527976675,2,0.3496079075882794,0.58668441256574,0.1125314026108189,97894.5,97342.16633946172,1,0,1,0,0
2022-01-21,2022,1,3,0.46701487771112893,0.4476033731972297,0.4476033731972297,0.3530120093226341,0.5421947370718253,0.0945913638745956,2,0.8599722365702478,0.990786121806912,0.7291583513335838,240052.0,240329.4854365333,2,0,0,0,0
2022-02-01,2022,2,1,0.4114997802206695,0.4114997802206695,0.4114997802206695,0.4114997802206695,0.4114997802206695,0.0,1,0.9984812288692712,0.9984812288692712,0.9984812288692712,286419.0,145323.7998469597,1,0,0,0,0
2022-02-11,2022,2,2,0.3979268473180426,0.3979268473180426,0.3979268473180426,0.3979268473180426,0.3979268473180426,0.0,1,0.3611769815927874,0.3611769815927874,0.3611769815927874,99024.0,48556.61494754268,0,1,0,0,0
2022-02-21,2022,2,3,0.3941105335066517,0.3941105335066517,0.3941105335066517,0.3941105335066517,0.3941105335066517,0.0,1,0.6274593820435762,0.6274593820435762,0.6274593820435762,181518.0,87621.35318188451,1,0,0,0,0
2022-03-01,2022,3,1,0.6198547727458051,0.5926436484616318,0.5926436484616318,0.5621743899328245,0.6231129069904389,0.030469258528807164,2,0.43699521036814426,0.8330085462058603,0.0409818745304282,119891.5,119494.76411564481,1,0,0,0,1
2022-03-11,2022,3,2,0.6694534251270666,0.6821001560084522,0.6821001560084522,0.6664248974330367,0.6977754145838677,0.015675258575415518,2,0.5276188896975957,0.9250592834335086,0.1301784959616829,150470.5,153319.33331587253,1,0,1,0,0
2022-03-21,2022,3,3,0.6580417634983049,0.6499652357290591,0.668457548882584,0.6107960044255623,0.670642153879031,0.027711184690515048,3,0.6356338436013023,0.9503515918482344,0.3315073840157776,189267.33333333334,296106.12450035725,2,1,0,0,0
2022-04-01,2022,4,1,0.5975165674417773,0.5647610153351096,0.5647610153351096,0.5318160861318724,0.5977059445383468,0.032944929203237217,2,0.5024806595135236,0.9994159701352366,0.0055453488918106,143827.5,145735.83257270104,1,0,0,0,1
2022-04-11,2022,4,2,0.5503380571186804,0.5427292359706257,0.5427292359706257,0.5147151085659328,0.5707433633753185,0.028014127404692835,2,0.7890492932945155,0.9999633147069872,0.5781352718820436,223721.0,228572.94209518278,2,0,0,0,0
2022-04-21,2022,4,3,0.3732012993779834,0.3727644776491059,0.3727644776491059,0.324520695517898,0.4210082597803139,0.048243782131207974,2,0.9920026061232157,0.998184811701728,0.9858204005447032,283494.5,287946.819618167,2,0,0,0,0
2022-05-01,2022,5,1,0.33032420030299553,0.3311601322764399,0.3311601322764399,0.3288815523022214,0.3334387122506584,0.002278579974218514,2,0.6964482766716754,0.999658093069121,0.3932384602742299,205850.5,212525.8530206862,1,1,0,0,0
2022-05-11,2022,5,2,0.2607313072013892,0.2609463558532673,0.2609463558532673,0.2362620227152632,0.2856306889912715,0.02468433313800414,2,0.9083388605841474,0.9104071774042074,0.9062705437640872,266406.5,273554.50795731065,2,0,0,0,0
2022-05-21,2022,5,3,0.26193683631449133,0.26192928076429395,0.26192928076429395,0.2567952446187957,0.2670633169097922,0.005134036145498233,2,0.9949176195060105,0.9996830390683696,0.9901521999436514,285669.5,290219.72621492035,2,0,0,0,0
2022-06-01,2022,6,1,0.24910621159860896,0.24910607510923172,0.24910607510923172,0.243112132516737,0.2551000177017264,0.005993942592494708,2,0.9994372476051843,0.9995069496619085,0.99936754554846,286434.5,290645.87777393067,2,0,0,0,0
2022-06-11,2022,6,2,0.24023623473352818,0.23958266843159098,0.23958266843159098,0.2374296924856478,0.2417356443775342,0.0021529759459432,2,0.7902892561983471,0.9990711283809166,0.5815073840157776,223651.5,222935.75788495457,2,0,0,0,0
2022-06-21,2022,6,3,0.23227881854147392,0.2322789152551526,0.2322789152551526,0.2316303692820199,0.2329274612282853,0.0006485459731326998,2,0.9993770837246431,0.9994203723703982,0.999333795078888,286340.0,290541.83549824124,2,0,0,0,0
2022-07-01,2022,7,1,0.225519105022846,0.22551898040460128,0.22551898040460128,0.2241157613341531,0.2269221994750495,0.0014032190704482,2,0.9994350464876032,0.9998488565927872,0.9990212363824192,286381.5,290610.53981129266,2,0,0,0,0
2022-07-11,2022,7,2,0.22310882155975004,0.22310882836757884,0.22310882836757884,0.2224114901401411,0.2238061665950166,0.000697338227437741,2,0.9999508417073628,1.0,0.9999016834147256,286446.5,290652.12598724186,2,0,0,0,0
2022-07-21,2022,7,3,0.2180972837135235,0.21809728356001878,0.21809728356001878,0.2169606438626157,0.2192339232574219,0.0011366396974030885,2,0.999985325882795,0.9999867932945156,0.9999838584710744,286448.5,290654.924252116,2,0,0,0,0
2022-08-01,2022,8,1,0.2045692778601803,0.2043220039521152,0.2043220039521152,0.1976962217715335,0.2109477861326969,0.006625782180581699,2,0.9708447302310295,0.9999985325882796,0.9416909278737792,277522.0,280197.9866093567,2,0,0,0,0
2022-08-11,2022,8,2,0.20694017916409213,0.2072174496279549,0.2072174496279549,0.2030446757794311,0.2113902234764787,0.0041727738485237975,2,0.9599073769722014,0.999994130353118,0.9198206235912848,270813.0,272545.0232671343,2,0,0,0,0
2022-08-21,2022,8,3,0.19771576218080725,0.1975526359130115,0.1975526359130115,0.1968134251826445,0.1982918466433785,0.000739210730367007,2,0.8398055972952667,0.999997065176559,0.6796141294139745,237985.0,238109.75133447847,2,0,0,0,0
2022-09-01,2022,9,1,0.19037669031116386,0.1908308858990257,0.1908308858990257,0.1886527017386324,0.193009070059419,0.0021781841603932955,2,0.8078160217881292,0.9776645262021036,0.6379675173741548,235607.5,240191.25690384646,2,0,0,0,0
2022-09-11,2022,9,2,0.19789616296119278,0.1978961756169652,0.1978961756169652,0.1951169152137568,0.2006754360201736,0.002779260403208403,2,0.9997402681254697,1.0,0.9994805362509392,286445.0,290653.63997120026,2,0,0,0,0
2022-09-21,2022,9,3,0.18809252223482967,0.1868950828122043,0.1868950828122043,0.1819954746923227,0.1917946909320859,0.004899608119881604,2,0.8193630846168295,0.9993323276671676,0.6393938415664914,231859.5,233565.9938930993,2,0,0,0,0
2022-10-01,2022,10,1,0.189364445729964,0.189364445729964,0.189364445729964,0.189364445729964,0.189364445729964,0.0,1,0.999862063298272,0.999862063298272,0.999862063298272,286446.0,145327.40597672242,1,0,0,0,0
2022-10-11,2022,10,2,0.18352261620212798,0.1836040627419372,0.1836040627419372,0.1800742027137054,0.187133922770169,0.0035298600282318016,2,0.9510163293576257,0.9954495562546956,0.906583102460556,277227.5,283284.9578735627,2,0,0,0,0
2022-10-21,2022,10,3,0.20101026475224892,0.19961581923463162,0.19961581923463162,0.194758778903132,0.2044728595661312,0.004857040331499599,2,0.7890529618238167,0.9973381151389932,0.5807678085086401,224684.0,225797.17669787744,2,0,0,0,0
2022-11-01,2022,11,1,0.20463751430476593,0.20408483818812878,0.20408483818812878,0.1962123357235639,0.2119573406526937,0.007872502464564904,2,0.8947594325225394,0.999718256949662,0.789800608095417,264134.0,271583.918232724,2,0,0,0,0
2022-11-11,2022,11,2,0.21624930081056712,0.21612481406679665,0.21612481406679665,0.2159247499431161,0.2163248781904772,0.00020006412368053783,2,0.6117566092223893,0.9657418059729528,0.2577714124718257,173792.0,174809.40421282308,1,1,0,0,0
2022-11-21,2022,11,3,0.2596009826669764,0.2393062592786999,0.2393062592786999,0.2168648236577781,0.2617476948996217,0.022441435620921796,2,0.27460922825882794,0.5037947267092412,0.0454237298084147,71068.5,64500.37511250807,1,0,0,0,1
2022-12-01,2022,12,1,0.2776293231226591,0.2776293231226591,0.2776293231226591,0.2776293231226591,0.2776293231226591,0.0,1,0.7473997464312547,0.7473997464312547,0.7473997464312547,228007.0,119551.5817250273,1,0,0,0,0
2022-12-11,2022,12,2,0.3261185716685623,0.3261394371049588,0.3261394371049588,0.3163806062295938,0.3358982679803238,0.009758830875364999,2,0.9944150309917357,0.9999985325882796,0.9888315293951916,285608.0,290034.83763844776,2,0,0,0,0
2022-12-21,2022,12,3,0.3388483579212355,0.33650811451701734,0.33650811451701734,0.3067474869434108,0.3662687420906239,0.029760627573606535,2,0.750807076446281,0.8608702925432006,0.6407438603493614,212424.5,212281.96353030184,2,0,0,0,0
2023-01-01,2023,1,1,0.4184627522744247,0.4192389150392999,0.4192389150392999,0.4062149106359056,0.4322629194426942,0.013024004403394296,2,0.7316169996712998,0.7515363800713749,0.7116976192712247,219151.0,225996.0010360101,2,0,0,0,0
2023-01-11,2023,1,2,0.49898445687014154,0.4546160028022569,0.4546160028022569,0.3997807830293182,0.5094512225751956,0.054835219772938704,2,0.5795711342505635,0.9940129601803156,0.1651293083208114,161973.0,160631.14208271794,1,0,1,0,0
2023-01-21,2023,1,3,0.49002932289546003,0.4839887196492887,0.4839887196492887,0.4669871838246502,0.5009902554739272,0.01700153582463848,2,0.7186597541791886,0.9760298295454546,0.4612896788129226,208126.5,212302.5134192335,1,1,0,0,0
2023-02-01,2023,2,1,0.547533631493053,0.5033756174377577,0.5033756174377577,0.4473003029066791,0.5594509319688363,0.05607531453107861,2,0.38872983776296016,0.6859254672238918,0.0915342083020285,122072.0,131616.01474261968,1,0,0,1,0
2023-02-11,2023,2,2,0.5513985884245245,0.5511492569286367,0.5511492569286367,0.545794310775493,0.5565042030817803,0.005354946153143636,2,0.9345490350300525,0.9971003944402704,0.8719976756198347,270528.0,277684.58683242043,2,0,0,0,0
2023-02-21,2023,2,3,0.5571289903237316,0.5571289903237316,0.5571289903237316,0.5571289903237316,0.5571289903237316,0.0,1,0.7021359645003756,0.7021359645003756,0.7021359645003756,217629.0,114661.09667041124,1,0,0,0,0
2023-03-01,2023,3,1,0.5682671883834299,0.5684168484716268,0.5684168484716268,0.56796156202976,0.5688721349134935,0.0004552864418667646,2,0.7147953254132232,0.9994056982531933,0.4301849525732532,210622.5,218746.3278166696,1,1,0,0,0
2023-03-11,2023,3,2,0.598932352802603,0.6014629941330529,0.6014629941330529,0.5877056519589817,0.6152203363071241,0.013757342174071208,2,0.8538443252253944,0.9999530428249436,0.7077356076258452,243083.5,245495.12570227077,2,0,0,0,0
2023-03-21,2023,3,3,0.6389854660649992,0.6354405491505457,0.6318163413343381,0.6224491721093731,0.652056134007926,0.012355679124377994,3,0.42446938392186323,0.6467719876972201,0.1183511574943651,132564.33333333334,215999.6893667719,2,0,1,0,0
2023-04-01,2023,4,1,0.5256298731016587,0.5160194697111975,0.5160194697111975,0.4727621212883554,0.5592768181340397,0.04325734842284218,2,0.471007612932006,0.5692163434447783,0.3727988824192336,125755.5,124927.72182168826,1,1,0,0,0
2023-04-11,2023,4,2,0.48740748192156885,0.5307886257234645,0.5307886257234645,0.4525469971754324,0.6090302542714966,0.0782416285480321,2,0.5030426782024794,0.7373934659090909,0.2686918904958678,134530.0,132771.70689240136,1,1,0,0,0
2023-04-21,2023,4,3,0.4493627558665704,0.42375938762970644,0.42375938762970644,0.3790185829236355,0.4685001923357774,0.04474080470607095,2,0.6313516916322314,0.9791143289819684,0.2835890542824943,181493.5,183866.90150861256,1,1,0,0,0
2023-05-01,2023,5,1,0.3635326573246823,0.363631436651738,0.363631436651738,0.359250709998854,0.3680121633046221,0.004380726652884054,2,0.9817710779019534,0.9995597764838468,0.96398237932006,280590.0,284231.3291515716,2,0,0,0,0
2023-05-11,2023,5,2,0.31267702814721193,0.2956925932160658,0.2956925932160658,0.2662426454279031,0.3251425410042284,0.02944994778816265,2,0.5862992169891059,0.9066476685762584,0.2659507654019534,164852.5,165565.66483899648,1,1,0,0,0
2023-05-21,2023,5,3,0.27535075904520473,0.2753513724123716,0.2753513724123716,0.2737675762746262,0.276935168550117,0.0015837961377453968,2,0.955362069167919,0.9626983940646132,0.9480257442712248,277748.0,283562.93584333645,2,0,0,0,0
2023-06-01,2023,6,1,0.2587260981586527,0.24504200549158112,0.24504200549158112,0.2313566628732374,0.2587273481099248,0.013685342618343713,2,0.47291891669797154,0.945765930221638,7.19031743050338e-05,138876.5,141524.09603173367,1,0,0,0,1
2023-06-11,2023,6,2,0.24685331880237948,0.2428684031524044,0.2428684031524044,0.2335495688815835,0.2521872374232253,0.009318834270820892,2,0.7063701810199098,0.9990960743801652,0.4136442876596544,202353.5,203581.77156295688,1,1,0,0,0
2023-06-21,2023,6,3,0.24171245023791235,0.24155614341941714,0.24155614341941714,0.2348940247232885,0.2482182621155458,0.006662118696128649,2,0.9756754496149511,0.9998591284748308,0.9514917707550714,280082.0,283982.8054463539,2,0,0,0,0
2023-07-01,2023,7,1,0.23149968660557588,0.2308645874664304,0.2308645874664304,0.2239181562486661,0.2378110186841947,0.0069464312177643095,2,0.9325144686795643,0.999988260706236,0.8650406766528925,264844.5,266307.01415740734,2,0,0,0,0
2023-07-11,2023,7,2,0.22392896953717573,0.22392896934037326,0.22392896934037326,0.2229303384863837,0.2249276001943628,0.00099863085398956,2,0.9999838584710744,0.9999897281179564,0.9999779888241924,286447.5,290654.7499374476,2,0,0,0,0
2023-07-21,2023,7,3,0.2117433477189802,0.2117433477189802,0.2117433477189802,0.2091696644420807,0.2143170309958797,0.0025736832768994966,2,0.9999919292355373,0.9999985325882796,0.9999853258827948,286449.0,290654.9635054477,2,0,0,0,0
2023-08-01,2023,8,1,0.20510623160973115,0.20479026628159114,0.20479026628159114,0.1983179036442491,0.2112626289189332,0.0064723626373420495,2,0.9560891716754321,0.9945074779301276,0.9176708654207364,273904.5,276786.43511961173,2,0,0,0,0
2023-08-11,2023,8,2,0.19379417982880204,0.19632863719555488,0.19632863719555488,0.1887062843946634,0.2039509899964464,0.007622352800891505,2,0.7254142503287002,0.9963476122276484,0.454480888429752,211598.5,218107.217902001,1,1,0,0,0
2023-08-21,2023,8,3,0.19133742446141813,0.1881330574639175,0.1881330574639175,0.1803020648394991,0.1959640500883359,0.0078309926244184,2,0.7490498509109692,0.9999662495304282,0.4981334522915101,207318.0,206256.7014980473,1,1,0,0,0
2023-09-01,2023,9,1,0.19889555482757015,0.19870020889416995,0.19870020889416995,0.1921607493234268,0.2052396684649131,0.006539459570743145,2,0.978673371759955,0.9987747112133734,0.9585720323065364,278927.5,282196.43688530615,2,0,0,0,0
2023-09-11,2023,9,2,0.17884499203518928,0.1788439271881226,0.1788439271881226,0.1626768532499694,0.1950110011262758,0.016167073938153212,2,0.9997079850676183,0.9997167895379414,0.9996991805972952,286378.5,290561.74636066984,2,0,0,0,0
2023-09-21,2023,9,3,0.1931280613871264,0.19312901349463862,0.19312901349463862,0.1906729313234808,0.1955850956657965,0.00245608217115785,2,0.9905513359316303,0.998457750281743,0.9826449215815176,285787.0,290297.207459223,2,0,0,0,0
2023-10-01,2023,10,1,0.18955160748556588,0.17696333700859307,0.17696333700859307,0.1643692645803321,0.189557409436854,0.012594072428260952,2,0.4549886128850489,0.9057877653080392,0.0041894604620586,130513.0,132471.06210356372,1,0,0,0,1
2023-10-11,2023,10,2,0.19933111461528832,0.19922828586106314,0.19922828586106314,0.1950593197103765,0.2033972520117498,0.004168966150686654,2,0.8414160816585274,0.8509417848422239,0.8318903784748309,248872.5,255682.36911725573,2,0,0,0,0
2023-10-21,2023,10,3,0.19283956592219356,0.199689131279163,0.199689131279163,0.1920433393369814,0.2073349232213446,0.0076457919421816095,2,0.5413758745773853,0.9998151061232156,0.0829366430315552,153213.0,153284.49521525073,1,0,0,1,0
2023-11-01,2023,11,1,0.1901071434610305,0.1901071434610305,0.1901071434610305,0.1901071434610305,0.1901071434610305,0.0,1,0.9419638664537942,0.9419638664537942,0.9419638664537942,276944.0,141638.02671226466,1,0,0,0,0
2023-11-11,2023,11,2,0.20425352870685956,0.19607310368914094,0.19607310368914094,0.1861014657018867,0.2060447416763952,0.009971637987254242,2,0.5630781602178813,0.9915168928437266,0.134639427592036,158005.5,159040.65040023104,1,0,1,0,0
2023-11-21,2023,11,3,0.21277871656704586,0.21279657534381996,0.21279657534381996,0.2115772670758052,0.2140158836118347,0.0012193082680147516,2,0.7979689554376408,0.8355970604808415,0.7603408503944402,229245.0,232672.72553447628,2,0,0,0,0
2023-12-01,2023,12,1,0.3033279022110923,0.31364589511333296,0.31364589511333296,0.292222961972674,0.3350688282539919,0.021422933140658962,2,0.6838630200507139,0.9999985325882796,0.367727507513148,193947.5,196172.02855903358,1,1,0,0,0
2023-12-11,2023,12,2,0.4110601964300994,0.42294321406667656,0.42294321406667656,0.3995293911773997,0.4463570369559534,0.023413822889276847,2,0.6186277646036814,0.9801488542449286,0.2571066749624343,184879.5,191367.28992739736,1,1,0,0,0
2023-12-21,2023,12,3,0.5337718797954497,0.5338515530287287,0.5338515530287287,0.523908361505085,0.5437947445523724,0.009943191523643702,2,0.9762051852460556,0.9999867932945156,0.9524235771975956,282873.5,288340.80034696014,2,0,0,0,0
2024-01-01,2024,1,1,0.5395703973654897,0.45673258591071075,0.45673258591071075,0.3621501094970388,0.5513150623243827,0.09458247641367193,2,0.3546418634954921,0.6527898431630353,0.0564938838279489,104860.5,106687.9383436869,1,0,0,1,0
2024-01-11,2024,1,2,0.6359295076773316,0.6338192138749058,0.6338192138749058,0.6211220810394731,0.6465163467103385,0.012697132835432723,2,0.6900356874530429,0.8293473539631856,0.5507240209429001,198382.5,203838.53878749488,2,0,0,0,0
2024-01-21,2024,1,3,0.5824482416042999,0.5810413389627288,0.5810413389627288,0.5689038795826749,0.5931787983427828,0.01213745938005395,2,0.2395512948441021,0.2784046886739293,0.2006979010142749,58190.0,48862.02665765535,0,1,1,0,0
2024-02-01,2024,2,1,0.6575337665769493,0.5900814275595017,0.5900814275595017,0.51459231914337,0.6655705359756333,0.07548910841613166,2,0.39368968937828697,0.7152296792824944,0.0721496994740796,118637.5,123881.18524206748,1,0,0,1,0
2024-02-11,2024,2,2,0.676763568741751,0.676763568741751,0.676763568741751,0.676763568741751,0.676763568741751,0.0,1,0.1875469571750563,0.1875469571750563,0.1875469571750563,60324.0,34115.91262046311,0,0,1,0,0
2024-02-21,2024,2,3,0.6816966499338981,0.6816966499338981,0.6816966499338981,0.6816966499338981,0.6816966499338981,0.0,1,0.8521729432757326,0.8521729432757326,0.8521729432757326,245976.0,126940.81851144569,1,0,0,0,0
2024-03-01,2024,3,1,0.6726586193244318,0.6708508674891909,0.6708508674891909,0.65819109989933,0.6835106350790516,0.012659767589860815,2,0.8803721943087904,0.9869517749812172,0.7737926136363636,250188.5,250009.72655304358,2,0,0,0,0
2024-03-11,2024,3,2,0.5649542444605511,0.5322838985912791,0.5322838985912791,0.4886730448985718,0.5758947522839865,0.04361085369270734,2,0.16981328653268216,0.2875246525169045,0.0521019205484598,39245.0,32363.29893464987,0,1,0,1,0
2024-03-21,2024,3,3,0.6114346019809245,0.5983097324979647,0.5983097324979647,0.5821180889063322,0.6145013760895972,0.0161916435916325,2,0.5483196668388429,0.9993499366078136,0.0972893970698722,158019.0,160484.61935988916,1,0,0,1,0
2024-04-01,2024,4,1,0.5635067431031012,0.5442076452248896,0.5442076452248896,0.5092129129656391,0.5792023774841403,0.034994732259250594,2,0.6438070823159279,0.9999735865890308,0.2876405780428249,184439.5,187337.78535356154,1,1,0,0,0
2024-04-11,2024,4,2,0.4397407575523912,0.4392647221664844,0.4392647221664844,0.4360353230204059,0.4424941213125629,0.0032293991460785043,2,0.6444160581799399,0.7295061279113448,0.559325988448535,180158.0,179607.15389270318,2,0,0,0,0
2024-04-21,2024,4,3,0.41601490828793897,0.41483713920554866,0.41483713920554866,0.4129762661737528,0.4166980122373445,0.0018608730317958289,2,0.563726756198347,0.9968729456235912,0.1305805667731029,169737.5,177918.1572225331,1,0,1,0,0
2024-05-01,2024,5,1,0.33894559920808487,0.33908271950567465,0.33908271950567465,0.3365579466814096,0.3416074923299397,0.0025247728242650536,2,0.9573239986382418,0.999816573534936,0.9148314237415476,272541.0,275655.4303482798,2,0,0,0,0
2024-05-11,2024,5,2,0.28980682003588715,0.2914397067250209,0.2914397067250209,0.284288232745052,0.2985911807049898,0.007151473979968903,2,0.6786705836776858,0.8442371806912096,0.5131039866641622,192895.0,195384.8750793823,2,0,0,0,0
2024-05-21,2024,5,3,0.27580882652057376,0.27487855440976194,0.27487855440976194,0.2700370838490037,0.2797200249705201,0.004841470560758204,2,0.8027270379413974,0.9725682052967694,0.6328858705860255,236063.0,242391.0638184223,2,0,0,0,0
2024-06-01,2024,6,1,0.2587558286900587,0.2587560039025111,0.2587560039025111,0.2505303507578427,0.2669816570471794,0.00822565314466836,2,0.9998627970041323,0.9998664655334336,0.9998591284748308,286420.0,290619.7572832083,2,0,0,0,0
2024-06-11,2024,6,2,0.25229188715729156,0.25229188715729156,0.25229188715729156,0.2513533456660826,0.2532304286485006,0.0009385414912090051,2,0.9999728528831705,0.9999897281179564,0.9999559776483846,286449.0,290654.9635054477,2,0,0,0,0
2024-06-21,2024,6,3,0.24191425210576242,0.24095760661527996,0.24095760661527996,0.2376801262594661,0.2442350869710938,0.00327748035581385,2,0.8086619846450037,0.9999002160030052,0.6174237532870023,225750.0,224971.40037160832,2,0,0,0,0
2024-07-01,2024,7,1,0.23193636241202636,0.2319229491477525,0.2319229491477525,0.2276126456237927,0.2362332526717123,0.0043103035239598075,2,0.9969808003850488,0.999057921675432,0.9949036790946656,285453.5,289482.21538835694,2,0,0,0,0
2024-07-11,2024,7,2,0.22500193350434272,0.22498540039449488,0.22498540039449488,0.2210734426193316,0.2288973581696582,0.003911957775163302,2,0.9963013887584522,0.9999794562359128,0.9926233212809916,285292.0,289431.39567527367,2,0,0,0,0
2024-07-21,2024,7,3,0.225607846884306,0.22564033141380635,0.22564033141380635,0.2248364020479576,0.2264442607796551,0.000803929365848749,2,0.9572689706987227,0.999997065176559,0.9145408762208864,275177.5,279365.8617436383,2,0,0,0,0
2024-08-01,2024,8,1,0.2179006225888948,0.2179006225888948,0.2179006225888948,0.2179006225888948,0.2179006225888948,0.0,1,0.9864132348797896,0.9864132348797896,0.9864132348797896,282150.0,142853.1018769617,1,0,0,0,0
2024-08-11,2024,8,2,0.2063665350824908,0.2064052643359452,0.2064052643359452,0.2054351429060214,0.207375385765869,0.0009701214299237954,2,0.9318269862885048,0.9529577150638616,0.910696257513148,263315.5,265158.7521671471,2,0,0,0,0
2024-08-21,2024,8,3,0.1992398637699797,0.1986464003760183,0.1986464003760183,0.1935185187374139,0.2037742820146227,0.005127881638604392,2,0.896300214829076,0.9982845956987229,0.794315833959429,256986.0,259964.2578610017,2,0,0,0,0
2024-09-01,2024,9,1,0.19791557223734,0.19791557223734,0.19791557223734,0.19791557223734,0.19791557223734,0.0,1,0.6252978845792637,0.6252978845792637,0.6252978845792637,179298.0,88488.0208936809,1,0,0,0,0
2024-09-11,2024,9,2,0.20537174744103412,0.2009874242057449,0.2009874242057449,0.1896271618429863,0.2123476865685035,0.011360262362758597,2,0.7203311361288506,0.9999618472952668,0.4407004249624343,205864.5,209708.47075543797,1,1,0,0,0
2024-09-21,2024,9,3,0.20700909951535618,0.20393967010305325,0.20393967010305325,0.1930579863240678,0.2148213538820387,0.010881683778985463,2,0.7937640871525169,0.999997065176559,0.5875311091284748,224979.0,226707.02748178018,2,0,0,0,0
2024-10-01,2024,10,1,0.2037787275104028,0.19960164310624814,0.19960164310624814,0.1900551320401085,0.2091481541723878,0.009546511066139657,2,0.6945046898478587,0.9999735865890308,0.3890357931066867,199245.5,202183.7085023162,1,1,0,0,0
2024-10-11,2024,10,2,0.1973286636680336,0.1973297416462445,0.1973297416462445,0.1886377941501146,0.2060216891423744,0.008691947496129893,2,0.9972882231404959,0.997966167355372,0.9966102789256198,286252.5,290571.76916593045,2,0,0,0,0
2024-10-21,2024,10,3,0.2103067506224947,0.21009523315945114,0.215257008411257,0.1927772205727267,0.2222514704943697,0.012574200966621686,3,0.9831536243112947,0.999997065176559,0.9494799492862508,282562.6666666667,430721.0257664081,3,0,0,0,0
2024-11-01,2024,11,1,0.2199805897232729,0.2200016369805052,0.2200016369805052,0.2151330186690113,0.2248702552919991,0.004868618311493905,2,0.9545645308978212,0.959854550150263,0.9492745116453796,271353.5,275538.1615907799,2,0,0,0,0
2024-11-11,2024,11,2,0.22521153937690278,0.2255897187516826,0.2255897187516826,0.221723239033552,0.2294561984698132,0.0038664797181305888,2,0.8831690810480841,0.9987512326258452,0.767586929470323,257383.5,264564.3443695916,2,0,0,0,0
2024-11-21,2024,11,3,0.2564650270870954,0.25388210439368797,0.25388210439368797,0.2418726476218152,0.2658915611655607,0.012009456771872734,2,0.7552445294891059,0.992607179752066,0.5178818792261457,227775.0,238081.77538200543,2,0,0,0,0
2024-12-01,2024,12,1,0.2748588410059343,0.25387824158354766,0.25387824158354766,0.2313258188614261,0.2764306643056692,0.022552422722121546,2,0.4876876819590533,0.955009156649136,0.0203662072689706,144180.0,148905.43166877114,1,0,0,0,1
2024-12-11,2024,12,2,0.29402667814592504,0.28492667386374343,0.28492667386374343,0.2723326414670609,0.297520706260426,0.012594032396682553,2,0.577628281132607,0.996309459522915,0.158947102742299,165468.5,168638.9708490016,1,0,1,0,0
2024-12-21,2024,12,3,0.30674940320141847,0.2725408846879718,0.2725408846879718,0.2333644281163278,0.3117173412596157,0.03917645657164395,2,0.5334980747558228,0.9999985325882796,0.0669976169233659,152821.5,155165.70717508288,1,0,0,1,0
