date,year,month,dekad,scene_count,usable_scene_count,coverage_fraction,valid_pixels,agricultural_pixels,crop_equivalent_weight,agricultural_ndvi_weighted,agricultural_ndvi_mean,agricultural_ndvi_median
2018-03-02,2018,3,1,5,5,0.9863516035875282,672171,282610,144190.0788660685,0.6131889594835415,0.5662035346031189,0.5807794332504272
2018-03-12,2018,3,2,6,6,0.793097882231405,540474,232968,118923.84077023598,0.6019691564714229,0.5562201738357544,0.5702778100967407
2018-03-27,2018,3,3,3,3,0.9743584475957926,663998,280638,143730.94711141885,0.5522058672418652,0.5037188529968262,0.5107955932617188
2018-04-01,2018,4,1,3,3,0.5396597365702479,367763,165811,85525.93378390936,0.5460631874509783,0.5010072588920593,0.5057798027992249
2018-04-06,2018,4,1,3,3,0.9870955813298272,672678,283420,144634.1442168713,0.5183218430232538,0.4783800840377807,0.4802256226539612
2018-04-11,2018,4,2,3,3,0.2159076234973704,147135,57036,27465.471667999504,0.4001284091785533,0.3737024962902069,0.3583569526672363
2018-04-16,2018,4,2,3,3,0.9873318346168296,672839,283402,144586.1144430005,0.430388219861554,0.4080075919628143,0.4010747373104095
2018-04-21,2018,4,3,3,2,0.1790051535499624,121987,55193,29171.95705515462,0.3504284043248933,0.3471376597881317,0.3349620699882507
2018-04-26,2018,4,3,3,3,0.6058517444590533,412871,181896,95856.42004062164,0.2777311372966006,0.2711950540542602,0.2577987909317016
2018-05-01,2018,5,1,3,3,0.9004918764087152,613660,263538,135947.89958644123,0.2583566147386436,0.2579792439937591,0.2439823746681213
2018-05-06,2018,5,1,3,1,0.0022378028737791,1525,1140,701.1768321123527,0.3823218684410878,0.3767325282096863,0.374493658542633
2018-05-11,2018,5,2,3,3,0.9893715369083396,674229,284199,144805.72152602152,0.2838823352231293,0.2861437201499939,0.2558190822601318
2018-05-16,2018,5,2,3,3,0.9874815106123216,672941,283660,144725.48477540148,0.2806502055341485,0.2847850024700165,0.2512586712837219
2018-05-21,2018,5,3,3,3,0.9869150896882044,672555,283781,144755.27912236645,0.2570037746836591,0.2620460987091064,0.2291163206100464
2018-05-26,2018,5,3,3,3,0.9676406367392938,659420,276909,140796.52626056597,0.2281361922452629,0.2328395992517471,0.2047678828239441
2018-05-31,2018,5,3,6,6,0.5195796745867769,354079,138880,66727.31566793247,0.2242143875264583,0.2247223258018493,0.1953970342874527
2018-06-05,2018,6,1,3,3,0.9367662941397444,638380,268927,136153.92748968815,0.2369975845586719,0.2425649166107177,0.205278143286705
2018-06-10,2018,6,1,6,6,0.999919292355372,681417,286447,145327.37684960983,0.2301074889894159,0.2356743812561035,0.1995589882135391
2018-06-15,2018,6,2,6,6,0.9993822196656648,681051,286430,145326.16830915952,0.2382871217550887,0.2447093278169632,0.2045344710350036
2018-06-20,2018,6,2,6,6,0.9820785006574004,669259,280496,142114.1019396736,0.2270872300964315,0.2335540801286697,0.1931168586015701
2018-06-25,2018,6,3,3,3,0.970499154770849,661368,279475,142581.17675690833,0.2207439428608518,0.2284739017486572,0.1902199834585189
2018-06-30,2018,6,3,6,6,0.5800766575882795,395306,170037,87049.93870847434,0.2051465421842977,0.2128357589244842,0.1773225665092468
2018-07-05,2018,7,1,6,6,0.998118778174305,680190,286154,145244.04737767077,0.2105744101238521,0.2198966294527053,0.1810074746608734
2018-07-10,2018,7,1,3,3,0.9856545830202856,671696,283364,144591.0771808382,0.2124323726839637,0.222173273563385,0.1857334077358245
2018-07-15,2018,7,2,3,3,0.9741016505447032,663823,278349,141224.7934471527,0.1877241946743414,0.1981218159198761,0.1644124239683151
2018-07-20,2018,7,2,3,3,0.8563756104432757,583596,243980,123118.92981089356,0.191665651050557,0.2007271647453308,0.1679548323154449
2018-07-25,2018,7,3,6,6,0.9999926629413974,681467,286446,145324.48175272386,0.1913557279658579,0.2020462304353714,0.1671039462089538
2018-07-30,2018,7,3,3,3,0.729667543200601,497248,195500,94002.0062021648,0.1709928192726201,0.1851480603218078,0.1590304374694824
2018-08-04,2018,8,1,6,6,0.7316382771412472,498591,199562,96838.23986827112,0.1705674414851008,0.1802320927381515,0.1497821062803268
2018-08-09,2018,8,1,6,6,0.9726298365890308,662820,278963,141101.42226829307,0.1760722315914656,0.1897989213466644,0.1570013463497162
2018-08-14,2018,8,2,6,6,0.7919342247370398,539681,223388,110952.86931522696,0.1631855694513168,0.1757345199584961,0.1493748426437378
2018-08-19,2018,8,2,6,6,0.9255068440082644,630707,266864,134438.29411791597,0.1757586381395149,0.1898099333047866,0.1578529924154281
2018-08-24,2018,8,3,6,6,0.999991195529677,681466,286449,145327.48175272386,0.176906726442664,0.192523643374443,0.1587252020835876
2018-08-29,2018,8,3,6,6,0.9996991805972952,681267,286435,145326.27957674203,0.1720262693236905,0.1878581792116165,0.1530018597841262
2018-09-03,2018,9,1,6,6,0.9999457057663412,681435,286446,145327.10241760727,0.1742467773070629,0.1898228526115417,0.1575794219970703
2018-09-08,2018,9,1,6,6,0.4375836424680691,298201,123845,62321.52104246485,0.156024329562821,0.1737748086452484,0.1463290750980377
2018-09-13,2018,9,2,3,3,0.5629196797520661,383614,164321,83181.31188501621,0.1364889260581465,0.148147165775299,0.1246464699506759
2018-09-18,2018,9,2,3,3,0.9771245186889556,665883,282468,144192.07860881736,0.1719929408666387,0.189085766673088,0.1550569236278534
2018-09-23,2018,9,3,3,3,0.9881022257700977,673364,283801,144639.88082759356,0.1754678005200242,0.1931332349777221,0.158893808722496
2018-09-28,2018,9,3,6,6,0.9999897281179564,681465,286449,145327.48175272386,0.1851844725645272,0.2024509906768798,0.1663576513528823
2018-10-03,2018,10,1,6,6,0.9999794562359128,681458,286442,145325.87648339284,0.1615656132806416,0.1775920093059539,0.1466700136661529
2018-10-08,2018,10,1,3,3,0.2945623591284748,200736,56328,20165.465184307628,0.1556501077192005,0.1604954600334167,0.139556422829628
2018-10-13,2018,10,2,3,3,0.96780205202855,659530,280693,142889.93608156638,0.1721754593877286,0.1895487010478973,0.1551008969545364
2018-10-18,2018,10,2,2,1,0.117055432945154,79770,20648,7339.71446174091,0.1041385666961405,0.1090907081961631,0.1048839837312698
2018-10-23,2018,10,3,3,3,0.4503765378474831,306919,126042,60067.31320975229,0.1607497752820575,0.1723403930664062,0.1447306871414184
2018-10-28,2018,10,3,3,3,0.984702232813674,671047,283266,144687.53240475664,0.2168268779357649,0.2356463372707367,0.19208425283432
2018-11-02,2018,11,1,3,3,0.997633064894816,679859,286006,145253.42490649625,0.2040169157872344,0.2230807691812515,0.1838985681533813
2018-11-07,2018,11,1,3,3,0.9642333067242674,657098,277728,141295.3576987454,0.1927124795429377,0.2120855450630188,0.1754455864429474
2018-11-12,2018,11,2,3,3,0.6534531132607062,445310,188893,94683.07352858482,0.186248426557175,0.2031260281801223,0.1671335846185684
2018-11-17,2018,11,2,3,3,0.9810131597483096,668533,281260,142675.43999614392,0.2343253200463815,0.2542611360549927,0.2160921096801757
2018-11-22,2018,11,3,3,3,0.0558056677310293,38030,7847,1259.1751834621864,0.2404597300016157,0.2667701840400696,0.2529071867465973
2018-11-27,2018,11,3,3,3,0.3796722389181067,258736,94102,42489.297812841294,0.228818341155543,0.2419379353523254,0.2135210037231445
2018-12-02,2018,12,1,3,3,0.0391813603493613,26701,7627,3369.604033936481,0.3141285359254493,0.3350753486156463,0.3057990074157715
2018-12-07,2018,12,1,3,3,0.0175194285311795,11939,4474,2233.6318005810645,0.242021800052222,0.2749755978584289,0.2618771195411682
2018-12-12,2018,12,2,5,5,0.2695870116453794,183716,73982,37455.228850895015,0.3186407853025375,0.3208441436290741,0.2899034321308136
2018-12-17,2018,12,2,3,3,0.8728252958302029,594806,244894,122976.1133178432,0.3357262952310055,0.3449164032936096,0.3267388641834259
2018-12-22,2018,12,3,3,3,0.7911110067618332,539120,223979,108605.98374401606,0.4204409256787899,0.4141097068786621,0.3963826298713684
2018-12-27,2018,12,3,3,3,0.0524482297145003,35742,12917,5679.703047772772,0.1321505660848003,0.1797655373811721,-0.0021125241182744
2019-01-01,2019,1,1,3,3,0.9328365655522164,635702,272855,140720.64928308292,0.5197849281346757,0.5055899620056152,0.5093811750411987
2019-01-06,2019,1,1,5,5,0.2379613542449286,162164,57952,25399.6882066358,0.3865016930817667,0.3741054832935333,0.3575560450553894
2019-01-11,2019,1,2,3,3,0.5196515777610818,354128,155368,83071.46531416065,0.5205596591184525,0.4961039125919342,0.4965273737907409
2019-01-16,2019,1,2,3,3,0.4885688626972201,332946,127302,57125.04208711396,0.4618793627034258,0.4423198103904724,0.4280190765857696
2019-01-21,2019,1,3,3,3,0.9898249671299776,674538,285389,145113.36619728472,0.5350950104221148,0.507249653339386,0.5117584466934204
2019-01-26,2019,1,3,3,3,0.951855688861758,648663,278049,142884.3366565133,0.560534398991266,0.5271141529083252,0.5345118641853333
2019-01-31,2019,1,3,3,3,0.7646755846168295,521105,218246,109761.4204028898,0.537849025154334,0.509365439414978,0.510549783706665
2019-02-05,2019,2,1,3,3,0.9940173624154772,677395,285373,145018.16895605685,0.6004706808104969,0.5592458248138428,0.5737061500549316
2019-02-10,2019,2,1,4,4,0.0473856592787377,32292,11676,5749.875357811525,0.5949734901817939,0.5717200636863708,0.5631856918334961
2019-02-15,2019,2,2,3,3,0.4376115232907588,298220,114536,54387.00252151756,0.5123783584826693,0.4789766669273376,0.468719869852066
2019-02-20,2019,2,2,3,3,0.3092423459804658,210740,82643,40263.16484111038,0.5074817623316491,0.4802275598049164,0.4773469269275665
2019-02-25,2019,2,3,3,3,0.8828667942336589,601649,258879,130912.19764938162,0.6092965439523028,0.5657309889793396,0.5712416172027588
2019-03-02,2019,3,1,3,3,0.1374333795078888,93657,37752,18133.697564040656,0.5916901681002797,0.5497768521308899,0.5333657264709473
2019-03-07,2019,3,1,4,4,0.4475972600488355,305025,117143,53180.14234103049,0.5957128402966125,0.5568622350692749,0.5626394152641296
2019-03-12,2019,3,2,3,3,0.5055600230090158,344525,144135,72323.40579504285,0.6450957708740986,0.5995779633522034,0.6203780770301819
2019-03-17,2019,3,2,3,3,0.4288246619083396,292232,141340,78789.8854955187,0.6382522394991947,0.604493260383606,0.6435642838478088
2019-03-22,2019,3,3,3,3,0.9012446586213372,614173,261567,134062.59853853032,0.6320522090598027,0.5887775421142578,0.6172940731048584
2019-03-27,2019,3,3,6,6,0.2955411227460556,201403,90905,46921.7133227618,0.5613518098063126,0.5370888710021973,0.5540080070495605
2019-04-01,2019,4,1,6,6,0.0360000117392937,24533,4216,1419.179094769068,0.4686299042079918,0.4832515120506286,0.5026870369911194
2019-04-06,2019,4,1,10,9,0.0116864669421487,7964,3237,1725.7263860972016,0.4830930398612457,0.4630683064460754,0.4474206864833832
2019-04-11,2019,4,2,6,6,0.8402663645755072,572618,249674,127657.758769761,0.609555621268163,0.5725478529930115,0.5961867570877075
2019-04-16,2019,4,2,6,6,0.1388112791134485,94596,44923,26226.718869232296,0.4804867598884733,0.4676088988780975,0.4651955664157867
2019-04-21,2019,4,3,6,6,0.4925279395191585,335644,157639,86562.83476719861,0.5518131398242503,0.5314397215843201,0.5395530462265015
2019-04-26,2019,4,3,6,6,0.8653385612321562,589704,240342,118116.85516465043,0.5032857681889181,0.4813917577266693,0.4823292791843414
2019-05-01,2019,5,1,6,6,0.6707803108564989,457118,189605,95826.82957609328,0.4793213635335862,0.4661958515644073,0.4690539836883545
2019-05-06,2019,5,1,9,9,0.7990453019346356,544527,236605,122145.62008469497,0.4155360336370512,0.4040530920028686,0.3896699249744415
2019-05-11,2019,5,2,6,6,0.9694206071562734,660633,281081,142683.12661043822,0.3870267632320265,0.3817064464092254,0.3670322597026825
2019-05-16,2019,5,2,6,6,0.94617387067994,644791,268462,137156.60284637354,0.3360587553852653,0.3342523276805877,0.3161991834640503
2019-05-21,2019,5,3,6,6,0.9451481498873028,644092,268607,136732.66054713994,0.3045588626229762,0.3057371973991394,0.2863464951515198
2019-05-26,2019,5,3,6,6,0.986526225582269,672290,283547,144877.89674200932,0.2997309882736853,0.3035854995250702,0.2798983454704284
2019-05-31,2019,5,3,6,6,0.9623315411344854,655802,273962,138434.87268806045,0.265062815244321,0.2703006863594055,0.246276706457138
2019-06-05,2019,6,1,6,6,0.1560210837716003,106324,27394,8339.971020018826,0.2262955206622158,0.2410063296556472,0.2297850251197815
2019-06-10,2019,6,1,6,6,0.9999574450601052,681443,286441,145326.0538913997,0.2727700114268264,0.2768509089946747,0.2446886748075485
2019-06-15,2019,6,2,6,6,0.8824926042449286,601394,259766,132260.65756679524,0.2491642910638031,0.2534075379371643,0.2236118167638778
2019-06-20,2019,6,2,6,6,0.8573793200601052,584280,240015,119511.75320394244,0.242972966071429,0.2466612160205841,0.2186388075351715
2019-06-25,2019,6,3,9,9,0.9998796722389182,681390,286440,145323.1378878401,0.2546940445757461,0.2588467299938202,0.2242034673690796
2019-06-30,2019,6,3,7,7,0.969223973985725,660499,278673,141022.98904522456,0.2423015011559753,0.2465452849864959,0.2132846564054489
2019-07-05,2019,7,1,6,6,0.994290300995492,677581,286054,145271.14330625837,0.2426817259018233,0.2468149363994598,0.2136609256267547
2019-07-15,2019,7,2,6,6,0.909972823534936,620121,259490,132051.74276413937,0.2335388287144623,0.2377748191356659,0.2059305310249328
2019-07-20,2019,7,2,6,6,0.9748456282870024,664330,278910,141608.2187266897,0.2301821284778031,0.2352984547615051,0.2049395740032196
2019-07-25,2019,7,3,6,6,0.9923753287002254,676276,284287,144506.71714479633,0.2362809638280907,0.2423839271068573,0.2106843739748001
2019-07-30,2019,7,3,6,6,0.9988407447407964,680682,286059,145268.801397091,0.2353388604309236,0.2429613471031189,0.210687831044197
2019-08-04,2019,8,1,6,6,0.9997021154207364,681269,286367,145291.46530475322,0.2182753788476006,0.2268511205911636,0.1967507451772689
2019-08-09,2019,8,1,6,6,0.9875079240232908,672959,282699,143506.41246881415,0.2210493131336479,0.2301432490348816,0.2009764611721038
2019-08-14,2019,8,2,6,6,0.9998591284748308,681376,286445,145327.3611482777,0.2038705837848926,0.213639885187149,0.1866081953048706
2019-08-19,2019,8,2,6,6,0.9491512490608564,646820,273875,139228.1438257484,0.2118332028436344,0.2228643000125885,0.1964572668075561
2019-08-24,2019,8,3,6,6,1.0,681472,286449,145327.48175272386,0.2016849079701695,0.2143079191446304,0.1873845905065536
2019-08-29,2019,8,3,6,6,0.9965545172802404,679124,286121,145220.8011908261,0.1906639684758237,0.2034426033496856,0.1816058009862899
2019-09-03,2019,9,1,6,6,0.9918896154207364,675945,285326,144770.61668683478,0.2080269025810381,0.222699299454689,0.1976049244403839
2019-09-08,2019,9,1,6,6,0.670731886269722,457085,191390,95391.68290236202,0.173262451491485,0.1863949745893478,0.1675014644861221
2019-09-13,2019,9,2,6,6,0.98348428108565,670217,281257,142130.4129096646,0.1982402069979716,0.2146891057491302,0.1907141506671905
2019-09-18,2019,9,2,6,6,0.9999897281179564,681465,286449,145327.48175272386,0.2037472987362634,0.2202454954385757,0.1957883387804031
2019-09-23,2019,9,3,6,6,0.9999383687077386,681430,286449,145327.48175272386,0.2093549761350271,0.2270689606666565,0.2022357285022735
2019-09-28,2019,9,3,6,6,0.9654424539819684,657922,283073,144561.4380409842,0.1982453138275085,0.2152100354433059,0.1921825855970382
2019-10-08,2019,10,1,6,6,0.970763288880541,661548,279604,142155.5477927893,0.1961534396511821,0.2132647037506103,0.1887196600437164
2019-10-13,2019,10,2,6,6,1.0,681472,286449,145327.48175272386,0.1972419972741411,0.2146890610456466,0.191565454006195
2019-10-18,2019,10,2,6,6,0.4832905827385425,329349,122729,54128.6266584406,0.2209237382692534,0.2329633384943008,0.2008828520774841
2019-10-23,2019,10,3,6,6,0.1688550666791886,115070,45078,21558.56679744066,0.1726491390338461,0.1955989450216293,0.1748293340206146
2019-10-28,2019,10,3,6,6,0.6761906578700225,460805,181082,86785.70598069648,0.1914640890193516,0.2076461762189865,0.1775713562965393
2019-11-02,2019,11,1,6,6,0.5098301911157025,347435,128454,59254.35609427077,0.1797885013897547,0.1942113488912582,0.1634152978658676
2019-11-07,2019,11,1,6,6,0.9999501080015026,681438,286438,145325.5402344992,0.1909352564061734,0.2084151357412338,0.1801073998212814
2019-11-12,2019,11,2,6,6,0.9999442383546204,681434,286441,145326.64617583057,0.2173196117842859,0.2360587269067764,0.2032098919153213
2019-11-17,2019,11,2,6,6,0.9923459804658152,676256,284779,144421.10984152072,0.2336509459301049,0.2519861757755279,0.2194260656833648
2019-11-22,2019,11,3,6,6,0.568419538880541,387362,168593,87922.81944592294,0.2199812235358672,0.2387886196374893,0.2064169943332672
2019-11-27,2019,11,3,6,6,0.9971840369083396,679553,286021,145168.43655468046,0.2020319179772015,0.2195274233818054,0.1889160275459289
2019-12-02,2019,12,1,6,6,0.5922268266341096,403586,169555,86794.44651733415,0.2175456227201989,0.2346277236938476,0.1982861161231994
2019-12-07,2019,12,1,6,6,0.958099525732532,652918,276989,141008.13364987815,0.2325653863758177,0.2503680288791656,0.2121894359588623
2019-12-12,2019,12,2,6,3,0.0005223985725018,356,149,109.16356261726467,0.1019243391715726,0.1056464537978172,0.09633070230484
2019-12-17,2019,12,2,6,6,0.9999090204733284,681410,286435,145322.69793051336,0.2816997989273527,0.2946392595767975,0.2697869539260864
2019-12-22,2019,12,3,6,6,0.9995597764838468,681172,286405,145316.45625946642,0.3160741688908561,0.3221629559993744,0.29979008436203
2019-12-27,2019,12,3,6,6,0.0444581728963185,30297,14575,8347.620841227283,0.2584433095636873,0.2714906930923462,0.275434285402298
2020-01-01,2020,1,1,6,6,0.4139142914162284,282071,129894,68184.6228682352,0.3425900366313285,0.3467986285686493,0.318805456161499
2020-01-06,2020,1,1,6,6,0.9912806395567244,675530,284867,144581.1324766763,0.3934115866448232,0.3865870535373688,0.3704943656921386
2020-01-11,2020,1,2,6,6,0.742601310105184,506062,229515,121412.79596711272,0.3848629105937259,0.377082347869873,0.3656920194625854
2020-01-16,2020,1,2,6,6,0.1358867275544703,92603,40697,21386.337795416868,0.3014486202235699,0.2861961126327514,0.278008222579956
2020-01-21,2020,1,3,6,6,0.2265801089406461,154408,78261,42363.06306755121,0.3927655324645131,0.3781525492668152,0.3521345853805542
2020-01-26,2020,1,3,6,6,0.992400274699474,676293,284191,143747.63825434246,0.4768767957855986,0.4540086090564728,0.4427341818809509
2020-01-31,2020,1,3,6,6,0.434949638429752,296406,139670,77967.41508388265,0.4990764889307088,0.4740597307682037,0.4638609588146209
2020-02-05,2020,2,1,6,6,0.9523795548459804,649020,274151,139398.82536147727,0.5217504803628172,0.4894157350063324,0.4843557476997375
2020-02-10,2020,2,1,6,6,0.1369858189331329,93352,34557,15069.892014958494,0.4708499472698302,0.4554536342620849,0.4423049688339233
2020-02-15,2020,2,2,6,6,0.7463256010518408,508600,207217,103388.77073015324,0.5266412470189031,0.493194043636322,0.4754810035228729
2020-02-20,2020,2,2,6,6,0.1653919750187828,112710,48624,25811.24123825548,0.4601188271965924,0.4337947368621826,0.4203861057758331
2020-02-25,2020,2,3,6,6,0.3472233635424492,236623,109630,57818.81648031874,0.4966889001997551,0.4760372936725616,0.4879657030105591
2020-03-01,2020,3,1,6,6,0.286236265026296,195062,76298,37170.84950640096,0.5286628184288574,0.4896506667137146,0.4760907888412475
2020-03-06,2020,3,1,6,6,0.0297224243989481,20255,7655,3159.8827381516094,0.413723197686993,0.4105595052242279,0.403124988079071
2020-03-11,2020,3,2,6,6,0.994677697689707,677845,285227,144989.55240883326,0.6172336023586064,0.5744191408157349,0.595187783241272
2020-03-16,2020,3,2,6,6,0.9080754601803156,618828,260581,132287.03612928325,0.6244009370659448,0.5841400027275085,0.6097166538238525
2020-03-21,2020,3,3,6,5,0.2088009485349361,142292,51463,24610.016403718622,0.5132730481244195,0.4879032969474792,0.4832861721515655
2020-03-26,2020,3,3,6,6,0.9021515190646132,614791,262696,134748.16859929543,0.6284823264079886,0.5867049694061279,0.6112338304519653
2020-03-31,2020,3,3,6,2,4.402235161532682e-06,3,2,1.0912071093916893,0.1120038241791876,0.2269025892019271,0.2269025892019271
2020-04-05,2020,4,1,6,6,0.3553322807099925,242149,106588,52740.67111407778,0.5142913223147301,0.4856865704059601,0.4918304979801178
2020-04-10,2020,4,1,6,6,0.1040072079263711,70878,28044,15239.861839655368,0.5586571870179887,0.5219103097915649,0.5312111377716064
2020-04-15,2020,4,2,6,6,0.946995621243426,645351,278028,141785.4567412092,0.5814353815681501,0.546127438545227,0.5628678798675537
2020-04-20,2020,4,2,6,6,0.9469589359504132,645326,272940,138374.43057396516,0.5307996983495707,0.5043883919715881,0.5051510334014893
2020-04-25,2020,4,3,6,6,0.3791571774042073,258385,114638,63986.28421885358,0.4216120727090766,0.408412754535675,0.3902844786643982
2020-04-30,2020,4,3,6,6,0.9609477718820436,654859,279441,141941.07001253485,0.458422790440372,0.4442789554595947,0.4351244568824768
2020-05-05,2020,5,1,6,6,0.1857200295830202,126563,45602,16967.275566365883,0.3188032571048714,0.3139199018478393,0.3048983812332153
2020-05-10,2020,5,1,6,6,0.7018512866265966,478292,189930,92984.7689229482,0.3712075337888648,0.3669492602348327,0.345202773809433
2020-05-15,2020,5,2,6,6,0.3546117815552216,241658,110222,58251.944260717806,0.3452970730269662,0.3359447717666626,0.3094078302383423
2020-05-20,2020,5,2,6,6,0.999988260706236,681464,286449,145327.48175272386,0.3075980087730752,0.3097604215145111,0.2861420810222626
2020-05-25,2020,5,3,6,6,0.9034311020848984,615663,261894,133686.6663779834,0.2977833043727712,0.3022124469280243,0.2740271687507629
2020-05-30,2020,5,3,6,6,0.9927818017468067,676553,285768,145129.29955886613,0.2936677937419927,0.2996518909931183,0.2678896188735962
2020-06-04,2020,6,1,6,6,0.8578973163974455,584633,255705,135037.69461379954,0.2709785932962882,0.2776046693325043,0.2425755560398101
2020-06-09,2020,6,1,6,6,0.9998033668294516,681338,286438,145324.83706651354,0.2696855234450331,0.276315689086914,0.2418470382690429
2020-06-14,2020,6,2,6,6,0.9981041040571,680180,286180,145248.38957833202,0.2620425001086061,0.2687876224517822,0.2317627072334289
2020-06-19,2020,6,2,6,6,0.6183188744365139,421367,182652,95767.13498837988,0.2479802301980873,0.2538861632347107,0.2132622003555297
2020-06-24,2020,6,3,6,6,0.9899247511269722,674606,284923,144657.04402857018,0.2511983456536299,0.2589213252067566,0.220314472913742
2020-06-29,2020,6,3,6,6,0.9415588608189333,641646,266797,133433.50959860592,0.2372739145490431,0.2441971600055694,0.2096581161022186
2020-07-04,2020,7,1,6,6,0.9995612438955672,681173,286420,145321.92840160936,0.236423532268737,0.2450756281614303,0.2067049145698547
2020-07-09,2020,7,1,6,6,0.8026096450037565,546956,234735,119221.35118974146,0.2212104374334167,0.2291641384363174,0.1956904679536819
2020-07-14,2020,7,2,6,6,0.9949462340345604,678028,286185,145300.2247001846,0.2289617349825223,0.2381205260753631,0.2009073197841644
2020-07-19,2020,7,2,6,6,0.999997065176559,681470,286449,145327.48175272386,0.2271980250702439,0.2365293949842453,0.1998246610164642
2020-07-24,2020,7,3,6,6,0.9999721191773104,681453,286444,145327.10594473447,0.2240425838251945,0.2343852072954177,0.1989297121763229
2020-07-29,2020,7,3,6,6,0.9999985325882795,681471,286449,145327.48175272386,0.19980936038557326,0.20959685742855072,0.17819343507289886
2020-08-03,2020,8,1,6,6,0.9951927592036063,678196,286108,145217.0206397841,0.21543879282126585,0.22756263613700867,0.1923266351222992
2020-08-08,2020,8,1,6,6,0.9555829146318557,651203,274255,138826.14482760045,0.1992905650350601,0.21030107140541077,0.17996548116207123
2020-08-13,2020,8,2,6,6,0.9955860255447032,678464,285650,144897.50219018338,0.20592709292424893,0.2198440283536911,0.18690212070941925
2020-08-18,2020,8,2,6,6,0.9994643947220135,681107,286286,145254.43742232834,0.20648348769088773,0.22194400429725647,0.18950462341308594
2020-08-23,2020,8,3,10,10,0.9699606146694215,661001,275253,138055.82690382816,0.20097482256773277,0.217215433716774,0.18694272637367249
2020-08-28,2020,8,3,6,6,0.9965794632794891,679141,286182,145287.29279636987,0.200529713189482,0.2179097682237625,0.1885354220867157
2020-09-02,2020,9,1,6,6,0.9998327150638617,681358,286442,145327.1498629492,0.18510514010400014,0.2022673636674881,0.1756681352853775
2020-09-07,2020,9,1,6,6,0.9999985325882795,681471,286449,145327.48175272386,0.18487183463071485,0.20158927142620087,0.17670480906963348
2020-09-12,2020,9,2,6,6,0.9999853258827949,681462,286448,145327.4526825011,0.1855771516936811,0.20446136593818665,0.17712920904159546
2020-09-17,2020,9,2,6,6,0.9999985325882795,681471,286449,145327.48175272386,0.18907839443796903,0.20797134935855865,0.18282490968704224
2020-09-22,2020,9,3,6,6,0.9606689636551465,654669,274001,137756.96235010462,0.1830850344366439,0.202357217669487,0.17627020180225372
2020-09-27,2020,9,3,6,6,1.0,681472,286449,145327.48175272386,0.19221955649177216,0.21236447989940643,0.1833021491765976
2020-10-02,2020,10,1,6,6,0.9643140143688955,657153,274624,138029.33531192652,0.19150996305843385,0.21178655326366425,0.1831762194633484
2020-10-07,2020,10,1,6,6,0.9999838584710744,681461,286448,145327.4457989451,0.19853825409595333,0.218977153301239,0.1885986328125
2020-10-12,2020,10,2,6,6,0.9997505400075132,681302,286437,145326.88274115854,0.17833745861064948,0.19842979311943054,0.1725291609764099
2020-10-17,2020,10,2,6,6,0.985242240326822,671415,282457,143825.30450145478,0.1998617510123576,0.2209295928478241,0.19229035079479218
2020-10-22,2020,10,3,6,6,0.9999897281179564,681465,286449,145327.48175272386,0.18691906553696888,0.207164004445076,0.180533766746521
2020-10-27,2020,10,3,6,6,0.9963725582268971,679000,285930,145216.07208147077,0.19380714119229628,0.21401646733283997,0.18585053086280823
2020-11-01,2020,11,1,6,6,0.6105606686701728,416080,163123,78454.04974513873,0.17013980099848278,0.19088512659072876,0.1683717519044876
2020-11-06,2020,11,1,6,6,0.7197889274981217,490516,218459,115643.08646335945,0.19007718048057998,0.21144871413707733,0.17249828577041626
2020-11-11,2020,11,2,6,6,0.7106953770661157,484319,217641,112735.54423492668,0.2126942171081141,0.23297818005084991,0.20307286083698273
2020-11-16,2020,11,2,6,6,0.7292082433320811,496935,207343,104178.4716376962,0.2521529688250078,0.2686801254749298,0.24274863302707672
2020-11-21,2020,11,3,6,6,0.6257982719759579,426464,191753,100742.02521828459,0.2502026045967558,0.2793869972229004,0.2527022957801819
2020-11-26,2020,11,3,6,5,0.016038810105184074,10930,3631,1383.7689109139574,0.36157829516250684,0.3487395644187927,0.31892046332359314
2020-12-01,2020,12,1,6,6,0.9999134227084898,681413,286449,145327.48175272386,0.3787575494012134,0.39003556966781616,0.3669244945049286
2020-12-06,2020,12,1,6,6,0.6992246196468821,476502,209190,107923.86280413023,0.3661250221188456,0.3760165274143219,0.35388362407684326
2020-12-11,2020,12,2,6,6,0.9999794562359129,681458,286437,145326.29027895365,0.45348058450441675,0.45167186856269836,0.43558841943740845
2020-12-16,2020,12,2,6,4,0.07448141669797145,50757,19710,10026.177146731487,0.5053243878884845,0.5322346687316895,0.5223175287246704
2020-12-21,2020,12,3,6,6,0.9999941303531179,681468,286448,145327.4716122797,0.5160357267677271,0.5025628805160522,0.49376463890075684
2020-12-26,2020,12,3,6,6,0.9999897281179564,681465,286449,145327.48175272386,0.5549830345515194,0.5347142219543457,0.5293949246406555
2020-12-31,2020,12,3,6,6,0.996771694214876,679272,284853,144448.4007924219,0.5409875807335445,0.5162113904953003,0.5082165002822876
2021-01-05,2021,1,1,6,6,0.998718949567994,680599,286388,145314.74554654444,0.5416005728103463,0.5096268057823181,0.4996525049209595
2021-01-10,2021,1,1,6,6,0.9999985325882795,681471,286449,145327.48175272386,0.5715013915604242,0.5319973826408386,0.5294895768165588
2021-01-15,2021,1,2,6,6,0.4667807334710744,318098,143139,74268.86650881628,0.5616849158436144,0.5371173620223999,0.5317696332931519
2021-01-20,2021,1,2,6,4,0.04874888476709241,33221,12668,6624.238214827412,0.5348085850444775,0.4614887237548828,0.4643150269985199
2021-01-25,2021,1,3,6,6,0.7295486828512396,497167,219983,112595.91397793547,0.602653897700176,0.5579200983047485,0.5621903538703918
2021-01-30,2021,1,3,6,6,0.0015084992486851991,1028,272,107.50169624436967,0.3842670831264918,0.43719178438186646,0.3791309595108032
2021-02-04,2021,2,1,6,5,0.04933144722013524,33618,12159,7205.069420073372,0.6539789855071948,0.6143327355384827,0.650174617767334
2021-02-09,2021,2,1,6,6,0.9959660851803156,678723,285651,144966.07711601624,0.6707421691629636,0.6188791394233704,0.6438431739807129
2021-02-14,2021,2,2,6,6,0.9979881785311796,680101,286376,145319.83139895677,0.674518367400385,0.6213043332099915,0.6448811888694763
2021-02-19,2021,2,2,6,4,0.013588232531930878,9260,3103,1141.805212924468,-0.027846154779624457,-0.026476217433810234,-0.02425498329102993
2021-02-24,2021,2,3,6,6,0.9924985912847483,676360,285172,145039.81403307576,0.6593647681795943,0.6064939498901367,0.6321213245391846
2021-03-01,2021,3,1,6,6,0.19941538317054847,135896,56829,28514.74374363677,0.5425450456167445,0.5097073912620544,0.4989134967327118
2021-03-06,2021,3,1,6,6,0.9906144346356123,675076,284812,145061.7723122958,0.6841723078063353,0.6306485533714294,0.6612650156021118
2021-03-11,2021,3,2,6,6,0.06826105841472577,46518,23678,12724.38508293978,0.5170374720046039,0.49190616607666016,0.5075179934501648
2021-03-16,2021,3,2,6,6,0.6793235818933133,462940,189657,94068.08567971394,0.5734368908500793,0.5316842198371887,0.5362552404403687
2021-03-21,2021,3,3,6,6,0.9999677169421488,681450,286448,145327.4526825011,0.6255631433773077,0.5775947570800781,0.5819862484931946
2021-03-26,2021,3,3,9,6,0.03344818275732532,22794,7518,3218.3613305588697,0.49381590837257716,0.4830571115016937,0.4831244945526123
2021-03-31,2021,3,3,6,6,0.6782156860443276,462185,190696,96770.25773208597,0.5580211269283046,0.5166525840759277,0.5152405500411987
2021-04-05,2021,4,1,9,6,0.45044697361006764,306967,119125,53892.54088846354,0.4397248905179615,0.41680657863616943,0.4074002206325531
2021-04-10,2021,4,1,6,6,0.046311513899323815,31560,11977,5896.889706843742,0.4394986445741624,0.4140543043613434,0.3945300877094269
2021-04-15,2021,4,2,9,9,1.0,681472,286449,145327.48175272386,0.48851861087342474,0.46662789583206177,0.4538373649120331
2021-04-20,2021,4,2,6,6,0.7805236311983471,531905,225965,116692.86271550001,0.41799732917595733,0.4087494909763336,0.3959847390651703
2021-04-25,2021,4,3,6,6,0.9999985325882795,681471,286448,145327.4772016126,0.3788643190567764,0.3723497688770294,0.3525436818599701
2021-04-30,2021,4,3,6,6,0.8942891270661157,609433,259216,131687.9798506167,0.3351023711162526,0.3327266275882721,0.3085947632789612
2021-05-05,2021,5,1,6,6,0.9898146952479339,674531,285063,144692.69704897684,0.3029018202898767,0.3067987263202667,0.2831936776638031
2021-05-10,2021,5,1,6,6,0.9995627113072878,681174,286392,145313.51816867397,0.28011239191750814,0.2859850823879242,0.2623366713523865
2021-05-15,2021,5,2,6,6,0.999810703888054,681343,286435,145324.5651375965,0.2810992339545668,0.2883048951625824,0.2597942054271698
2021-05-20,2021,5,2,6,6,0.9999779888241923,681457,286448,145327.47515361285,0.264216975443498,0.27149897813796997,0.2414962202310562
2021-05-25,2021,5,3,6,6,0.9999691843538693,681451,286448,145327.3276976053,0.25817848049671044,0.2656780183315277,0.23345938324928284
2021-05-30,2021,5,3,6,6,0.9209608024981217,627609,268613,137609.85995765543,0.2546788158764132,0.2642780542373657,0.23110854625701904
2021-06-04,2021,6,1,6,6,0.9992222717881293,680942,286390,145315.89531368064,0.24766461371749532,0.25593283772468567,0.2227674275636673
2021-06-09,2021,6,1,6,6,0.9998782048271976,681389,286436,145323.92038740817,0.2352997886144919,0.24363352358341217,0.20968136191368103
2021-06-14,2021,6,2,9,9,0.9957841261269722,678599,286051,145165.5352782036,0.2248161563176727,0.23247553408145905,0.20068594813346863
2021-06-19,2021,6,2,6,6,0.9619118613824192,655516,274642,139715.4169049392,0.23091776609746664,0.2390149086713791,0.20726360380649567
2021-06-24,2021,6,3,6,6,0.9998004320060105,681336,286445,145326.63166207116,0.2283394093439405,0.2374059110879898,0.2039167582988739
2021-06-29,2021,6,3,6,6,0.9999677169421488,681450,286445,145326.7371198539,0.2234713444965268,0.23275911808013916,0.19886550307273865
2021-07-04,2021,7,1,7,7,0.9069983799774606,618094,257622,129926.84864228073,0.21129631945488192,0.22034615278244019,0.18775717914104462
2021-07-09,2021,7,1,6,6,0.9999427709429001,681433,286441,145325.46182742313,0.21518978869280672,0.22576655447483063,0.19326913356781006
2021-07-14,2021,7,2,6,6,0.9999721191773103,681453,286448,145327.42888161208,0.21096833250597025,0.22185246646404266,0.19031447172164917
2021-07-19,2021,7,2,6,6,0.999997065176559,681470,286448,145327.46172783565,0.20162028460549627,0.21280397474765778,0.18268445134162903
2021-07-24,2021,7,3,6,6,0.42620092975206614,290444,120695,60217.96353195673,0.19521676247498557,0.20417189598083496,0.17370100319385529
2021-07-29,2021,7,3,6,6,0.9986675901577761,680564,286110,145157.26378292718,0.2019927878250056,0.21472279727458954,0.18543720245361328
2021-08-03,2021,8,1,6,6,0.9999941303531179,681468,286449,145327.48175272386,0.20717182662091296,0.22099313139915466,0.19092606008052826
2021-08-08,2021,8,1,6,6,0.853644757231405,581735,235735,116539.29903022578,0.1812056768695124,0.19459541141986847,0.17374253273010254
2021-08-13,2021,8,2,7,7,0.9985545994552968,680487,286176,145215.9390968235,0.19330257340089083,0.20889483392238617,0.18216869235038757
2021-08-18,2021,8,2,6,6,0.9992750986100676,680978,286327,145287.8375216353,0.1970094637378639,0.2134670615196228,0.1869981586933136
2021-08-23,2021,8,3,6,6,0.9427782799586777,642477,268059,135206.04762522044,0.18724250375814502,0.20455363392829895,0.1776629388332367
2021-08-28,2021,8,3,6,6,0.9999941303531179,681468,286448,145327.42577405687,0.1762681626915391,0.1918834000825882,0.16937842965126038
2021-09-02,2021,9,1,8,8,0.9993088490796393,681001,286414,145322.5140585042,0.19242909100957453,0.21032266318798065,0.1867293268442154
2021-09-07,2021,9,1,6,6,0.697133557945154,475077,198006,97410.33367503235,0.17773673000688406,0.19393828511238098,0.17365390062332153
2021-09-12,2021,9,2,7,7,0.6406103258827949,436558,190280,96848.247706276,0.17906519151313158,0.19622795283794403,0.17257946729660034
2021-09-17,2021,9,2,6,6,0.9046916087528174,616522,262929,132744.99623448652,0.18938841369255494,0.20848757028579712,0.18258213996887207
2021-09-22,2021,9,3,6,6,0.9808634837528174,668431,280505,142147.76939000742,0.18142540325647943,0.20084403455257416,0.17607493698596954
2021-09-27,2021,9,3,12,12,0.9998356498873028,681360,286426,145320.3440460129,0.23780817196737533,0.24047143757343292,0.21039505302906036
2021-10-02,2021,10,1,6,6,0.7569892820247934,515867,223028,114403.31825626799,0.16797821799427745,0.184978187084198,0.16677546501159668
2021-10-07,2021,10,1,6,6,0.9986176981592787,680530,286402,145322.04493850336,0.2066750824205176,0.22711485624313354,0.20052534341812134
2021-10-12,2021,10,2,6,4,0.015084992486851991,10280,2825,785.5432891608652,0.15753366916614328,0.16996899247169495,0.17050102353096008
2021-10-17,2021,10,2,6,6,0.7461788598797896,508500,211699,106462.94461342275,0.18287974031075938,0.1995576024055481,0.18020564317703247
2021-10-22,2021,10,3,6,6,0.9930518055033809,676737,285803,145113.7334151204,0.20030732617245905,0.2211500108242035,0.19326555728912354
2021-10-27,2021,10,3,7,7,0.9999985325882795,681471,286449,145327.48175272386,0.1942160288020604,0.21435654163360596,0.18920645117759705
2021-11-01,2021,11,1,6,4,0.009643829827197596,6572,2319,718.6998540102577,0.14011217968630038,0.1434900015592575,0.13682571053504944
2021-11-06,2021,11,1,5,5,0.995010800150263,678072,283953,143598.83154165477,0.2127331071374377,0.23373259603977203,0.20080454647541046
2021-11-11,2021,11,2,6,6,0.9999897281179564,681465,286449,145327.48175272386,0.21148858939505658,0.23268678784370422,0.20028884708881378
2021-11-16,2021,11,2,6,6,0.9893876784372652,674240,283713,144128.75695880692,0.19296492697259152,0.21307265758514404,0.18482942879199982
2021-11-21,2021,11,3,6,6,0.29534889181066865,201272,94176,52073.4737782676,0.1687419567782702,0.18920114636421204,0.16428548097610474
2021-11-26,2021,11,3,6,6,0.43494230137114953,296401,125297,62986.36055050243,0.22220252663039544,0.23732247948646545,0.20106400549411774
2021-12-01,2021,12,1,6,6,0.09354602977084898,63749,26153,13171.027385691068,0.2719712770556405,0.2858497202396393,0.2612797021865845
2021-12-06,2021,12,1,6,6,0.9860023595980466,671933,283271,144038.7347658252,0.2514194777558757,0.2695881128311157,0.2410496473312378
2021-12-11,2021,12,2,6,6,0.9999941303531179,681468,286448,145327.39670383226,0.26328983240550524,0.2781607508659363,0.2526082992553711
2021-12-16,2021,12,2,6,6,0.07022739012021037,47858,19997,10627.272046250015,0.1931374030509859,0.21845830976963043,0.2073899805545807
2021-12-21,2021,12,3,6,6,0.08129460931630353,55400,18961,7945.531863620943,0.20623932052463542,0.23209089040756226,0.24096930027008057
2021-12-26,2021,12,3,6,6,0.9997373333020285,681293,286449,145327.48175272386,0.3630591315545923,0.37041324377059937,0.3489384055137634
2021-12-31,2021,12,3,6,6,0.510632865326822,347982,136661,68249.40248338252,0.2999735622241132,0.2997354567050934,0.2766532003879547
2022-01-05,2022,1,1,3,2,0.013538340533433509,9226,1511,405.60420298376994,0.28116757148533217,0.33077022433280945,0.32330211997032166
2022-01-10,2022,1,1,3,3,0.9610358165852743,654919,281279,144028.6205829272,0.45442494334030403,0.4373374879360199,0.4256535470485687
2022-01-15,2022,1,2,3,3,0.11253140261081894,76687,26136,11676.53939995703,0.38283021486795754,0.36005017161369324,0.32500964403152466
2022-01-20,2022,1,2,3,3,0.58668441256574,399809,169653,85665.62693950468,0.5054630479239108,0.4735413193702698,0.4617258310317993
2022-01-25,2022,1,3,3,3,0.7291583513335838,496901,195285,95505.21408751771,0.35301200932263416,0.3401995003223419,0.3215186893939972
2022-01-30,2022,1,3,3,3,0.9907861218069121,675193,284819,144824.27134901556,0.5421947370718253,0.5070909857749939,0.5021684765815735
2022-02-04,2022,2,1,3,3,0.03371084945529677,22973,7013,1921.9379144916493,0.2309843707097018,0.23899023234844208,0.23452240228652954
2022-02-09,2022,2,1,3,3,0.9984812288692713,680437,286419,145323.7998469597,0.4114997802206695,0.3885117471218109,0.3717676103115082
2022-02-14,2022,2,2,3,3,0.3611769815927874,246132,99024,48556.61494754268,0.3979268473180426,0.3813103437423706,0.3671454191207886
2022-02-24,2022,2,3,3,3,0.6274593820435762,427596,181518,87621.35318188451,0.39411053350665176,0.37260204553604126,0.3646867573261261
2022-03-01,2022,3,1,3,3,0.8330085462058603,567672,228773,113105.86589792938,0.6231129069904389,0.569510281085968,0.5852780342102051
2022-03-06,2022,3,1,3,2,0.04098187453042825,27928,11010,6388.898217715421,0.5621743899328245,0.5042305588722229,0.49575144052505493
2022-03-11,2022,3,2,5,4,0.13017849596168293,88713,31443,14810.978866580524,0.6977754145838677,0.6349689364433289,0.6635760068893433
2022-03-16,2022,3,2,3,3,0.9250592834335086,630402,269498,138508.354449292,0.6664248974330367,0.6150447130203247,0.640022873878479
2022-03-21,2022,3,3,6,4,0.3315073840157776,225913,105803,57274.65170430975,0.6107960044255623,0.5698188543319702,0.5841753482818604
2022-03-26,2022,3,3,3,3,0.9503515918482344,647638,273871,138874.2576027868,0.668457548882584,0.6168419718742371,0.6391183137893677
2022-03-31,2022,3,3,3,3,0.6250425549398948,425949,188128,99957.21519326071,0.670642153879031,0.6203178763389587,0.645534873008728
2022-04-05,2022,4,1,3,3,0.005545348891810669,3779,1267,418.86611242224717,0.5318160861318724,0.4910307228565216,0.47387513518333435
2022-04-10,2022,4,1,3,3,0.9994159701352366,681074,286388,145316.96646027878,0.5977059445383468,0.551244854927063,0.5581740140914917
2022-04-15,2022,4,2,3,3,0.9999633147069872,681447,286446,145327.42782205757,0.5707433633753185,0.5305580496788025,0.5395387411117554
2022-04-20,2022,4,2,3,3,0.5781352718820436,393983,160996,83245.51427312521,0.5147151085659328,0.4877311587333679,0.4865926504135132
2022-04-25,2022,4,3,3,3,0.998184811701728,680235,286184,145277.01228399208,0.4210082597803139,0.4027574956417084,0.3991919457912445
2022-04-30,2022,4,3,3,3,0.9858204005447032,671809,280805,142669.80733417493,0.32452069551789803,0.3168085217475891,0.3099084496498108
2022-05-05,2022,5,1,3,3,0.39323846027422993,267981,125402,67278.74387605599,0.33343871225065846,0.3298984169960022,0.3189256191253662
2022-05-10,2022,5,1,3,3,0.999658093069121,681239,286299,145247.1091446302,0.3288815523022214,0.3290271461009979,0.3104507327079773
2022-05-15,2022,5,2,3,3,0.9062705437640871,617598,269017,137968.85044234194,0.23626202271526323,0.2373705804347992,0.225132554769516
2022-05-20,2022,5,2,3,3,0.9104071774042074,620417,263796,135585.65751496874,0.28563068899127153,0.2921510934829712,0.2664061188697815
2022-05-25,2022,5,3,3,3,0.9996830390683696,681256,286417,145323.41533494223,0.2670633169097922,0.2738913297653198,0.2447117269039154
2022-05-30,2022,5,3,3,3,0.9901521999436514,674761,284922,144896.31087997812,0.25679524461879577,0.2643194794654846,0.23242241144180298
2022-06-04,2022,6,1,3,3,0.9995069496619083,681136,286438,145326.2480673794,0.25510001770172647,0.2626831829547882,0.22922579944133759
2022-06-09,2022,6,1,3,3,0.9993675455484599,681041,286431,145319.62970655126,0.24311213251673708,0.2505355477333069,0.21643371880054474
2022-06-14,2022,6,2,3,3,0.5815073840157776,396281,160906,77630.2275918008,0.23742969248564785,0.2424584925174713,0.211055189371109
2022-06-19,2022,6,2,3,3,0.9990711283809166,680839,286397,145305.53029315377,0.24173564437753428,0.24919959902763367,0.21267206966876984
2022-06-24,2022,6,3,3,3,0.9993337950788881,681018,286320,145249.25438916474,0.23292746122828537,0.24066314101219177,0.20283088088035583
2022-06-29,2022,6,3,3,3,0.9994203723703982,681077,286360,145292.58110907648,0.23163036928201997,0.23973748087882996,0.20145776867866516
2022-07-04,2022,7,1,3,3,0.9990212363824192,680805,286336,145292.3655145482,0.22411576133415317,0.23203885555267334,0.1936524212360382
2022-07-09,2022,7,1,3,3,0.9998488565927873,681369,286427,145318.17429674446,0.22692219947504952,0.2353125512599945,0.19706991314888
2022-07-14,2022,7,2,3,3,0.9999016834147257,681405,286444,145324.644234518,0.22380616659501668,0.23218859732151031,0.19422955811023712
2022-07-19,2022,7,2,3,3,1.0,681472,286449,145327.48175272386,0.2224114901401411,0.23131173849105835,0.19406652450561523
2022-07-24,2022,7,3,3,3,0.9999867932945155,681463,286449,145327.48175272386,0.21923392325742191,0.22832326591014862,0.19180071353912354
2022-07-29,2022,7,3,3,3,0.9999838584710744,681461,286448,145327.44249939214,0.21696064386261577,0.22695758938789368,0.19053001701831818
2022-08-03,2022,8,1,3,3,0.9999985325882795,681471,286449,145327.48175272386,0.21094778613269694,0.22150970995426178,0.18524371087551117
2022-08-08,2022,8,1,3,3,0.9416909278737791,641736,268595,134870.50485663282,0.19769622177153356,0.20688030123710632,0.174037903547287
2022-08-13,2022,8,2,3,3,0.9198206235912848,626832,255177,127217.54151441043,0.2113902234764787,0.22108086943626404,0.18755583465099335
2022-08-18,2022,8,2,3,3,0.9999941303531179,681468,286449,145327.48175272386,0.2030446757794311,0.21555569767951965,0.18192876875400543
2022-08-23,2022,8,3,3,3,0.6796141294139745,463138,189522,92782.28960664282,0.1968134251826445,0.20660938322544098,0.17434117197990417
2022-08-28,2022,8,3,3,3,0.999997065176559,681470,286448,145327.46172783565,0.19829184664337854,0.2122822403907776,0.1804117113351822
2022-09-02,2022,9,1,3,3,0.9776645262021036,666251,285145,145138.00345225865,0.1886527017386324,0.20374125242233276,0.17372898757457733
2022-09-07,2022,9,1,3,3,0.6379675173741548,434757,186070,95053.25345158779,0.19300907005941909,0.2076845020055771,0.1739812046289444
2022-09-12,2022,9,2,3,3,0.9994805362509391,681118,286441,145326.1582184764,0.20067543602017363,0.21802113950252533,0.18622441589832306
2022-09-17,2022,9,2,3,3,1.0,681472,286449,145327.48175272386,0.19511691521375682,0.21318458020687103,0.18147656321525574
2022-09-22,2022,9,3,3,3,0.6393938415664914,435729,177289,88241.82364971132,0.18199547469232272,0.19929692149162292,0.17056341469287872
2022-09-27,2022,9,3,3,3,0.9993323276671675,681017,286430,145324.17024338798,0.19179469093208598,0.2092927098274231,0.17849662899971008
2022-10-02,2022,10,1,3,3,0.999862063298272,681378,286446,145327.40597672242,0.189364445729964,0.20727436244487762,0.17852455377578735
2022-10-12,2022,10,2,3,3,0.906583102460556,617811,268945,138374.27858120488,0.18713392277016902,0.20618721842765808,0.17648321390151978
2022-10-17,2022,10,2,3,3,0.9954495562546957,678371,285510,144910.67929235782,0.18007420271370547,0.1983467936515808,0.16894859075546265
2022-10-22,2022,10,3,3,3,0.5807678085086401,395777,163035,80485.65377898989,0.194758778903132,0.21183857321739197,0.1810379922389984
2022-10-27,2022,10,3,3,3,0.9973381151389933,679658,286333,145311.52291888755,0.2044728595661312,0.22460608184337616,0.1896202564239502
2022-11-01,2022,11,1,3,3,0.789800608095417,538227,241840,126258.90746311938,0.19621233572356395,0.21673452854156494,0.18351095914840698
2022-11-06,2022,11,1,3,3,0.9997182569496619,681280,286428,145325.01076960465,0.21195734065269373,0.23313254117965698,0.19453369081020355
2022-11-11,2022,11,2,3,3,0.9657418059729527,658126,277801,141790.898668212,0.2163248781904772,0.2393568754196167,0.19606228172779083
2022-11-16,2022,11,2,3,3,0.2577714124718257,175664,69783,33018.505544611064,0.21592474994311614,0.232905775308609,0.19387443363666534
2022-11-21,2022,11,3,3,2,0.04542372980841473,30955,8885,3085.001926862984,0.2168648236577781,0.21832717955112457,0.20066571235656738
2022-11-26,2022,11,3,3,3,0.5037947267092412,343322,133252,61415.37318564508,0.2617476948996217,0.28074753284454346,0.2469668686389923
2022-12-06,2022,12,1,3,3,0.7473997464312547,509332,228007,119551.5817250273,0.2776293231226591,0.2948625981807709,0.26715052127838135
2022-12-11,2022,12,2,3,3,0.9999985325882795,681471,286449,145327.48175272386,0.31638060622959385,0.32959073781967163,0.30938392877578735
2022-12-16,2022,12,2,3,3,0.9888315293951916,673861,284767,144707.35588572387,0.3358982679803238,0.34598806500434875,0.3250335454940796
2022-12-21,2022,12,3,3,3,0.6407438603493614,436649,190840,97794.52697757015,0.3067474869434108,0.310853511095047,0.2873140871524811
2022-12-31,2022,12,3,3,3,0.8608702925432006,586659,234009,114487.43655273167,0.3662687420906239,0.36965635418891907,0.3481306731700897
2023-01-05,2023,1,1,3,3,0.7116976192712247,485002,226740,119732.09226052402,0.40621491063590565,0.40465694665908813,0.387663871049881
2023-01-10,2023,1,1,3,3,0.7515363800713749,512151,211562,106263.90877548608,0.43226291944269424,0.4278305470943451,0.4031342566013336
2023-01-15,2023,1,2,3,3,0.1651293083208114,112531,37772,15330.37102866483,0.39978078302931824,0.3798646330833435,0.35515838861465454
2023-01-20,2023,1,2,3,3,0.9940129601803156,677392,286174,145300.7710540531,0.5094512225751956,0.4861970543861389,0.47680366039276123
2023-01-25,2023,1,3,3,3,0.9760298295454546,665137,282397,143866.5332869265,0.5009902554739272,0.47438475489616394,0.46415188908576965
2023-01-30,2023,1,3,3,3,0.4612896788129226,314356,133856,68435.98013230698,0.4669871838246502,0.43429577350616455,0.40953731536865234
2023-02-04,2023,2,1,3,3,0.09153420830202855,62378,26774,13985.722668070064,0.4473003029066791,0.43150362372398376,0.4226124882698059
2023-02-09,2023,2,1,3,3,0.6859254672238918,467439,217370,117630.29207454962,0.5594509319688363,0.5296129584312439,0.5354099273681641
2023-02-14,2023,2,2,4,4,0.8719976756198347,594242,254730,132377.66133216192,0.545794310775493,0.509864866733551,0.5115340948104858
2023-02-19,2023,2,2,3,3,0.9971003944402704,679496,286326,145306.9255002585,0.5565042030817803,0.5160082578659058,0.5156341791152954
2023-02-24,2023,2,3,3,3,0.7021359645003756,478486,217629,114661.09667041124,0.5571289903237316,0.5149341821670532,0.5169945359230042
2023-03-01,2023,3,1,3,3,0.9994056982531931,681067,286434,145325.90893138753,0.56796156202976,0.5185830593109131,0.5196687579154968
2023-03-06,2023,3,1,3,3,0.4301849525732532,293159,134811,73420.41888528205,0.5688721349134935,0.5201439261436462,0.5264288187026978
2023-03-11,2023,3,2,3,3,0.9999530428249437,681440,286446,145326.78286563273,0.5877056519589817,0.5304922461509705,0.5343551635742188
2023-03-16,2023,3,2,3,3,0.7077356076258452,482302,199721,100168.34283663805,0.6152203363071241,0.5585594773292542,0.5600799322128296
2023-03-21,2023,3,3,3,3,0.11835115749436514,80653,40643,24217.28598135823,0.6224491721093731,0.5777124762535095,0.596732497215271
2023-03-26,2023,3,3,3,3,0.5082850065740045,346382,161651,87717.11051803385,0.652056134007926,0.6048336625099182,0.6291985511779785
2023-03-31,2023,3,3,3,3,0.6467719876972201,440757,195399,104065.29286737982,0.6318163413343381,0.5903160572052002,0.6159600019454956
2023-04-05,2023,4,1,3,3,0.5692163434447783,387905,153042,76341.33890165592,0.5592768181340397,0.5197330117225647,0.5135661363601685
2023-04-10,2023,4,1,3,3,0.37279888241923365,254052,98469,48586.38292003233,0.4727621212883554,0.4360206425189972,0.4199294447898865
2023-04-15,2023,4,2,3,3,0.2686918904958678,183106,62569,29578.155188830595,0.6090302542714966,0.5773382186889648,0.5978137254714966
2023-04-20,2023,4,2,3,3,0.7373934659090909,502513,206491,103193.55170357075,0.45254699717543245,0.43775954842567444,0.4343881905078888
2023-04-25,2023,4,3,3,3,0.9791143289819685,667239,284211,144543.27769889653,0.46850019233577744,0.45495545864105225,0.4473932087421417
2023-04-30,2023,4,3,3,3,0.28358905428249437,193258,78776,39323.62380971601,0.3790185829236355,0.3766913414001465,0.35908520221710205
2023-05-05,2023,5,1,3,3,0.9639823793200601,656927,274765,138911.15289925056,0.3680121633046221,0.36436566710472107,0.34803327918052673
2023-05-10,2023,5,1,3,3,0.9995597764838468,681172,286415,145320.17625232105,0.359250709998854,0.3588067889213562,0.3408059775829315
2023-05-15,2023,5,2,3,3,0.9066476685762584,617855,259979,130525.51912164903,0.32514254100422846,0.3263639509677887,0.30500638484954834
2023-05-20,2023,5,2,3,3,0.2659507654019534,181238,69726,35040.14571734745,0.26624264542790316,0.26978665590286255,0.24946635961532593
2023-05-25,2023,5,3,3,3,0.9626983940646131,656052,277835,141726.5592782985,0.276935168550117,0.2816227078437805,0.255711168050766
2023-05-30,2023,5,3,3,3,0.9480257442712247,646053,277661,141836.37656503796,0.2737675762746262,0.27927365899086,0.24950870871543884
2023-06-04,2023,6,1,3,3,0.9457659302216379,644513,277733,141517.63297747204,0.25872734810992487,0.26346898078918457,0.23226216435432434
2023-06-09,2023,6,1,3,1,7.19031743050338e-05,49,20,6.463054261635989,0.2313566628732374,0.2570652663707733,0.26628097891807556
2023-06-14,2023,6,2,3,3,0.9990960743801653,680856,286394,145318.6578168223,0.25218723742322535,0.2574361562728882,0.22095537185668945
2023-06-19,2023,6,2,3,3,0.4136442876596544,281887,118313,58263.11374613459,0.23354956888158354,0.23816215991973877,0.21015116572380066
2023-06-24,2023,6,3,3,3,0.9998591284748309,681376,286426,145322.8090558545,0.24821826211554582,0.25395500659942627,0.21579191088676453
2023-06-29,2023,6,3,3,3,0.9514917707550714,648415,273738,138659.9963904994,0.23489402472328852,0.23933860659599304,0.20266321301460266
2023-07-04,2023,7,1,3,3,0.9999882607062359,681464,286449,145327.48175272386,0.2378110186841947,0.24339023232460022,0.2040701061487198
2023-07-09,2023,7,1,3,3,0.8650406766528925,589501,243240,120979.5324046835,0.2239181562486661,0.22784961760044098,0.1911219358444214
2023-07-14,2023,7,2,3,3,0.9999897281179564,681465,286448,145327.40360872488,0.22492760019436284,0.23210111260414124,0.19395732879638672
2023-07-19,2023,7,2,3,3,0.9999779888241923,681457,286447,145327.34632872272,0.22293033848638377,0.2314726859331131,0.19351759552955627
2023-07-24,2023,7,3,3,3,0.9999985325882795,681471,286449,145327.48175272386,0.21431703099587976,0.2235453724861145,0.18640339374542236
2023-07-29,2023,7,3,3,3,0.9999853258827949,681462,286449,145327.48175272386,0.2091696644420807,0.2193140685558319,0.1827106773853302
2023-08-03,2023,8,1,3,3,0.9945074779301277,677729,285296,145149.24481735693,0.21126262891893322,0.2228466123342514,0.18684113025665283
2023-08-08,2023,8,1,3,3,0.9176708654207363,625367,262513,131637.1903022548,0.1983179036442491,0.20989252626895905,0.1783030480146408
2023-08-13,2023,8,2,3,3,0.45448088842975204,309716,136897,72792.9254328456,0.2039509899964464,0.21499525010585785,0.18032225966453552
2023-08-18,2023,8,2,3,3,0.9963476122276483,678983,286300,145314.2924691554,0.18870628439466341,0.20137478411197662,0.1709079146385193
2023-08-23,2023,8,3,3,3,0.9999662495304282,681449,286449,145327.48175272386,0.1959640500883359,0.2100282609462738,0.17749588191509247
2023-08-28,2023,8,3,3,3,0.4981334522915101,339464,128187,60929.21974532345,0.18030206483949912,0.19251759350299835,0.1648799180984497
2023-09-02,2023,9,1,3,3,0.9585720323065364,653240,271473,136883.34978498847,0.1921607493234268,0.20726338028907776,0.17678211629390717
2023-09-07,2023,9,1,3,3,0.9987747112133734,680637,286382,145313.08710031764,0.2052396684649131,0.2215912640094757,0.1888774037361145
2023-09-12,2023,9,2,6,6,0.9997167895379414,681279,286389,145271.3042309847,0.16267685324996944,0.17694957554340363,0.1521817147731781
2023-09-17,2023,9,2,3,3,0.9996991805972952,681267,286368,145290.44212968514,0.19501100112627584,0.21304289996623993,0.18144859373569489
2023-09-22,2023,9,3,3,3,0.9826449215815176,669645,285578,145204.8710148121,0.19067293132348084,0.2084035724401474,0.17845304310321808
2023-09-27,2023,9,3,3,3,0.998457750281743,680421,285996,145092.3364444109,0.19558509566579657,0.21400868892669678,0.18385350704193115
2023-10-02,2023,10,1,3,2,0.004189460462058602,2855,101,30.513984010904096,0.16436926458033216,0.1858309954404831,0.15565253794193268
2023-10-07,2023,10,1,3,3,0.9057877653080391,617269,260925,132440.5481195528,0.18955740943685404,0.20753392577171326,0.17728380858898163
2023-10-12,2023,10,2,3,3,0.8318903784748309,566910,243455,124687.94481724236,0.1950593197103765,0.2132434993982315,0.1809183657169342
2023-10-17,2023,10,2,3,3,0.8509417848422239,579893,254290,130994.42430001336,0.2033972520117498,0.22350025177001953,0.1827533096075058
2023-10-22,2023,10,3,3,3,0.9998151061232157,681346,286389,145303.03357503365,0.19204333933698142,0.21102836728096008,0.1721116304397583
2023-10-27,2023,10,3,3,2,0.08293664303155522,56519,20037,7981.4616402170905,0.20733492322134467,0.20297576487064362,0.1782851368188858
2023-11-01,2023,11,1,3,3,0.9419638664537942,641922,276944,141638.02671226466,0.1901071434610305,0.2100595235824585,0.1716870367527008
2023-11-11,2023,11,2,3,2,0.13463942759203607,91753,31268,14284.296925159455,0.18610146570188676,0.1885090470314026,0.16865116357803345
2023-11-16,2023,11,2,3,3,0.9915168928437266,675691,284743,144756.35347507158,0.20604474167639522,0.2266877293586731,0.18558131158351898
2023-11-21,2023,11,3,6,6,0.7603408503944402,518151,221952,114632.42522505054,0.21401588361183477,0.2357720136642456,0.19278454780578613
2023-11-26,2023,11,3,3,3,0.8355970604808415,569436,236538,118040.30030942577,0.21157726707580524,0.23036150634288788,0.20510587096214294
2023-12-01,2023,12,1,3,3,0.9999985325882795,681471,286449,145327.48175272386,0.29222296197267406,0.30790695548057556,0.2871709167957306
2023-12-06,2023,12,1,3,3,0.36772750751314803,250596,101446,50844.546806309714,0.3350688282539919,0.34513020515441895,0.3293597102165222
2023-12-11,2023,12,2,3,3,0.9801488542449286,667944,282862,144245.1483974824,0.3995293911773997,0.4003494679927826,0.3957313895225525
2023-12-16,2023,12,2,3,3,0.2571066749624343,175211,86897,47122.14152991495,0.44635703695595347,0.4576404392719269,0.43909236788749695
2023-12-26,2023,12,3,3,3,0.9999867932945155,681463,286442,145325.61496519338,0.523908361505085,0.5113031268119812,0.5138053894042969
2023-12-31,2023,12,3,3,3,0.9524235771975957,649050,279305,143015.18538176676,0.5437947445523724,0.5249679088592529,0.5337427258491516
2024-01-05,2024,1,1,3,3,0.05649388382794891,38499,13906,6623.923048500939,0.3621501094970388,0.3575255572795868,0.34074920415878296
2024-01-10,2024,1,1,3,3,0.6527898431630353,444858,195815,100064.01529518596,0.5513150623243827,0.5197670459747314,0.5129537582397461
2024-01-15,2024,1,2,3,3,0.5507240209429001,375303,161616,84980.04340178287,0.6211220810394731,0.5890364646911621,0.5923045873641968
2024-01-20,2024,1,2,3,3,0.8293473539631856,565177,235149,118858.495385712,0.6465163467103385,0.6081299185752869,0.6304011940956116
2024-01-25,2024,1,3,3,3,0.20069790101427498,136770,51510,21599.114484735997,0.5689038795826749,0.5375806093215942,0.52721107006073
2024-01-30,2024,1,3,3,2,0.27840468867392937,189725,64870,27262.912172919347,0.5931787983427828,0.5623968243598938,0.5618440508842468
2024-02-04,2024,2,1,3,2,0.07214969947407963,49168,15714,6594.358706277921,0.51459231914337,0.489143967628479,0.48725974559783936
2024-02-09,2024,2,1,3,3,0.7152296792824944,487409,221561,117286.82653578956,0.6655705359756333,0.6291038393974304,0.6641931533813477
2024-02-14,2024,2,2,3,2,0.032506104432757324,22152,8228,3448.8735435350536,0.5059236439637527,0.47293487191200256,0.47961488366127014
2024-02-19,2024,2,2,3,3,0.18754695717505634,127808,60324,34115.91262046311,0.676763568741751,0.6412439346313477,0.6691907048225403
2024-02-29,2024,2,3,3,3,0.8521729432757326,580732,245976,126940.81851144567,0.6816966499338981,0.647021472454071,0.6793218851089478
2024-03-05,2024,3,1,3,3,0.9869517749812171,672580,282353,142854.93591001688,0.6835106350790516,0.6419928073883057,0.679587185382843
2024-03-10,2024,3,1,3,3,0.7737926136363636,527318,218024,107154.79064302673,0.65819109989933,0.6198736429214478,0.6491455435752869
2024-03-15,2024,3,2,3,3,0.0521019205484598,35506,10835,4059.435842297258,0.4886730448985718,0.4546704590320587,0.4496302902698517
2024-03-20,2024,3,2,3,2,0.28752465251690457,195940,67655,28303.863092352614,0.5758947522839865,0.5442509651184082,0.5430130958557129
2024-03-25,2024,3,3,3,3,0.09728939706987227,66300,29690,15198.274119233522,0.5821180889063322,0.5470699667930603,0.5596806406974792
2024-03-30,2024,3,3,3,3,0.9993499366078137,681029,286348,145286.34524065565,0.6145013760895972,0.5781636834144592,0.6026140451431274
2024-04-04,2024,4,1,3,3,0.9999735865890308,681454,286445,145325.956789195,0.5792023774841403,0.5538628697395325,0.5726358890533447
2024-04-09,2024,4,1,3,3,0.28764057804282495,196019,82434,42011.82856436653,0.5092129129656391,0.49617043137550354,0.5068780183792114
2024-04-14,2024,4,2,3,3,0.559325988448535,381165,155502,76565.91926647538,0.43603532302040593,0.427011638879776,0.41879111528396606
2024-04-19,2024,4,2,3,3,0.7295061279113448,497138,204814,103041.23462622782,0.4424941213125629,0.43255195021629333,0.41965723037719727
2024-04-24,2024,4,3,3,3,0.9968729456235913,679341,286122,145262.35701665474,0.4166980122373445,0.4126112461090088,0.4006640315055847
2024-04-29,2024,4,3,3,3,0.13058056677310292,88987,53353,32655.800205878353,0.4129762661737528,0.4078100621700287,0.4088321626186371
2024-05-04,2024,5,1,3,3,0.9148314237415477,623432,258671,130342.29821339168,0.34160749232993975,0.34303736686706543,0.32196497917175293
2024-05-09,2024,5,1,3,3,0.9998165735349361,681347,286411,145313.13213488815,0.3365579466814096,0.3401840627193451,0.31887879967689514
2024-05-14,2024,5,2,3,3,0.5131039866641622,349666,146067,75386.45120255194,0.2985911807049898,0.3043709397315979,0.28387296199798584
2024-05-19,2024,5,2,3,3,0.8442371806912096,575324,239723,119998.42387683035,0.284288232745052,0.29391252994537354,0.26968565583229065
2024-05-24,2024,5,3,3,3,0.6328858705860255,431294,188195,97908.2224284957,0.2700370838490037,0.2739162743091583,0.2427014708518982
2024-05-29,2024,5,3,3,3,0.9725682052967694,662778,283931,144482.8413899266,0.2797200249705201,0.28620272874832153,0.25158554315567017
2024-06-03,2024,6,1,3,3,0.9998591284748309,681376,286410,145306.78343448316,0.26698165704717947,0.27376991510391235,0.23676005005836487
2024-06-08,2024,6,1,3,3,0.9998664655334335,681381,286430,145312.97384872515,0.25053035075784275,0.2562500834465027,0.22058668732643127
2024-06-13,2024,6,2,3,3,0.9999559776483846,681442,286449,145327.48175272386,0.2532304286485006,0.25828179717063904,0.22152620553970337
2024-06-18,2024,6,2,3,3,0.9999897281179564,681465,286449,145327.48175272386,0.2513533456660826,0.2559124827384949,0.2183624655008316
2024-06-23,2024,6,3,3,3,0.6174237532870023,420757,165077,79652.87553267606,0.2376801262594661,0.23677419126033783,0.20098571479320526
2024-06-28,2024,6,3,3,3,0.9999002160030053,681404,286423,145318.52483893227,0.24423508697109386,0.24943538010120392,0.2105131894350052
2024-07-03,2024,7,1,3,3,0.9990579216754321,680830,286168,145191.52857938892,0.23623325267171236,0.24179686605930328,0.20199289917945862
2024-07-08,2024,7,1,3,3,0.9949036790946657,677999,284739,144290.68680896805,0.22761264562379277,0.23342542350292206,0.19435101747512817
2024-07-13,2024,7,2,5,5,0.9926233212809917,676445,284136,144104.08578388544,0.22107344261933162,0.2272886335849762,0.1892842799425125
2024-07-18,2024,7,2,3,3,0.9999794562359129,681458,286448,145327.30989138823,0.22889735816965825,0.23573210835456848,0.1978340446949005
2024-07-23,2024,7,3,3,3,0.999997065176559,681470,286448,145327.12609761994,0.22483640204795766,0.232367604970932,0.19466011226177216
2024-07-28,2024,7,3,3,3,0.9145408762208865,623234,263907,134038.73564601835,0.2264442607796551,0.2334071844816208,0.19584089517593384
2024-08-02,2024,8,1,3,3,0.9864132348797896,672213,282150,142853.1018769617,0.21790062258889487,0.22680377960205078,0.18994304537773132
2024-08-12,2024,8,2,3,3,0.910696257513148,620614,254483,127286.53324886903,0.20737538576586909,0.21601104736328125,0.18187536299228668
2024-08-17,2024,8,2,3,3,0.9529577150638617,649414,272148,137872.21891827806,0.20543514290602144,0.21716177463531494,0.18261966109275818
2024-08-22,2024,8,3,3,3,0.9982845956987227,680303,285899,145025.3067621984,0.20377428201462278,0.21602068841457367,0.18460671603679657
2024-08-27,2024,8,3,3,3,0.794315833959429,541304,228073,114938.95109880331,0.1935185187374139,0.20465752482414246,0.1747802346944809
2024-09-06,2024,9,1,3,3,0.6252978845792637,426123,179298,88488.0208936809,0.19791557223734,0.2106115072965622,0.1787724494934082
2024-09-11,2024,9,2,3,3,0.9999618472952667,681446,286434,145321.1582185211,0.2123476865685035,0.2279340922832489,0.19595864415168762
2024-09-16,2024,9,2,5,5,0.4407004249624343,300325,125295,64387.312536916856,0.18962716184298634,0.20608976483345032,0.17502988874912262
2024-09-21,2024,9,3,3,3,0.5875311091284748,400386,163509,81379.54572905632,0.19305798632406784,0.20914913713932037,0.1796368956565857
2024-09-26,2024,9,3,3,3,0.999997065176559,681470,286449,145327.48175272386,0.21482135388203877,0.23209148645401,0.1994604617357254
2024-10-01,2024,10,1,3,3,0.3890357931066867,265117,112054,56859.02354954964,0.19005513204010857,0.2067420929670334,0.18120312690734863
2024-10-06,2024,10,1,3,3,0.9999735865890308,681454,286437,145324.68495276658,0.2091481541723878,0.22625069320201874,0.19319051504135132
2024-10-11,2024,10,2,3,3,0.9979661673553719,680086,286263,145267.86617937934,0.20602168914237443,0.22400256991386414,0.1921088844537735
2024-10-16,2024,10,2,3,3,0.9966102789256198,679162,286242,145303.9029865511,0.1886377941501146,0.20478913187980652,0.17532190680503845
2024-10-21,2024,10,3,3,3,0.9999838584710744,681461,286445,145327.06408873643,0.2222514704943697,0.23891328275203705,0.20611697435379028
2024-10-26,2024,10,3,3,3,0.999997065176559,681470,286449,145327.48175272386,0.215257008411257,0.2324863225221634,0.19770514965057373
2024-10-31,2024,10,3,6,6,0.9494799492862509,647044,274794,140066.47992494778,0.19277722057272678,0.20891569554805756,0.17807340621948242
2024-11-05,2024,11,1,5,5,0.9492745116453795,646904,269742,137173.49882600136,0.22487025529199914,0.24065732955932617,0.20459425449371338
2024-11-10,2024,11,1,6,6,0.959854550150263,654114,272965,138364.66276477854,0.21513301866901136,0.23227757215499878,0.1904248744249344
2024-11-15,2024,11,2,3,3,0.9987512326258452,680621,286084,145220.65701294108,0.22172323903355204,0.23817381262779236,0.20041310787200928
2024-11-20,2024,11,2,6,6,0.767586929470323,523089,228683,119343.68735665057,0.22945619846981322,0.2465071678161621,0.19887447357177734
2024-11-25,2024,11,3,3,3,0.5178818792261457,352922,170479,93438.28000431787,0.24187264762181526,0.26319214701652527,0.2200394570827484
2024-11-30,2024,11,3,6,6,0.9926071797520661,676434,285071,144643.49537768756,0.26589156116556073,0.27906620502471924,0.2508139908313751
2024-12-05,2024,12,1,3,3,0.955009156649136,650812,280286,143716.34334247612,0.27643066430566926,0.28661298751831055,0.2628803849220276
2024-12-10,2024,12,1,6,6,0.020366207268970697,13879,8074,5189.088326295023,0.23132581886142614,0.24719296395778656,0.22407189011573792
2024-12-15,2024,12,2,3,3,0.996309459522915,678957,285874,145245.7760886747,0.29752070626042604,0.3045251667499542,0.27663642168045044
2024-12-20,2024,12,2,3,3,0.15894710274229903,108318,45063,23393.194760326907,0.27233264146706093,0.2893199622631073,0.2624671757221222
2024-12-25,2024,12,3,3,3,0.9999985325882795,681471,286449,145327.48175272386,0.31171734125961575,0.3143646717071533,0.28198564052581787
2024-12-30,2024,12,3,3,3,0.0669976169233659,45657,19194,9838.225422359008,0.2333644281163278,0.2504672408103943,0.21108239889144897
