time,aeti_mm,dekads,mean_valid_pixels
2018-01-01,14.838218591519535,3,681472.0
2018-02-01,30.543942524417734,3,681472.0
2018-03-01,55.18176197994929,3,681472.0
2018-04-01,52.3608057264275,3,681472.0
2018-05-01,54.006304587716,3,681472.0
2018-06-01,50.065530205202855,3,681472.0
2018-07-01,53.42095331869835,3,681472.0
2018-08-01,46.71647331071563,3,681472.0
2018-09-01,41.222877829169796,3,681472.0
2018-10-01,32.74506964336025,3,681472.0
2018-11-01,22.451744165571,3,681472.0
2018-12-01,15.402063914584899,3,681472.0
2019-01-01,21.265946509907963,3,681472.0
2019-02-01,26.16423389368896,3,681472.0
2019-03-01,40.963856622135616,3,681472.0
2019-04-01,59.79066051136364,3,681472.0
2019-05-01,75.74523032494365,3,681472.0
2019-06-01,58.868660781367396,3,681472.0
2019-07-01,63.16385735584147,3,681472.0
2019-08-01,57.090067236805034,3,681472.0
2019-09-01,46.924108400638616,3,681472.0
2019-10-01,37.029498937593914,3,681472.0
2019-11-01,30.311709065082646,3,681472.0
2019-12-01,15.257683367768594,3,681472.0
2020-01-01,15.221543805174681,3,681472.0
2020-02-01,24.5300744564707,3,681472.0
2020-03-01,48.23382545431067,3,681472.0
2020-04-01,59.30139022586401,3,681472.0
2020-05-01,72.46853649159466,3,681472.0
2020-06-01,60.73103076868895,3,681472.0
2020-07-01,63.536216161485726,3,681472.0
2020-08-01,56.036573329498495,3,681472.0
2020-09-01,50.39678079216755,3,681472.0
2020-10-01,43.21364061913036,3,681472.0
2020-11-01,25.35978000563486,3,681472.0
2020-12-01,25.53514612485913,3,681472.0
2021-01-01,28.802571198816683,3,681472.0
2021-02-01,34.197779512584525,3,681472.0
2021-03-01,47.73783530357814,3,681472.0
2021-04-01,61.93903638007138,3,681472.0
2021-05-01,63.50115896177686,3,681472.0
2021-06-01,53.35467047802404,3,681472.0
2021-07-01,58.96745603634486,3,681472.0
2021-08-01,58.332514908903086,3,681472.0
2021-09-01,50.745740103775354,3,681472.0
2021-10-01,39.81840002230466,3,681472.0
2021-11-01,28.442097400920364,3,681472.0
2021-12-01,17.5361228341003,3,681472.0
2022-01-01,17.064640073253194,3,681472.0
2022-02-01,25.77109433696469,3,681472.0
2022-03-01,40.66407834804659,3,681472.0
2022-04-01,72.79579938720886,3,681472.0
2022-05-01,59.22777604949286,3,681472.0
2022-06-01,53.691007114012024,3,681472.0
2022-07-01,56.888794550619835,3,681472.0
2022-08-01,50.00916105137115,3,681472.0
2022-09-01,46.16357091707363,3,681472.0
2022-10-01,37.3079752359598,3,681472.0
2022-11-01,24.651072971450038,3,681472.0
2022-12-01,19.787819749013902,3,681472.0
2023-01-01,24.329365256386176,3,681472.0
2023-02-01,24.386014392374154,3,681472.0
2023-03-01,45.926648637068,3,681472.0
2023-04-01,63.47740919656273,3,681472.0
2023-05-01,65.68226530216943,3,681472.0
2023-06-01,57.53147304658151,3,681472.0
2023-07-01,66.54175798858941,3,681472.0
2023-08-01,49.93624829780241,3,681472.0
2023-09-01,38.86826604761458,3,681472.0
2023-10-01,33.19561038457926,3,681472.0
2023-11-01,27.060959217693465,3,681472.0
2023-12-01,25.01603206001127,3,681472.0
2024-01-01,22.104417349502253,3,681472.0
2024-02-01,31.89348146365515,3,681472.0
2024-03-01,58.30827987063298,3,681472.0
2024-04-01,68.4563797191961,3,681472.0
2024-05-01,58.98714708748122,3,681472.0
2024-06-01,66.52441186138242,3,681472.0
2024-07-01,54.76754422778926,3,681472.0
2024-08-01,54.190166433837334,3,681472.0
2024-09-01,43.32712275779489,3,681472.0
2024-10-01,37.368351744459055,3,681472.0
2024-11-01,22.284024875563485,3,681472.0
2024-12-01,18.79787724220511,3,681472.0
