date,year,month,dekad,days,valid_pixels,aeti_mean_mm_dekad,aeti_median_mm_dekad,aeti_min_mm_dekad,aeti_max_mm_dekad,raster,agricultural_aeti_weighted_mm,aeti_crop50_mm,aeti_crop90_mm,mixed_agricultural_pixels,crop_equivalent_pixel_weight,difference_mm
2018-01-01,2018,1,1,10,681472,3.8712126103493616,3.0000000000000004,0.0,21.0,v1\data\wapor\processed\aeti_dekad\WAPOR-3.L2-AETI-D.2018-01-D1_NJValley.tif,4.616992538736199,4.731546843454231,5.065416422322486,286449,145327.48175272386,0.7457799283868378
2018-01-11,2018,1,2,10,681472,5.743373168670173,5.0,0.0,25.0,v1\data\wapor\processed\aeti_dekad\WAPOR-3.L2-AETI-D.2018-01-D2_NJValley.tif,6.981605092233993,7.16214436060081,7.632562203047022,286449,145327.48175272386,1.23823192356382
2018-01-21,2018,1,3,11,681472,5.2236328125,4.4,0.0,25.300000000000004,v1\data\wapor\processed\aeti_dekad\WAPOR-3.L2-AETI-D.2018-01-D3_NJValley.tif,6.39358158466483,6.561600238332723,7.009210465563769,286449,145327.48175272386,1.1699487721648296
2018-02-01,2018,2,1,10,681472,12.17592358893689,12.000000000000002,0.0,39.0,v1\data\wapor\processed\aeti_dekad\WAPOR-3.L2-AETI-D.2018-02-D1_NJValley.tif,14.346429398681998,14.649543951087502,15.18600476321553,286449,145327.48175272386,2.1705058097451086
2018-02-11,2018,2,2,10,681472,9.518596508734037,9.0,0.0,33.0,v1\data\wapor\processed\aeti_dekad\WAPOR-3.L2-AETI-D.2018-02-D2_NJValley.tif,12.108389829132,12.425220865132662,13.17482676496284,286449,145327.48175272386,2.5897933203979626
2018-02-21,2018,2,3,8,681472,8.849422426746807,8.0,0.0,33.6,v1\data\wapor\processed\aeti_dekad\WAPOR-3.L2-AETI-D.2018-02-D3_NJValley.tif,11.04031715759985,11.30808857560062,11.930164994894392,286449,145327.48175272386,2.190894730853042
2018-03-01,2018,3,1,10,681472,17.338534818745305,17.0,0.0,57.0,v1\data\wapor\processed\aeti_dekad\WAPOR-3.L2-AETI-D.2018-03-D1_NJValley.tif,21.44613004392621,21.93824367473761,22.935181971588257,286449,145327.48175272386,4.107595225180905
2018-03-11,2018,3,2,10,681472,16.72342957597671,16.0,0.0,63.00000000000001,v1\data\wapor\processed\aeti_dekad\WAPOR-3.L2-AETI-D.2018-03-D2_NJValley.tif,21.146125142443047,21.66517275447816,22.80975860789641,286449,145327.48175272386,4.422695566466338
2018-03-21,2018,3,3,11,681472,21.11979758522728,20.9,0.0,74.80000000000001,v1\data\wapor\processed\aeti_dekad\WAPOR-3.L2-AETI-D.2018-03-D3_NJValley.tif,26.803109419147173,27.473381586994275,28.96158066440559,286449,145327.48175272386,5.683311833919895
2018-04-01,2018,4,1,10,681472,18.53415841003005,18.0,0.0,79.0,v1\data\wapor\processed\aeti_dekad\WAPOR-3.L2-AETI-D.2018-04-D1_NJValley.tif,23.140201271031955,23.68861953922593,24.917756740907404,286449,145327.48175272386,4.606042861001907
2018-04-11,2018,4,2,10,681472,19.32639051934636,19.0,0.0,91.0,v1\data\wapor\processed\aeti_dekad\WAPOR-3.L2-AETI-D.2018-04-D2_NJValley.tif,23.156653826721627,23.6391056572975,24.66558157904185,286449,145327.48175272386,3.830263307375265
2018-04-21,2018,4,3,10,681472,14.50025679705109,14.000000000000002,0.0,88.0,v1\data\wapor\processed\aeti_dekad\WAPOR-3.L2-AETI-D.2018-04-D3_NJValley.tif,16.63025744054426,16.95361474247913,17.602654475388057,286449,145327.48175272386,2.130000643493169
2018-05-01,2018,5,1,10,681472,18.02576628240045,17.0,0.0,102.0,v1\data\wapor\processed\aeti_dekad\WAPOR-3.L2-AETI-D.2018-05-D1_NJValley.tif,19.471430275668578,19.76739357665488,20.264645690965448,286449,145327.48175272386,1.445663993268127
2018-05-11,2018,5,2,10,681472,17.534944942712247,15.0,0.0,124.0,v1\data\wapor\processed\aeti_dekad\WAPOR-3.L2-AETI-D.2018-05-D2_NJValley.tif,17.491384489773445,17.651985280430704,17.849216702370835,286449,145327.48175272386,-0.043560452938802285
2018-05-21,2018,5,3,11,681472,18.445593362603308,14.3,0.0,139.70000000000002,v1\data\wapor\processed\aeti_dekad\WAPOR-3.L2-AETI-D.2018-05-D3_NJValley.tif,17.460505231829423,17.539659777373835,17.594233861837765,286449,145327.48175272386,-0.9850881307738852
2018-06-01,2018,6,1,10,681472,16.140413692712247,12.000000000000002,0.0,135.0,v1\data\wapor\processed\aeti_dekad\WAPOR-3.L2-AETI-D.2018-06-D1_NJValley.tif,14.733012959941048,14.753246753246753,14.776368227676915,286449,145327.48175272386,-1.4074007327711993
2018-06-11,2018,6,2,10,681472,16.540767632419232,12.000000000000002,0.0,137.0,v1\data\wapor\processed\aeti_dekad\WAPOR-3.L2-AETI-D.2018-06-D2_NJValley.tif,14.789297404796146,14.78523461103395,14.777876180331988,286449,145327.48175272386,-1.751470227623086
2018-06-21,2018,6,3,10,681472,17.384348880071375,13.0,0.0,144.0,v1\data\wapor\processed\aeti_dekad\WAPOR-3.L2-AETI-D.2018-06-D3_NJValley.tif,15.47139147794987,15.45718008562551,15.438287635985017,286449,145327.48175272386,-1.9129574021215046
2018-07-01,2018,7,1,10,681472,18.32042549070248,14.000000000000002,0.0,143.0,v1\data\wapor\processed\aeti_dekad\WAPOR-3.L2-AETI-D.2018-07-D1_NJValley.tif,16.19695684778496,16.16202265209983,16.061407183120505,286449,145327.48175272386,-2.123468642917519
2018-07-11,2018,7,2,10,681472,17.015786415289256,12.000000000000002,0.0,139.0,v1\data\wapor\processed\aeti_dekad\WAPOR-3.L2-AETI-D.2018-07-D2_NJValley.tif,14.63680196807222,14.58777330717794,14.432997833814044,286449,145327.48175272386,-2.378984447217036
2018-07-21,2018,7,3,11,681472,18.084741412706617,13.200000000000005,0.0,150.70000000000002,v1\data\wapor\processed\aeti_dekad\WAPOR-3.L2-AETI-D.2018-07-D3_NJValley.tif,15.102963285230402,15.025098416272844,14.75312777672486,286449,145327.48175272386,-2.9817781274762147
2018-08-01,2018,8,1,10,681472,15.176149570341847,11.0,0.0,131.0,v1\data\wapor\processed\aeti_dekad\WAPOR-3.L2-AETI-D.2018-08-D1_NJValley.tif,12.456570293217682,12.375742779822165,12.05736204028388,286449,145327.48175272386,-2.719579277124165
2018-08-11,2018,8,2,10,681472,15.187252007419234,11.0,0.0,127.0,v1\data\wapor\processed\aeti_dekad\WAPOR-3.L2-AETI-D.2018-08-D2_NJValley.tif,12.39254654738911,12.297398301808444,11.8805725432938,286449,145327.48175272386,-2.7947054600301247
2018-08-21,2018,8,3,11,681472,16.353071732954547,12.1,0.0,134.20000000000002,v1\data\wapor\processed\aeti_dekad\WAPOR-3.L2-AETI-D.2018-08-D3_NJValley.tif,13.577772897801074,13.477555489036218,12.980215865116737,286449,145327.48175272386,-2.775298835153473
2018-09-01,2018,9,1,10,681472,14.37201528456048,11.0,0.0,110.0,v1\data\wapor\processed\aeti_dekad\WAPOR-3.L2-AETI-D.2018-09-D1_NJValley.tif,11.877868488659193,11.777080141468234,11.281640078030566,286449,145327.48175272386,-2.494146795901287
2018-09-11,2018,9,2,10,681472,13.885505200507138,10.0,0.0,101.0,v1\data\wapor\processed\aeti_dekad\WAPOR-3.L2-AETI-D.2018-09-D2_NJValley.tif,11.628533238691258,11.53383496327267,11.035173594073507,286449,145327.48175272386,-2.2569719618158803
2018-09-21,2018,9,3,10,681472,12.96535734410218,10.0,0.0,88.0,v1\data\wapor\processed\aeti_dekad\WAPOR-3.L2-AETI-D.2018-09-D3_NJValley.tif,10.675001074890297,10.569216340440155,10.061203729190852,286449,145327.48175272386,-2.290356269211884
2018-10-01,2018,10,1,10,681472,11.496014509767091,9.0,0.0,73.0,v1\data\wapor\processed\aeti_dekad\WAPOR-3.L2-AETI-D.2018-10-D1_NJValley.tif,9.52331854221186,9.429695442374603,8.939239082303098,286449,145327.48175272386,-1.9726959675552322
2018-10-11,2018,10,2,10,681472,9.567816432663411,7.000000000000001,0.0,62.0,v1\data\wapor\processed\aeti_dekad\WAPOR-3.L2-AETI-D.2018-10-D2_NJValley.tif,8.081971541279753,8.022272655679492,7.637852005217995,286449,145327.48175272386,-1.4858448913836586
2018-10-21,2018,10,3,11,681472,11.681238700929752,8.8,0.0,67.10000000000001,v1\data\wapor\processed\aeti_dekad\WAPOR-3.L2-AETI-D.2018-10-D3_NJValley.tif,9.719705621510077,9.657056203916255,9.145374988103445,286449,145327.48175272386,-1.9615330794196755
2018-11-01,2018,11,1,10,681472,8.596634931442525,7.000000000000001,0.0,47.0,v1\data\wapor\processed\aeti_dekad\WAPOR-3.L2-AETI-D.2018-11-D1_NJValley.tif,7.505103032293929,7.487370953192342,7.210311523869933,286449,145327.48175272386,-1.0915318991485954
2018-11-11,2018,11,2,10,681472,7.245660863542449,6.000000000000001,0.0,38.0,v1\data\wapor\processed\aeti_dekad\WAPOR-3.L2-AETI-D.2018-11-D2_NJValley.tif,6.814938375715292,6.837712452927447,6.727144344579149,286449,145327.48175272386,-0.4307224878271567
2018-11-21,2018,11,3,10,681472,6.609448370586025,6.000000000000001,0.0,30.0,v1\data\wapor\processed\aeti_dekad\WAPOR-3.L2-AETI-D.2018-11-D3_NJValley.tif,6.537064923651736,6.5814659430976965,6.5428270521919165,286449,145327.48175272386,-0.072383446934289
2018-12-01,2018,12,1,10,681472,5.3430735231968445,5.0,0.0,27.0,v1\data\wapor\processed\aeti_dekad\WAPOR-3.L2-AETI-D.2018-12-D1_NJValley.tif,5.520517036854961,5.583892953793725,5.62486685735486,286449,145327.48175272386,0.17744351365811628
2018-12-11,2018,12,2,10,681472,5.8944065200037565,5.0,0.0,26.0,v1\data\wapor\processed\aeti_dekad\WAPOR-3.L2-AETI-D.2018-12-D2_NJValley.tif,6.470858963053042,6.570483540715073,6.69270079107675,286449,145327.48175272386,0.5764524430492859
2018-12-21,2018,12,3,11,681472,4.1645838713842975,3.3000000000000007,0.0,22.0,v1\data\wapor\processed\aeti_dekad\WAPOR-3.L2-AETI-D.2018-12-D3_NJValley.tif,4.596506225455502,4.669806264800358,4.780287701570524,286449,145327.48175272386,0.4319223540712045
2019-01-01,2019,1,1,10,681472,5.578113260706236,5.0,0.0,28.000000000000004,v1\data\wapor\processed\aeti_dekad\WAPOR-3.L2-AETI-D.2019-01-D1_NJValley.tif,6.6295955131943805,6.77300648634717,7.050037698816377,286449,145327.48175272386,1.0514822524881442
2019-01-11,2019,1,2,10,681472,6.2324145379413975,6.000000000000001,0.0,27.0,v1\data\wapor\processed\aeti_dekad\WAPOR-3.L2-AETI-D.2019-01-D2_NJValley.tif,7.518411922028166,7.693308896175489,8.04319207247747,286449,145327.48175272386,1.2859973840867687
2019-01-21,2019,1,3,11,681472,9.45541871126033,8.8,0.0,36.3,v1\data\wapor\processed\aeti_dekad\WAPOR-3.L2-AETI-D.2019-01-D3_NJValley.tif,11.287536413236095,11.532312171792114,11.958308702543436,286449,145327.48175272386,1.8321177019757648
2019-02-01,2019,2,1,10,681472,9.72644217223892,9.0,0.0,41.00000000000001,v1\data\wapor\processed\aeti_dekad\WAPOR-3.L2-AETI-D.2019-02-D1_NJValley.tif,12.211048140276729,12.522852560890048,13.170506360927272,286449,145327.48175272386,2.4846059680378083
2019-02-11,2019,2,2,10,681472,7.857000727836214,7.000000000000001,0.0,39.0,v1\data\wapor\processed\aeti_dekad\WAPOR-3.L2-AETI-D.2019-02-D2_NJValley.tif,9.765755953432151,10.005211987571414,10.509903419222804,286449,145327.48175272386,1.9087552255959377
2019-02-21,2019,2,3,8,681472,8.580790993613824,8.0,0.0,37.6,v1\data\wapor\processed\aeti_dekad\WAPOR-3.L2-AETI-D.2019-02-D3_NJValley.tif,10.666507332692154,10.925723437492165,11.43983625907126,286449,145327.48175272386,2.0857163390783295
2019-03-01,2019,3,1,10,681472,11.153444308790384,11.0,0.0,50.0,v1\data\wapor\processed\aeti_dekad\WAPOR-3.L2-AETI-D.2019-03-D1_NJValley.tif,13.75748044890447,14.08108649894758,14.73638354656103,286449,145327.48175272386,2.6040361401140864
2019-03-11,2019,3,2,10,681472,14.723388488448537,15.0,0.0,58.00000000000001,v1\data\wapor\processed\aeti_dekad\WAPOR-3.L2-AETI-D.2019-03-D2_NJValley.tif,17.914604029207872,18.308237517719327,19.050109506085665,286449,145327.48175272386,3.1912155407593357
2019-03-21,2019,3,3,11,681472,15.087023824896695,15.400000000000002,0.0,66.0,v1\data\wapor\processed\aeti_dekad\WAPOR-3.L2-AETI-D.2019-03-D3_NJValley.tif,18.501278138690537,18.92505121240894,19.82099767015857,286449,145327.48175272386,3.414254313793842
2019-04-01,2019,4,1,10,681472,18.83700871055597,19.0,0.0,78.0,v1\data\wapor\processed\aeti_dekad\WAPOR-3.L2-AETI-D.2019-04-D1_NJValley.tif,22.420555560306735,22.87943699079311,23.75404813480618,286449,145327.48175272386,3.583546849750764
2019-04-11,2019,4,2,10,681472,18.428727812734785,18.0,0.0,81.0,v1\data\wapor\processed\aeti_dekad\WAPOR-3.L2-AETI-D.2019-04-D2_NJValley.tif,21.77147441324585,22.228067412190896,23.070646385102386,286449,145327.48175272386,3.3427466005110666
2019-04-21,2019,4,3,10,681472,22.52492398807288,22.0,0.0,92.0,v1\data\wapor\processed\aeti_dekad\WAPOR-3.L2-AETI-D.2019-04-D3_NJValley.tif,25.788988550168195,26.25254513953521,27.04641143171727,286449,145327.48175272386,3.2640645620953137
2019-05-01,2019,5,1,10,681472,22.06827573253193,22.0,0.0,99.0,v1\data\wapor\processed\aeti_dekad\WAPOR-3.L2-AETI-D.2019-05-D1_NJValley.tif,24.59427694665988,25.004739472214663,25.655289203777063,286449,145327.48175272386,2.526001214127948
2019-05-11,2019,5,2,10,681472,25.789112391998497,25.0,0.0,125.0,v1\data\wapor\processed\aeti_dekad\WAPOR-3.L2-AETI-D.2019-05-D2_NJValley.tif,27.635183956617208,27.99631294835264,28.52322366767596,286449,145327.48175272386,1.8460715646187111
2019-05-21,2019,5,3,11,681472,27.887842200413225,26.40000000000001,0.0,143.0,v1\data\wapor\processed\aeti_dekad\WAPOR-3.L2-AETI-D.2019-05-D3_NJValley.tif,28.67624082119748,28.97383835864512,29.365775419866317,286449,145327.48175272386,0.7883986207842568
2019-06-01,2019,6,1,10,681472,20.816768700694965,18.0,0.0,126.0,v1\data\wapor\processed\aeti_dekad\WAPOR-3.L2-AETI-D.2019-06-D1_NJValley.tif,20.22760163481112,20.36566245221152,20.50502052491114,286449,145327.48175272386,-0.5891670658838457
2019-06-11,2019,6,2,10,681472,18.205982050619838,15.0,0.0,129.0,v1\data\wapor\processed\aeti_dekad\WAPOR-3.L2-AETI-D.2019-06-D2_NJValley.tif,17.127114873159698,17.20902361144919,17.29336859868114,286449,145327.48175272386,-1.0788671774601397
2019-06-21,2019,6,3,10,681472,19.845910030052597,16.0,0.0,134.0,v1\data\wapor\processed\aeti_dekad\WAPOR-3.L2-AETI-D.2019-06-D3_NJValley.tif,18.78021579495348,18.856584429903062,18.98798425027227,286449,145327.48175272386,-1.0656942350991159
2019-07-01,2019,7,1,10,681472,20.852663058790384,17.0,0.0,140.0,v1\data\wapor\processed\aeti_dekad\WAPOR-3.L2-AETI-D.2019-07-D1_NJValley.tif,19.83108143575,19.90659230515901,20.070574577833096,286449,145327.48175272386,-1.0215816230403831
2019-07-11,2019,7,2,10,681472,20.82252242205109,17.0,0.0,139.0,v1\data\wapor\processed\aeti_dekad\WAPOR-3.L2-AETI-D.2019-07-D2_NJValley.tif,19.73385523869516,19.80399203883217,19.93416470193999,286449,145327.48175272386,-1.0886671833559305
2019-07-21,2019,7,3,11,681472,21.488671875,17.6,0.0,146.3,v1\data\wapor\processed\aeti_dekad\WAPOR-3.L2-AETI-D.2019-07-D3_NJValley.tif,20.0493258071256,20.09881084565265,20.106907873943097,286449,145327.48175272386,-1.4393460678744
2019-08-01,2019,8,1,10,681472,18.38910035922239,15.0,0.0,129.0,v1\data\wapor\processed\aeti_dekad\WAPOR-3.L2-AETI-D.2019-08-D1_NJValley.tif,16.960432301566644,16.991401652371884,16.897507090967842,286449,145327.48175272386,-1.4286680576557451
2019-08-11,2019,8,2,10,681472,18.77472882231405,15.0,0.0,125.0,v1\data\wapor\processed\aeti_dekad\WAPOR-3.L2-AETI-D.2019-08-D2_NJValley.tif,17.010546950796847,17.012321195893414,16.730698804408966,286449,145327.48175272386,-1.7641818715172022
2019-08-21,2019,8,3,11,681472,19.926238055268595,16.5,0.0,132.0,v1\data\wapor\processed\aeti_dekad\WAPOR-3.L2-AETI-D.2019-08-D3_NJValley.tif,17.9766511095372,17.96015121772371,17.547459836453115,286449,145327.48175272386,-1.9495869457313937
2019-09-01,2019,9,1,10,681472,16.25637737133734,13.0,0.0,106.0,v1\data\wapor\processed\aeti_dekad\WAPOR-3.L2-AETI-D.2019-09-D1_NJValley.tif,14.454358013082112,14.42701069602944,13.978194525892505,286449,145327.48175272386,-1.8020193582552277
2019-09-11,2019,9,2,10,681472,15.772191667449286,13.0,0.0,96.0,v1\data\wapor\processed\aeti_dekad\WAPOR-3.L2-AETI-D.2019-09-D2_NJValley.tif,14.102024875816614,14.070898781483123,13.577689481431836,286449,145327.48175272386,-1.6701667916326723
2019-09-21,2019,9,3,10,681472,14.895539361851991,12.000000000000002,0.0,90.0,v1\data\wapor\processed\aeti_dekad\WAPOR-3.L2-AETI-D.2019-09-D3_NJValley.tif,13.372123660080089,13.340855395982189,12.85411156456072,286449,145327.48175272386,-1.5234157017719028
2019-10-01,2019,10,1,10,681472,13.537490902047333,11.0,0.0,78.0,v1\data\wapor\processed\aeti_dekad\WAPOR-3.L2-AETI-D.2019-10-D1_NJValley.tif,12.124227694567974,12.089219490542533,11.638833371231614,286449,145327.48175272386,-1.4132632074793587
2019-10-11,2019,10,2,10,681472,13.148198311889557,11.0,0.0,71.0,v1\data\wapor\processed\aeti_dekad\WAPOR-3.L2-AETI-D.2019-10-D2_NJValley.tif,11.70251576028681,11.666189378427529,11.21339923644937,286449,145327.48175272386,-1.4456825516027472
2019-10-21,2019,10,3,11,681472,10.343809723657026,8.8,0.0,57.2,v1\data\wapor\processed\aeti_dekad\WAPOR-3.L2-AETI-D.2019-10-D3_NJValley.tif,9.029570187191052,8.994873176074014,8.620104806757059,286449,145327.48175272386,-1.3142395364659745
2019-11-01,2019,11,1,10,681472,11.577247487791135,9.0,0.0,57.0,v1\data\wapor\processed\aeti_dekad\WAPOR-3.L2-AETI-D.2019-11-D1_NJValley.tif,10.08431360792234,10.057439253139364,9.652644302691575,286449,145327.48175272386,-1.4929338798687954
2019-11-11,2019,11,2,10,681472,10.828458102460557,8.0,0.0,55.0,v1\data\wapor\processed\aeti_dekad\WAPOR-3.L2-AETI-D.2019-11-D2_NJValley.tif,9.403252137892483,9.399332751041682,9.087556997019998,286449,145327.48175272386,-1.4252059645680735
2019-11-21,2019,11,3,10,681472,7.906003474830954,6.000000000000001,0.0,37.0,v1\data\wapor\processed\aeti_dekad\WAPOR-3.L2-AETI-D.2019-11-D3_NJValley.tif,7.267470691586459,7.289637595040021,7.134435175987649,286449,145327.48175272386,-0.6385327832444956
2019-12-01,2019,12,1,10,681472,4.377801288974455,3.0000000000000004,0.0,25.0,v1\data\wapor\processed\aeti_dekad\WAPOR-3.L2-AETI-D.2019-12-D1_NJValley.tif,4.063699064252183,4.085238906628102,4.039853034455521,286449,145327.48175272386,-0.314102224722272
2019-12-11,2019,12,2,10,681472,5.316510436232156,5.0,0.0,26.0,v1\data\wapor\processed\aeti_dekad\WAPOR-3.L2-AETI-D.2019-12-D2_NJValley.tif,5.318981037790847,5.380331906241499,5.428318393432028,286449,145327.48175272386,0.0024706015586906105
2019-12-21,2019,12,3,11,681472,5.563371642561983,4.4,0.0,29.700000000000003,v1\data\wapor\processed\aeti_dekad\WAPOR-3.L2-AETI-D.2019-12-D3_NJValley.tif,5.72472528879431,5.808536766112712,5.935197518074931,286449,145327.48175272386,0.1613536462323264
2020-01-01,2020,1,1,10,681472,3.875692618332081,3.0000000000000004,0.0,22.0,v1\data\wapor\processed\aeti_dekad\WAPOR-3.L2-AETI-D.2020-01-D1_NJValley.tif,4.1755675611957175,4.254678617964175,4.428079035867731,286449,145327.48175272386,0.2998749428636365
2020-01-11,2020,1,2,10,681472,5.312827232813674,5.0,0.0,22.0,v1\data\wapor\processed\aeti_dekad\WAPOR-3.L2-AETI-D.2020-01-D2_NJValley.tif,6.004543126334429,6.125703403542433,6.401881350455378,286449,145327.48175272386,0.6917158935207555
2020-01-21,2020,1,3,11,681472,6.033023954028926,5.5,0.0,26.40000000000001,v1\data\wapor\processed\aeti_dekad\WAPOR-3.L2-AETI-D.2020-01-D3_NJValley.tif,7.099930562212365,7.261521481411412,7.634953368551428,286449,145327.48175272386,1.066906608183439
2020-02-01,2020,2,1,10,681472,6.677484915007513,6.000000000000001,0.0,30.0,v1\data\wapor\processed\aeti_dekad\WAPOR-3.L2-AETI-D.2020-02-D1_NJValley.tif,7.874483963441976,8.052850126720028,8.443673181181708,286449,145327.48175272386,1.1969990484344626
2020-02-11,2020,2,2,10,681472,9.081724560950413,9.0,0.0,36.0,v1\data\wapor\processed\aeti_dekad\WAPOR-3.L2-AETI-D.2020-02-D2_NJValley.tif,10.830761245463574,11.079869413937772,11.577545866893258,286449,145327.48175272386,1.749036684513161
2020-02-21,2020,2,3,9,681472,8.770864980512773,8.1,0.0,35.1,v1\data\wapor\processed\aeti_dekad\WAPOR-3.L2-AETI-D.2020-02-D3_NJValley.tif,10.646827749597389,10.893332579932204,11.399540507181522,286449,145327.48175272386,1.875962769084616
2020-03-01,2020,3,1,10,681472,15.148932017749813,15.0,0.0,55.0,v1\data\wapor\processed\aeti_dekad\WAPOR-3.L2-AETI-D.2020-03-D1_NJValley.tif,18.39022251491694,18.81292687466888,19.654726713500963,286449,145327.48175272386,3.2412904971671264
2020-03-11,2020,3,2,10,681472,13.202831517655898,13.0,0.0,50.0,v1\data\wapor\processed\aeti_dekad\WAPOR-3.L2-AETI-D.2020-03-D2_NJValley.tif,16.45820126570929,16.864989475794328,17.739543066409755,286449,145327.48175272386,3.2553697480533934
2020-03-21,2020,3,3,11,681472,19.88206191890496,19.8,0.0,70.4,v1\data\wapor\processed\aeti_dekad\WAPOR-3.L2-AETI-D.2020-03-D3_NJValley.tif,24.327526507782373,24.888399710497527,25.988643629563747,286449,145327.48175272386,4.445464588877414
2020-04-01,2020,4,1,10,681472,17.966168822783622,18.0,0.0,69.0,v1\data\wapor\processed\aeti_dekad\WAPOR-3.L2-AETI-D.2020-04-D1_NJValley.tif,21.840886141890863,22.332901387476912,23.27613485405173,286449,145327.48175272386,3.8747173191072406
2020-04-11,2020,4,2,10,681472,21.274291533621337,21.0,0.0,83.0,v1\data\wapor\processed\aeti_dekad\WAPOR-3.L2-AETI-D.2020-04-D2_NJValley.tif,25.434033831194185,25.957538051804864,26.882942183180344,286449,145327.48175272386,4.159742297572848
2020-04-21,2020,4,3,10,681472,20.06092986945905,20.0,0.0,86.0,v1\data\wapor\processed\aeti_dekad\WAPOR-3.L2-AETI-D.2020-04-D3_NJValley.tif,23.42632449389191,23.880238835034863,24.5876347882284,286449,145327.48175272386,3.365394624432863
2020-05-01,2020,5,1,10,681472,19.595425784184823,19.0,0.0,95.0,v1\data\wapor\processed\aeti_dekad\WAPOR-3.L2-AETI-D.2020-05-D1_NJValley.tif,21.937078849911803,22.302617448703447,22.78879088526395,286449,145327.48175272386,2.3416530657269803
2020-05-11,2020,5,2,10,681472,30.57821304470323,29.000000000000004,0.0,135.0,v1\data\wapor\processed\aeti_dekad\WAPOR-3.L2-AETI-D.2020-05-D2_NJValley.tif,32.71952079183168,33.15592290840362,33.61431118876934,286449,145327.48175272386,2.1413077471284474
2020-05-21,2020,5,3,11,681472,22.29489766270661,19.8,0.0,127.60000000000002,v1\data\wapor\processed\aeti_dekad\WAPOR-3.L2-AETI-D.2020-05-D3_NJValley.tif,23.05214688385649,23.31985350827137,23.575270761663948,286449,145327.48175272386,0.7572492211498805
2020-06-01,2020,6,1,10,681472,21.1929015425432,18.0,0.0,132.0,v1\data\wapor\processed\aeti_dekad\WAPOR-3.L2-AETI-D.2020-06-D1_NJValley.tif,20.90843409746529,21.052069760449037,21.107208253048817,286449,145327.48175272386,-0.28446744507791166
2020-06-11,2020,6,2,10,681472,20.01149423600676,16.0,0.0,134.0,v1\data\wapor\processed\aeti_dekad\WAPOR-3.L2-AETI-D.2020-06-D2_NJValley.tif,19.20916484234676,19.311781382894942,19.362339480833445,286449,145327.48175272386,-0.8023293936600027
2020-06-21,2020,6,3,10,681472,19.526634990138994,16.0,0.0,136.0,v1\data\wapor\processed\aeti_dekad\WAPOR-3.L2-AETI-D.2020-06-D3_NJValley.tif,18.35111511691707,18.408947722619168,18.41554866737676,286449,145327.48175272386,-1.1755198732219228
2020-07-01,2020,7,1,10,681472,19.543615878568744,16.0,0.0,136.0,v1\data\wapor\processed\aeti_dekad\WAPOR-3.L2-AETI-D.2020-07-D1_NJValley.tif,18.16951436746716,18.206582282105988,18.188601792788155,286449,145327.48175272386,-1.3741015111015855
2020-07-11,2020,7,2,10,681472,23.113075812359128,20.0,0.0,133.0,v1\data\wapor\processed\aeti_dekad\WAPOR-3.L2-AETI-D.2020-07-D2_NJValley.tif,21.945834330441176,21.977118801815603,22.005672774273847,286449,145327.48175272386,-1.1672414819179515
2020-07-21,2020,7,3,11,681472,20.87952447055785,16.5,0.0,137.5,v1\data\wapor\processed\aeti_dekad\WAPOR-3.L2-AETI-D.2020-07-D3_NJValley.tif,18.915309370494715,18.9068672287295,18.712243147193227,286449,145327.48175272386,-1.9642151000631358
2020-08-01,2020,8,1,10,681472,17.79296728258828,14.000000000000002,0.0,125.0,v1\data\wapor\processed\aeti_dekad\WAPOR-3.L2-AETI-D.2020-08-D1_NJValley.tif,15.620018210153024,15.593593837254256,15.299831252917173,286449,145327.48175272386,-2.172949072435255
2020-08-11,2020,8,2,10,681472,17.684871865608564,14.000000000000002,0.0,118.0,v1\data\wapor\processed\aeti_dekad\WAPOR-3.L2-AETI-D.2020-08-D2_NJValley.tif,15.439117794174392,15.39342630908232,14.946683102552749,286449,145327.48175272386,-2.245754071434172
2020-08-21,2020,8,3,11,681472,20.558734181301656,16.5,0.0,126.5,v1\data\wapor\processed\aeti_dekad\WAPOR-3.L2-AETI-D.2020-08-D3_NJValley.tif,17.95076671814745,17.87706727560232,17.220897138373406,286449,145327.48175272386,-2.607967463154207
2020-09-01,2020,9,1,10,681472,19.476261680597297,16.0,0.0,109.0,v1\data\wapor\processed\aeti_dekad\WAPOR-3.L2-AETI-D.2020-09-D1_NJValley.tif,17.116033951429205,17.02913844699953,16.310674150579842,286449,145327.48175272386,-2.3602277291680913
2020-09-11,2020,9,2,10,681472,16.807887924962433,14.000000000000002,0.0,99.0,v1\data\wapor\processed\aeti_dekad\WAPOR-3.L2-AETI-D.2020-09-D2_NJValley.tif,14.534635363075283,14.4439138590186,13.712352047105568,286449,145327.48175272386,-2.2732525618871495
2020-09-21,2020,9,3,10,681472,14.112631186607814,11.0,0.0,88.0,v1\data\wapor\processed\aeti_dekad\WAPOR-3.L2-AETI-D.2020-09-D3_NJValley.tif,11.86683630183686,11.77971477254829,11.117787857390764,286449,145327.48175272386,-2.2457948847709535
2020-10-01,2020,10,1,10,681472,14.87683279723892,12.000000000000002,0.0,82.00000000000001,v1\data\wapor\processed\aeti_dekad\WAPOR-3.L2-AETI-D.2020-10-D1_NJValley.tif,12.667547006741598,12.584114892824926,11.867754945725672,286449,145327.48175272386,-2.209285790497322
2020-10-11,2020,10,2,10,681472,12.629274570341847,10.0,0.0,66.0,v1\data\wapor\processed\aeti_dekad\WAPOR-3.L2-AETI-D.2020-10-D2_NJValley.tif,11.17887332414967,11.13571213791721,10.619876252139258,286449,145327.48175272386,-1.4504012461921771
2020-10-21,2020,10,3,11,681472,15.70753325154959,13.200000000000005,0.0,68.2,v1\data\wapor\processed\aeti_dekad\WAPOR-3.L2-AETI-D.2020-10-D3_NJValley.tif,14.650035938128132,14.657197975517846,14.165141148188386,286449,145327.48175272386,-1.0574973134214574
2020-11-01,2020,11,1,10,681472,8.978566984410218,8.0,0.0,45.0,v1\data\wapor\processed\aeti_dekad\WAPOR-3.L2-AETI-D.2020-11-D1_NJValley.tif,8.547760099445481,8.584558770887327,8.423124334286774,286449,145327.48175272386,-0.4308068849647366
2020-11-11,2020,11,2,10,681472,9.37603599267468,9.0,0.0,39.0,v1\data\wapor\processed\aeti_dekad\WAPOR-3.L2-AETI-D.2020-11-D2_NJValley.tif,9.45390665668332,9.531923423874913,9.469954641741566,286449,145327.48175272386,0.07787066400863907
2020-11-21,2020,11,3,10,681472,7.005177028549962,6.000000000000001,0.0,30.0,v1\data\wapor\processed\aeti_dekad\WAPOR-3.L2-AETI-D.2020-11-D3_NJValley.tif,7.319605323321719,7.401351680293246,7.427803774668789,286449,145327.48175272386,0.3144282947717567
2020-12-01,2020,12,1,10,681472,7.734272281179564,7.000000000000001,0.0,29.000000000000004,v1\data\wapor\processed\aeti_dekad\WAPOR-3.L2-AETI-D.2020-12-D1_NJValley.tif,8.3933725170036,8.516101318747404,8.630036980743684,286449,145327.48175272386,0.6591002358240363
2020-12-11,2020,12,2,10,681472,8.393508464030804,8.0,0.0,29.000000000000004,v1\data\wapor\processed\aeti_dekad\WAPOR-3.L2-AETI-D.2020-12-D2_NJValley.tif,9.27027759178886,9.423094546027292,9.592912622521151,286449,145327.48175272386,0.876769127758056
2020-12-21,2020,12,3,11,681472,9.40736537964876,8.8,0.0,36.3,v1\data\wapor\processed\aeti_dekad\WAPOR-3.L2-AETI-D.2020-12-D3_NJValley.tif,10.973147729445046,11.213222554482966,11.612815211713688,286449,145327.48175272386,1.5657823497962848
2021-01-01,2021,1,1,10,681472,11.853483341942148,11.0,0.0,42.0,v1\data\wapor\processed\aeti_dekad\WAPOR-3.L2-AETI-D.2021-01-D1_NJValley.tif,13.974678556735032,14.290718652901674,14.822085522457725,286449,145327.48175272386,2.121195214792884
2021-01-11,2021,1,2,10,681472,7.931367686419985,7.000000000000001,0.0,31.0,v1\data\wapor\processed\aeti_dekad\WAPOR-3.L2-AETI-D.2021-01-D2_NJValley.tif,9.566672713986376,9.79439138590186,10.287157269887622,286449,145327.48175272386,1.6353050275663916
2021-01-21,2021,1,3,11,681472,9.017720170454549,8.8,0.0,34.1,v1\data\wapor\processed\aeti_dekad\WAPOR-3.L2-AETI-D.2021-01-D3_NJValley.tif,11.00115639088697,11.275098440773062,11.839971523115308,286449,145327.48175272386,1.9834362204324218
2021-02-01,2021,2,1,10,681472,13.039260600582269,13.0,0.0,46.00000000000001,v1\data\wapor\processed\aeti_dekad\WAPOR-3.L2-AETI-D.2021-02-D1_NJValley.tif,15.740118960984004,16.09368690846089,16.79618703400074,286449,145327.48175272386,2.7008583604017353
2021-02-11,2021,2,2,10,681472,9.11147486617205,9.0,0.0,36.0,v1\data\wapor\processed\aeti_dekad\WAPOR-3.L2-AETI-D.2021-02-D2_NJValley.tif,11.265154355238463,11.524270106960294,12.118948741577606,286449,145327.48175272386,2.1536794890664126
2021-02-21,2021,2,3,8,681472,12.047044045830203,12.0,0.0,42.400000000000006,v1\data\wapor\processed\aeti_dekad\WAPOR-3.L2-AETI-D.2021-02-D3_NJValley.tif,14.86590326227649,15.220103343241924,15.959318755666889,286449,145327.48175272386,2.8188592164462865
2021-03-01,2021,3,1,10,681472,13.20829175666792,13.0,0.0,48.00000000000001,v1\data\wapor\processed\aeti_dekad\WAPOR-3.L2-AETI-D.2021-03-D1_NJValley.tif,16.16060076058561,16.52232993026819,17.324281628110153,286449,145327.48175272386,2.952309003917689
2021-03-11,2021,3,2,10,681472,16.3270303108565,16.0,0.0,62.0,v1\data\wapor\processed\aeti_dekad\WAPOR-3.L2-AETI-D.2021-03-D2_NJValley.tif,20.118103906938508,20.576189521614,21.61865552856134,286449,145327.48175272386,3.7910735960820077
2021-03-21,2021,3,3,11,681472,18.20251323605372,17.6,0.0,72.60000000000001,v1\data\wapor\processed\aeti_dekad\WAPOR-3.L2-AETI-D.2021-03-D3_NJValley.tif,21.977915454620625,22.47286185213281,23.56193494059444,286449,145327.48175272386,3.7754022185669065
2021-04-01,2021,4,1,10,681472,18.4577106616266,18.0,0.0,79.0,v1\data\wapor\processed\aeti_dekad\WAPOR-3.L2-AETI-D.2021-04-D1_NJValley.tif,21.91509260595716,22.376437234210112,23.31588017760331,286449,145327.48175272386,3.4573819443305602
2021-04-11,2021,4,2,10,681472,22.825411755728776,22.0,0.0,103.0,v1\data\wapor\processed\aeti_dekad\WAPOR-3.L2-AETI-D.2021-04-D2_NJValley.tif,26.252358631430813,26.740009163934197,27.62388549134124,286449,145327.48175272386,3.4269468757020363
2021-04-21,2021,4,3,10,681472,20.655913962716003,20.0,0.0,113.0,v1\data\wapor\processed\aeti_dekad\WAPOR-3.L2-AETI-D.2021-04-D3_NJValley.tif,22.911439198019,23.271839516602476,23.83453211580119,286449,145327.48175272386,2.255525235302997
2021-05-01,2021,5,1,10,681472,23.85872200178437,23.000000000000004,0.0,128.0,v1\data\wapor\processed\aeti_dekad\WAPOR-3.L2-AETI-D.2021-05-D1_NJValley.tif,25.2827674558744,25.599213906270137,25.95740632143327,286449,145327.48175272386,1.424045454090031
2021-05-11,2021,5,2,10,681472,19.03882771412472,17.0,0.0,125.0,v1\data\wapor\processed\aeti_dekad\WAPOR-3.L2-AETI-D.2021-05-D2_NJValley.tif,19.186241886806123,19.364201950199742,19.49523080053137,286449,145327.48175272386,0.1474141726814011
2021-05-21,2021,5,3,11,681472,20.60360924586777,17.6,0.0,149.60000000000002,v1\data\wapor\processed\aeti_dekad\WAPOR-3.L2-AETI-D.2021-05-D3_NJValley.tif,19.782227060910472,19.905685931469343,19.921628344071404,286449,145327.48175272386,-0.8213821849572973
2021-06-01,2021,6,1,10,681472,17.588302967693462,14.000000000000002,0.0,139.0,v1\data\wapor\processed\aeti_dekad\WAPOR-3.L2-AETI-D.2021-06-D1_NJValley.tif,16.387700962476575,16.45967868955741,16.454300657036512,286449,145327.48175272386,-1.2006020052168864
2021-06-11,2021,6,2,10,681472,16.017542907118706,12.000000000000002,0.0,135.0,v1\data\wapor\processed\aeti_dekad\WAPOR-3.L2-AETI-D.2021-06-D2_NJValley.tif,14.592612511632996,14.633814917166626,14.636595378005431,286449,145327.48175272386,-1.4249303954857098
2021-06-21,2021,6,3,10,681472,19.748824603211872,16.0,0.0,150.0,v1\data\wapor\processed\aeti_dekad\WAPOR-3.L2-AETI-D.2021-06-D3_NJValley.tif,18.090550677550315,18.10789100645771,18.045789102050097,286449,145327.48175272386,-1.6582739256615575
2021-07-01,2021,7,1,10,681472,19.894654512584523,16.0,0.0,153.0,v1\data\wapor\processed\aeti_dekad\WAPOR-3.L2-AETI-D.2021-07-D1_NJValley.tif,17.976878601961992,17.972286258394305,17.862524982945775,286449,145327.48175272386,-1.917775910622531
2021-07-11,2021,7,2,10,681472,19.794437629132236,16.0,0.0,153.0,v1\data\wapor\processed\aeti_dekad\WAPOR-3.L2-AETI-D.2021-07-D2_NJValley.tif,17.687570595195098,17.658664929337476,17.463719377191616,286449,145327.48175272386,-2.1068670339371387
2021-07-21,2021,7,3,11,681472,19.278363894628104,15.400000000000002,0.0,158.4,v1\data\wapor\processed\aeti_dekad\WAPOR-3.L2-AETI-D.2021-07-D3_NJValley.tif,16.90324476276167,16.85582769038104,16.54902521765877,286449,145327.48175272386,-2.375119131866434
2021-08-01,2021,8,1,10,681472,19.62945506198347,15.0,0.0,144.0,v1\data\wapor\processed\aeti_dekad\WAPOR-3.L2-AETI-D.2021-08-D1_NJValley.tif,16.907079670100604,16.829600939303255,16.314073027992865,286449,145327.48175272386,-2.722375391882867
2021-08-11,2021,8,2,10,681472,18.378766845886556,15.0,0.0,140.0,v1\data\wapor\processed\aeti_dekad\WAPOR-3.L2-AETI-D.2021-08-D2_NJValley.tif,15.874441013945242,15.807528744684202,15.267948825352754,286449,145327.48175272386,-2.5043258319413138
2021-08-21,2021,8,3,11,681472,20.32429300103306,16.5,0.0,141.9,v1\data\wapor\processed\aeti_dekad\WAPOR-3.L2-AETI-D.2021-08-D3_NJValley.tif,17.968366393931838,17.914868488129674,17.29939802200833,286449,145327.48175272386,-2.355926607101221
2021-09-01,2021,9,1,10,681472,17.483007372276482,14.000000000000002,0.0,116.0,v1\data\wapor\processed\aeti_dekad\WAPOR-3.L2-AETI-D.2021-09-D1_NJValley.tif,15.743701028590683,15.731790260456192,15.235827040224038,286449,145327.48175272386,-1.739306343685799
2021-09-11,2021,9,2,10,681472,16.82520191585274,14.000000000000002,0.0,97.0,v1\data\wapor\processed\aeti_dekad\WAPOR-3.L2-AETI-D.2021-09-D2_NJValley.tif,15.64005979326504,15.669318002835093,15.28501501968716,286449,145327.48175272386,-1.1851421225877008
2021-09-21,2021,9,3,10,681472,16.43753081564613,14.000000000000002,0.0,89.0,v1\data\wapor\processed\aeti_dekad\WAPOR-3.L2-AETI-D.2021-09-D3_NJValley.tif,15.636660816978347,15.699129426251808,15.44031020740333,286449,145327.48175272386,-0.8008699986677836
2021-10-01,2021,10,1,10,681472,15.101715110818931,13.0,0.0,77.0,v1\data\wapor\processed\aeti_dekad\WAPOR-3.L2-AETI-D.2021-10-D1_NJValley.tif,14.488217426480618,14.54618479646043,14.329750948454349,286449,145327.48175272386,-0.6134976843383129
2021-10-11,2021,10,2,10,681472,12.616870539068367,11.0,0.0,61.00000000000001,v1\data\wapor\processed\aeti_dekad\WAPOR-3.L2-AETI-D.2021-10-D2_NJValley.tif,11.869709133080356,11.895581265482038,11.647282693251311,286449,145327.48175272386,-0.7471614059880114
2021-10-21,2021,10,3,11,681472,12.099814372417356,9.9,0.0,60.5,v1\data\wapor\processed\aeti_dekad\WAPOR-3.L2-AETI-D.2021-10-D3_NJValley.tif,11.139919036179062,11.15032285888006,10.876238944470368,286449,145327.48175272386,-0.9598953362382936
2021-11-01,2021,11,1,10,681472,11.088256010518409,9.0,0.0,54.0,v1\data\wapor\processed\aeti_dekad\WAPOR-3.L2-AETI-D.2021-11-D1_NJValley.tif,9.932685913072625,9.933088961754894,9.65975322235121,286449,145327.48175272386,-1.1555700974457839
2021-11-11,2021,11,2,10,681472,9.407764368895569,7.000000000000001,0.0,46.00000000000001,v1\data\wapor\processed\aeti_dekad\WAPOR-3.L2-AETI-D.2021-11-D2_NJValley.tif,8.485023616919058,8.494995632812612,8.297928360281006,286449,145327.48175272386,-0.9227407519765105
2021-11-21,2021,11,3,10,681472,7.946077021506386,6.000000000000001,0.0,37.0,v1\data\wapor\processed\aeti_dekad\WAPOR-3.L2-AETI-D.2021-11-D3_NJValley.tif,7.401182366831503,7.423008634144246,7.327776248548894,286449,145327.48175272386,-0.5448946546748825
2021-12-01,2021,12,1,10,681472,6.387622675619835,5.0,0.0,35.0,v1\data\wapor\processed\aeti_dekad\WAPOR-3.L2-AETI-D.2021-12-D1_NJValley.tif,6.012657615181772,6.051819184123484,6.0603659777158105,286449,145327.48175272386,-0.374965060438063
2021-12-11,2021,12,2,10,681472,6.135172098046581,5.0,0.0,33.0,v1\data\wapor\processed\aeti_dekad\WAPOR-3.L2-AETI-D.2021-12-D2_NJValley.tif,5.944674942834253,6.000014318647175,6.0507557715092695,286449,145327.48175272386,-0.19049715521232802
2021-12-21,2021,12,3,11,681472,5.013328060433885,4.4,0.0,26.40000000000001,v1\data\wapor\processed\aeti_dekad\WAPOR-3.L2-AETI-D.2021-12-D3_NJValley.tif,5.184829744839464,5.263828938726717,5.398342435986582,286449,145327.48175272386,0.17150168440557856
2022-01-01,2022,1,1,10,681472,6.732587692524418,6.000000000000001,0.0,29.000000000000004,v1\data\wapor\processed\aeti_dekad\WAPOR-3.L2-AETI-D.2022-01-D1_NJValley.tif,7.422390971597366,7.553057747104053,7.740883468769821,286449,145327.48175272386,0.6898032790729482
2022-01-11,2022,1,2,10,681472,5.163592928249437,4.0,0.0,27.0,v1\data\wapor\processed\aeti_dekad\WAPOR-3.L2-AETI-D.2022-01-D2_NJValley.tif,5.710372780955314,5.82498317558957,6.042378256758859,286449,145327.48175272386,0.5467798527058774
2022-01-21,2022,1,3,11,681472,5.16845945247934,4.4,0.0,28.6,v1\data\wapor\processed\aeti_dekad\WAPOR-3.L2-AETI-D.2022-01-D3_NJValley.tif,6.050130389775741,6.19103006364796,6.505056406686157,286449,145327.48175272386,0.8816709372964011
2022-02-01,2022,2,1,10,681472,7.282633769252442,7.000000000000001,0.0,34.0,v1\data\wapor\processed\aeti_dekad\WAPOR-3.L2-AETI-D.2022-02-D1_NJValley.tif,8.59182600702581,8.783681037815548,9.15846667544311,286449,145327.48175272386,1.3091922377733685
2022-02-11,2022,2,2,10,681472,9.538864399417731,9.0,0.0,40.0,v1\data\wapor\processed\aeti_dekad\WAPOR-3.L2-AETI-D.2022-02-D2_NJValley.tif,11.432132110880453,11.674701814172597,12.105389135560156,286449,145327.48175272386,1.8932677114627214
2022-02-21,2022,2,3,8,681472,8.949596168294518,8.8,0.0,34.4,v1\data\wapor\processed\aeti_dekad\WAPOR-3.L2-AETI-D.2022-02-D3_NJValley.tif,10.852565074691611,11.093812884115987,11.533597384487893,286449,145327.48175272386,1.9029689063970938
2022-03-01,2022,3,1,10,681472,13.679694837058603,13.0,0.0,51.00000000000001,v1\data\wapor\processed\aeti_dekad\WAPOR-3.L2-AETI-D.2022-03-D1_NJValley.tif,16.82545314349699,17.212273944357737,17.98513589525713,286449,145327.48175272386,3.1457583064383865
2022-03-11,2022,3,2,10,681472,9.839177545078888,9.0,0.0,44.0,v1\data\wapor\processed\aeti_dekad\WAPOR-3.L2-AETI-D.2022-03-D2_NJValley.tif,12.492111265189545,12.828885006944544,13.560048828943115,286449,145327.48175272386,2.6529337201106564
2022-03-21,2022,3,3,11,681472,17.145205965909092,16.5,0.0,68.2,v1\data\wapor\processed\aeti_dekad\WAPOR-3.L2-AETI-D.2022-03-D3_NJValley.tif,21.63358317664172,22.17415336230467,23.356000023971777,286449,145327.48175272386,4.488377210732629
2022-04-01,2022,4,1,10,681472,26.930224572689703,27.0,0.0,97.0,v1\data\wapor\processed\aeti_dekad\WAPOR-3.L2-AETI-D.2022-04-D1_NJValley.tif,32.60104877052538,33.29193573791148,34.642591284991084,286449,145327.48175272386,5.670824197835678
2022-04-11,2022,4,2,10,681472,22.674419491923366,22.0,0.0,91.0,v1\data\wapor\processed\aeti_dekad\WAPOR-3.L2-AETI-D.2022-04-D2_NJValley.tif,27.454968531754947,28.062815905153283,29.314611582512537,286449,145327.48175272386,4.78054903983158
2022-04-21,2022,4,3,10,681472,23.191155322595797,23.000000000000004,0.0,96.0,v1\data\wapor\processed\aeti_dekad\WAPOR-3.L2-AETI-D.2022-04-D3_NJValley.tif,27.14264049232856,27.65098297512851,28.61322211185179,286449,145327.48175272386,3.951485169732763
2022-05-01,2022,5,1,10,681472,17.65684430174681,17.0,0.0,100.0,v1\data\wapor\processed\aeti_dekad\WAPOR-3.L2-AETI-D.2022-05-D1_NJValley.tif,19.6215041865457,19.962757198699865,20.523295474945247,286449,145327.48175272386,1.9646598847988912
2022-05-11,2022,5,2,10,681472,19.29029512584523,17.0,0.0,115.0,v1\data\wapor\processed\aeti_dekad\WAPOR-3.L2-AETI-D.2022-05-D2_NJValley.tif,19.901596247897107,20.13482438179241,20.378603827327453,286449,145327.48175272386,0.6113011220518771
2022-05-21,2022,5,3,11,681472,22.280636621900825,18.700000000000003,0.0,139.70000000000002,v1\data\wapor\processed\aeti_dekad\WAPOR-3.L2-AETI-D.2022-05-D3_NJValley.tif,21.678080782350182,21.825885955056595,21.84449895525914,286449,145327.48175272386,-0.602555839550643
2022-06-01,2022,6,1,10,681472,17.635898466848236,14.000000000000002,0.0,122.0,v1\data\wapor\processed\aeti_dekad\WAPOR-3.L2-AETI-D.2022-06-D1_NJValley.tif,16.27685272393554,16.326794484457107,16.267948825352754,286449,145327.48175272386,-1.359045742912695
2022-06-11,2022,6,2,10,681472,17.951568076164538,14.000000000000002,0.0,130.0,v1\data\wapor\processed\aeti_dekad\WAPOR-3.L2-AETI-D.2022-06-D2_NJValley.tif,16.664633378385467,16.714994487320837,16.724870447718324,286449,145327.48175272386,-1.2869346977790705
2022-06-21,2022,6,3,10,681472,18.10354057099925,14.000000000000002,0.0,133.0,v1\data\wapor\processed\aeti_dekad\WAPOR-3.L2-AETI-D.2022-06-D3_NJValley.tif,16.524132545136318,16.553007631838945,16.560635254975644,286449,145327.48175272386,-1.5794080258629322
2022-07-01,2022,7,1,10,681472,18.513799539819683,14.000000000000002,0.0,141.0,v1\data\wapor\processed\aeti_dekad\WAPOR-3.L2-AETI-D.2022-07-D1_NJValley.tif,16.74091597527748,16.74608027033606,16.726222817956604,286449,145327.48175272386,-1.7728835645422016
2022-07-11,2022,7,2,10,681472,18.557061772163788,14.000000000000002,0.0,137.0,v1\data\wapor\processed\aeti_dekad\WAPOR-3.L2-AETI-D.2022-07-D2_NJValley.tif,16.651100918852656,16.642499176677788,16.627810955395717,286449,145327.48175272386,-1.9059608533111323
2022-07-21,2022,7,3,11,681472,19.817933238636368,15.400000000000002,0.0,161.70000000000002,v1\data\wapor\processed\aeti_dekad\WAPOR-3.L2-AETI-D.2022-07-D3_NJValley.tif,17.41894327283321,17.37831941165268,17.33158561309309,286449,145327.48175272386,-2.398989965803157
2022-08-01,2022,8,1,10,681472,15.527439131761833,11.0,0.0,138.0,v1\data\wapor\processed\aeti_dekad\WAPOR-3.L2-AETI-D.2022-08-D1_NJValley.tif,13.170304987910423,13.117276879680407,13.058702442643945,286449,145327.48175272386,-2.3571341438514093
2022-08-11,2022,8,2,10,681472,15.10460737932006,11.0,0.0,123.0,v1\data\wapor\processed\aeti_dekad\WAPOR-3.L2-AETI-D.2022-08-D2_NJValley.tif,12.708967812525954,12.645942811323186,12.479181875845232,286449,145327.48175272386,-2.395639566794106
2022-08-21,2022,8,3,11,681472,19.37711454028926,15.400000000000002,0.0,134.20000000000002,v1\data\wapor\processed\aeti_dekad\WAPOR-3.L2-AETI-D.2022-08-D3_NJValley.tif,16.830268948542226,16.742148370934586,16.307703724750013,286449,145327.48175272386,-2.546845591747033
2022-09-01,2022,9,1,10,681472,16.17414508593163,13.0,0.0,105.0,v1\data\wapor\processed\aeti_dekad\WAPOR-3.L2-AETI-D.2022-09-D1_NJValley.tif,14.082278454803545,14.01108979223643,13.536208815539092,286449,145327.48175272386,-2.0918666311280862
2022-09-11,2022,9,2,10,681472,14.783332257231406,11.0,0.0,99.0,v1\data\wapor\processed\aeti_dekad\WAPOR-3.L2-AETI-D.2022-09-D2_NJValley.tif,12.71422428770921,12.641940749437993,12.082925428150842,286449,145327.48175272386,-2.069107969522195
2022-09-21,2022,9,3,10,681472,15.206093573910591,12.000000000000002,0.0,92.0,v1\data\wapor\processed\aeti_dekad\WAPOR-3.L2-AETI-D.2022-09-D3_NJValley.tif,12.859833911041788,12.76441529804264,12.016527639814738,286449,145327.48175272386,-2.3462596628688033
2022-10-01,2022,10,1,10,681472,13.05710139228024,10.0,0.0,78.0,v1\data\wapor\processed\aeti_dekad\WAPOR-3.L2-AETI-D.2022-10-D1_NJValley.tif,11.06010397194824,10.977247669640173,10.306006678076043,286449,145327.48175272386,-1.996997420331999
2022-10-11,2022,10,2,10,681472,11.604704228493611,9.0,0.0,64.0,v1\data\wapor\processed\aeti_dekad\WAPOR-3.L2-AETI-D.2022-10-D2_NJValley.tif,9.916840267627853,9.84587408181675,9.206972485847984,286449,145327.48175272386,-1.6878639608657586
2022-10-21,2022,10,3,11,681472,12.64616961518595,9.9,0.0,61.60000000000001,v1\data\wapor\processed\aeti_dekad\WAPOR-3.L2-AETI-D.2022-10-D3_NJValley.tif,10.787891025249312,10.71460068197782,9.961228810013306,286449,145327.48175272386,-1.8582785899366385
2022-11-01,2022,11,1,10,681472,8.554473257888805,7.000000000000001,0.0,47.0,v1\data\wapor\processed\aeti_dekad\WAPOR-3.L2-AETI-D.2022-11-D1_NJValley.tif,7.363107740982992,7.318546943684761,6.816556362722453,286449,145327.48175272386,-1.1913655169058135
2022-11-11,2022,11,2,10,681472,9.176940505259203,8.0,0.0,43.0,v1\data\wapor\processed\aeti_dekad\WAPOR-3.L2-AETI-D.2022-11-D2_NJValley.tif,7.979589076103253,7.947536476753676,7.431956628409349,286449,145327.48175272386,-1.1973514291559502
2022-11-21,2022,11,3,10,681472,6.919659208302028,6.000000000000001,0.0,34.0,v1\data\wapor\processed\aeti_dekad\WAPOR-3.L2-AETI-D.2022-11-D3_NJValley.tif,6.045345769964076,6.033806325978322,5.711909235611619,286449,145327.48175272386,-0.8743134383379525
2022-12-01,2022,12,1,10,681472,6.437733318463561,6.000000000000001,0.0,29.000000000000004,v1\data\wapor\processed\aeti_dekad\WAPOR-3.L2-AETI-D.2022-12-D1_NJValley.tif,6.046168293409608,6.0609902776385685,5.840779348229352,286449,145327.48175272386,-0.39156502505395263
2022-12-11,2022,12,2,10,681472,7.585170043670173,7.000000000000001,0.0,31.0,v1\data\wapor\processed\aeti_dekad\WAPOR-3.L2-AETI-D.2022-12-D2_NJValley.tif,7.42898729069926,7.477476767994959,7.324880022020896,286449,145327.48175272386,-0.15618275297091344
2022-12-21,2022,12,3,11,681472,5.764916386880167,5.5,0.0,27.5,v1\data\wapor\processed\aeti_dekad\WAPOR-3.L2-AETI-D.2022-12-D3_NJValley.tif,5.944823579703871,6.014474700091025,6.017068568369353,286449,145327.48175272386,0.1799071928237037
2023-01-01,2023,1,1,10,681472,6.5407896435950414,6.000000000000001,0.0,30.0,v1\data\wapor\processed\aeti_dekad\WAPOR-3.L2-AETI-D.2023-01-D1_NJValley.tif,7.071189480281144,7.182068758143731,7.312086360209198,286449,145327.48175272386,0.5303998366861027
2023-01-11,2023,1,2,10,681472,7.246975664444027,7.000000000000001,0.0,31.0,v1\data\wapor\processed\aeti_dekad\WAPOR-3.L2-AETI-D.2023-01-D2_NJValley.tif,8.005179864215355,8.144718566989791,8.314491903730387,286449,145327.48175272386,0.7582041997713285
2023-01-21,2023,1,3,11,681472,10.541599948347107,9.9,0.0,38.5,v1\data\wapor\processed\aeti_dekad\WAPOR-3.L2-AETI-D.2023-01-D3_NJValley.tif,12.046263601694603,12.268144585222608,12.588343285567822,286449,145327.48175272386,1.504663653347496
2023-02-01,2023,2,1,10,681472,5.286368332081142,4.0,0.0,35.0,v1\data\wapor\processed\aeti_dekad\WAPOR-3.L2-AETI-D.2023-02-D1_NJValley.tif,6.197878009070473,6.345337132547717,6.692269947461015,286449,145327.48175272386,0.9115096769893309
2023-02-11,2023,2,2,10,681472,9.02303542918858,8.0,0.0,40.0,v1\data\wapor\processed\aeti_dekad\WAPOR-3.L2-AETI-D.2023-02-D2_NJValley.tif,10.928635668892822,11.175696960151203,11.710820158694066,286449,145327.48175272386,1.905600239704242
2023-02-21,2023,2,3,8,681472,10.076610631104431,9.6,0.0,41.6,v1\data\wapor\processed\aeti_dekad\WAPOR-3.L2-AETI-D.2023-02-D3_NJValley.tif,12.419797336972454,12.70576035810327,13.328357847222236,286449,145327.48175272386,2.343186705868023
2023-03-01,2023,3,1,10,681472,15.78406449567994,15.0,0.0,64.0,v1\data\wapor\processed\aeti_dekad\WAPOR-3.L2-AETI-D.2023-03-D1_NJValley.tif,19.82135388726527,20.30677701570756,21.376617159543784,286449,145327.48175272386,4.037289391585331
2023-03-11,2023,3,2,10,681472,13.397667108846733,13.0,0.0,59.0,v1\data\wapor\processed\aeti_dekad\WAPOR-3.L2-AETI-D.2023-03-D2_NJValley.tif,16.735223120734137,17.1486561949627,18.09132687865768,286449,145327.48175272386,3.337556011887404
2023-03-21,2023,3,3,11,681472,16.744917032541323,15.400000000000002,0.0,72.60000000000001,v1\data\wapor\processed\aeti_dekad\WAPOR-3.L2-AETI-D.2023-03-D3_NJValley.tif,21.1765335709558,21.719349489052743,22.892840790557702,286449,145327.48175272386,4.4316165384144774
2023-04-01,2023,4,1,10,681472,23.733818850957928,23.000000000000004,0.0,93.0,v1\data\wapor\processed\aeti_dekad\WAPOR-3.L2-AETI-D.2023-04-D1_NJValley.tif,28.640574583355804,29.26722891221237,30.33421496702849,286449,145327.48175272386,4.906755732397876
2023-04-11,2023,4,2,10,681472,20.317022562922613,20.0,0.0,88.0,v1\data\wapor\processed\aeti_dekad\WAPOR-3.L2-AETI-D.2023-04-D2_NJValley.tif,23.96549293107442,24.446376666332565,25.18280933973216,286449,145327.48175272386,3.6484703681518056
2023-04-21,2023,4,3,10,681472,19.426567782682195,18.0,0.0,100.0,v1\data\wapor\processed\aeti_dekad\WAPOR-3.L2-AETI-D.2023-04-D3_NJValley.tif,22.27750382516068,22.69484099142313,23.178967650825182,286449,145327.48175272386,2.8509360424784838
2023-05-01,2023,5,1,10,681472,22.27365320952292,21.0,0.0,112.0,v1\data\wapor\processed\aeti_dekad\WAPOR-3.L2-AETI-D.2023-05-D1_NJValley.tif,24.45758224286869,24.84779993986168,25.149000083775142,286449,145327.48175272386,2.1839290333457697
2023-05-11,2023,5,2,10,681472,21.394347823534936,20.0,0.0,112.0,v1\data\wapor\processed\aeti_dekad\WAPOR-3.L2-AETI-D.2023-05-D2_NJValley.tif,22.248062461794277,22.51301565028136,22.606544035807893,286449,145327.48175272386,0.8537146382593406
2023-05-21,2023,5,3,11,681472,22.01426426911157,18.700000000000003,0.0,124.3,v1\data\wapor\processed\aeti_dekad\WAPOR-3.L2-AETI-D.2023-05-D3_NJValley.tif,21.53517777193035,21.703323345596104,21.699608637788195,286449,145327.48175272386,-0.4790864971812212
2023-06-01,2023,6,1,10,681472,20.15108911297896,17.0,0.0,116.0,v1\data\wapor\processed\aeti_dekad\WAPOR-3.L2-AETI-D.2023-06-D1_NJValley.tif,19.35827297848175,19.46064519824167,19.468183395765763,286449,145327.48175272386,-0.7928161344972082
2023-06-11,2023,6,2,10,681472,17.66489745726897,14.000000000000002,0.0,122.0,v1\data\wapor\processed\aeti_dekad\WAPOR-3.L2-AETI-D.2023-06-D2_NJValley.tif,16.724729880934525,16.799087902175003,16.909726294625226,286449,145327.48175272386,-0.9401675763344457
2023-06-21,2023,6,3,10,681472,19.715486476333584,16.0,0.0,127.0,v1\data\wapor\processed\aeti_dekad\WAPOR-3.L2-AETI-D.2023-06-D3_NJValley.tif,18.76216584130689,18.823393805753238,18.95867491652405,286449,145327.48175272386,-0.9533206350266958
2023-07-01,2023,7,1,10,681472,19.498585415101427,15.0,0.0,128.0,v1\data\wapor\processed\aeti_dekad\WAPOR-3.L2-AETI-D.2023-07-D1_NJValley.tif,18.46388928017242,18.512163690774496,18.62386155558481,286449,145327.48175272386,-1.034696134929007
2023-07-11,2023,7,2,10,681472,23.4475517702855,19.0,0.0,141.0,v1\data\wapor\processed\aeti_dekad\WAPOR-3.L2-AETI-D.2023-07-D2_NJValley.tif,22.008000113015324,22.031701484843712,22.020596718407795,286449,145327.48175272386,-1.4395516572701759
2023-07-21,2023,7,3,11,681472,23.595620803202483,18.700000000000003,0.0,148.5,v1\data\wapor\processed\aeti_dekad\WAPOR-3.L2-AETI-D.2023-07-D3_NJValley.tif,21.68748111634876,21.686186805297694,21.565052601802524,286449,145327.48175272386,-1.9081396868537226
2023-08-01,2023,8,1,10,681472,18.718121947783622,14.000000000000002,0.0,128.0,v1\data\wapor\processed\aeti_dekad\WAPOR-3.L2-AETI-D.2023-08-D1_NJValley.tif,16.75001988542139,16.726936239064134,16.524492262766735,286449,145327.48175272386,-1.968102062362231
2023-08-11,2023,8,2,10,681472,16.70501942853118,13.0,0.0,120.0,v1\data\wapor\processed\aeti_dekad\WAPOR-3.L2-AETI-D.2023-08-D2_NJValley.tif,14.618780606212368,14.573762510917968,14.291932453295356,286449,145327.48175272386,-2.086238822318812
2023-08-21,2023,8,3,11,681472,14.513106921487603,11.0,0.0,123.20000000000002,v1\data\wapor\processed\aeti_dekad\WAPOR-3.L2-AETI-D.2023-08-D3_NJValley.tif,11.834830139710368,11.755630768340218,11.361080414499265,286449,145327.48175272386,-2.6782767817772353
2023-09-01,2023,9,1,10,681472,12.179279559541698,9.0,0.0,105.0,v1\data\wapor\processed\aeti_dekad\WAPOR-3.L2-AETI-D.2023-09-D1_NJValley.tif,9.4753576451826,9.377346468305674,8.901300908361957,286449,145327.48175272386,-2.703921914359098
2023-09-11,2023,9,2,10,681472,14.735245175150265,11.0,0.0,98.0,v1\data\wapor\processed\aeti_dekad\WAPOR-3.L2-AETI-D.2023-09-D2_NJValley.tif,12.075375554607549,11.967110067440828,11.259607214236988,286449,145327.48175272386,-2.6598696205427164
2023-09-21,2023,9,3,10,681472,11.953741312922617,9.0,0.0,89.0,v1\data\wapor\processed\aeti_dekad\WAPOR-3.L2-AETI-D.2023-09-D3_NJValley.tif,9.905924574194891,9.828555678059535,9.25565781442608,286449,145327.48175272386,-2.0478167387277253
2023-10-01,2023,10,1,10,681472,10.27967253240045,8.0,0.0,71.0,v1\data\wapor\processed\aeti_dekad\WAPOR-3.L2-AETI-D.2023-10-D1_NJValley.tif,8.39804211299814,8.32503329085468,7.777947987601278,286449,145327.48175272386,-1.8816304194023097
2023-10-11,2023,10,2,10,681472,7.63735120445154,6.000000000000001,0.0,63.00000000000001,v1\data\wapor\processed\aeti_dekad\WAPOR-3.L2-AETI-D.2023-10-D2_NJValley.tif,6.142815467963919,6.089906785606896,5.693155570448915,286449,145327.48175272386,-1.494535736487621
2023-10-21,2023,10,3,11,681472,15.278586647727272,12.1,0.0,81.4,v1\data\wapor\processed\aeti_dekad\WAPOR-3.L2-AETI-D.2023-10-D3_NJValley.tif,12.66894244629776,12.543644630580726,11.549716913196628,286449,145327.48175272386,-2.6096442014295125
2023-11-01,2023,11,1,10,681472,10.955902810386927,9.0,0.0,53.00000000000001,v1\data\wapor\processed\aeti_dekad\WAPOR-3.L2-AETI-D.2023-11-D1_NJValley.tif,9.531504052147168,9.465492060310142,8.820637409193724,286449,145327.48175272386,-1.424398758239759
2023-11-11,2023,11,2,10,681472,7.696034466566491,6.000000000000001,0.0,38.0,v1\data\wapor\processed\aeti_dekad\WAPOR-3.L2-AETI-D.2023-11-D2_NJValley.tif,6.922557743500137,6.909062271796561,6.551060952403748,286449,145327.48175272386,-0.773476723066354
2023-11-21,2023,11,3,10,681472,8.409021940740045,7.000000000000001,0.0,38.0,v1\data\wapor\processed\aeti_dekad\WAPOR-3.L2-AETI-D.2023-11-D3_NJValley.tif,8.046790544142477,8.098268875556638,7.876694950752181,286449,145327.48175272386,-0.36223139659756853
2023-12-01,2023,12,1,10,681472,8.370621243425996,8.0,0.0,31.0,v1\data\wapor\processed\aeti_dekad\WAPOR-3.L2-AETI-D.2023-12-D1_NJValley.tif,8.63712488211276,8.729578029467776,8.66068671685197,286449,145327.48175272386,0.2665036386867641
2023-12-11,2023,12,2,10,681472,7.967282588279489,7.000000000000001,0.0,31.0,v1\data\wapor\processed\aeti_dekad\WAPOR-3.L2-AETI-D.2023-12-D2_NJValley.tif,8.595082979276869,8.727251249301966,8.81814809052503,286449,145327.48175272386,0.6278003909973799
2023-12-21,2023,12,3,11,681472,8.678128228305786,7.700000000000001,0.0,31.90000000000001,v1\data\wapor\processed\aeti_dekad\WAPOR-3.L2-AETI-D.2023-12-D3_NJValley.tif,9.572386662108654,9.733745448189634,9.905371164721164,286449,145327.48175272386,0.8942584338028681
2024-01-01,2024,1,1,10,681472,8.301227343163035,8.0,0.0,28.000000000000004,v1\data\wapor\processed\aeti_dekad\WAPOR-3.L2-AETI-D.2024-01-D1_NJValley.tif,9.302570036667015,9.45680780079898,9.615005325705804,286449,145327.48175272386,1.0013426935039806
2024-01-11,2024,1,2,10,681472,6.688351098797896,6.000000000000001,0.0,29.000000000000004,v1\data\wapor\processed\aeti_dekad\WAPOR-3.L2-AETI-D.2024-01-D2_NJValley.tif,7.550889997768526,7.677651455490485,7.844597101379897,286449,145327.48175272386,0.8625388989706302
2024-01-21,2024,1,3,11,681472,7.114838907541323,6.600000000000001,0.0,29.700000000000003,v1\data\wapor\processed\aeti_dekad\WAPOR-3.L2-AETI-D.2024-01-D3_NJValley.tif,8.16352374531278,8.318987203201827,8.578162174018155,286449,145327.48175272386,1.0486848377714573
2024-02-01,2024,2,1,10,681472,7.945209781179564,8.0,0.0,35.0,v1\data\wapor\processed\aeti_dekad\WAPOR-3.L2-AETI-D.2024-02-D1_NJValley.tif,9.406819569513482,9.59321439310414,9.916093205835535,286449,145327.48175272386,1.4616097883339183
2024-02-11,2024,2,2,10,681472,10.097390648478587,10.0,0.0,37.0,v1\data\wapor\processed\aeti_dekad\WAPOR-3.L2-AETI-D.2024-02-D2_NJValley.tif,12.044478565941471,12.299259725941091,12.761875127158708,286449,145327.48175272386,1.9470879174628841
2024-02-21,2024,2,3,9,681472,13.850881033996997,13.5,0.0,48.6,v1\data\wapor\processed\aeti_dekad\WAPOR-3.L2-AETI-D.2024-02-D3_NJValley.tif,16.68584199939247,17.04557271146609,17.667808830289378,286449,145327.48175272386,2.8349609653954726
2024-03-01,2024,3,1,10,681472,16.78398378803531,17.0,0.0,61.00000000000001,v1\data\wapor\processed\aeti_dekad\WAPOR-3.L2-AETI-D.2024-03-D1_NJValley.tif,20.260045959040543,20.699730809433124,21.48247304235432,286449,145327.48175272386,3.476062171005232
2024-03-11,2024,3,2,10,681472,16.938808931254695,17.0,0.0,67.0,v1\data\wapor\processed\aeti_dekad\WAPOR-3.L2-AETI-D.2024-03-D2_NJValley.tif,20.25802867773916,20.674551468377267,21.44509735868928,286449,145327.48175272386,3.319219746484464
2024-03-21,2024,3,3,11,681472,24.585487151342974,24.200000000000003,0.0,89.1,v1\data\wapor\processed\aeti_dekad\WAPOR-3.L2-AETI-D.2024-03-D3_NJValley.tif,29.3725009254558,29.950976450942985,30.987556912060494,286449,145327.48175272386,4.787013774112825
2024-04-01,2024,4,1,10,681472,23.470063333489858,24.000000000000004,0.0,89.0,v1\data\wapor\processed\aeti_dekad\WAPOR-3.L2-AETI-D.2024-04-D1_NJValley.tif,27.39011933506873,27.878277180372,28.6823605442991,286449,145327.48175272386,3.920056001578871
2024-04-11,2024,4,2,10,681472,21.80290899699474,22.0,0.0,95.0,v1\data\wapor\processed\aeti_dekad\WAPOR-3.L2-AETI-D.2024-04-D2_NJValley.tif,25.085278510807807,25.508218903478,26.11809902222435,286449,145327.48175272386,3.282369513813066
2024-04-21,2024,4,3,10,681472,23.18340738871149,23.000000000000004,0.0,88.0,v1\data\wapor\processed\aeti_dekad\WAPOR-3.L2-AETI-D.2024-04-D3_NJValley.tif,25.8935277796476,26.29450593507925,26.72518161255191,286449,145327.48175272386,2.7101203909361082
2024-05-01,2024,5,1,10,681472,19.306828453700227,18.0,0.0,101.0,v1\data\wapor\processed\aeti_dekad\WAPOR-3.L2-AETI-D.2024-05-D1_NJValley.tif,20.31228184354552,20.57422786695113,20.70982682480223,286449,145327.48175272386,1.005453389845293
2024-05-11,2024,5,2,10,681472,19.31275826446281,17.0,0.0,106.0,v1\data\wapor\processed\aeti_dekad\WAPOR-3.L2-AETI-D.2024-05-D2_NJValley.tif,19.229159862473374,19.40042096822692,19.38620342999389,286449,145327.48175272386,-0.08359840198943758
2024-05-21,2024,5,3,11,681472,20.367560369318184,17.6,0.0,130.9,v1\data\wapor\processed\aeti_dekad\WAPOR-3.L2-AETI-D.2024-05-D3_NJValley.tif,19.560556182695155,19.68968340665109,19.649988620938664,286449,145327.48175272386,-0.8070041866230291
2024-06-01,2024,6,1,10,681472,23.797467834335087,20.0,0.0,135.0,v1\data\wapor\processed\aeti_dekad\WAPOR-3.L2-AETI-D.2024-06-D1_NJValley.tif,22.94940880637516,23.05673048010424,23.00230980049547,286449,145327.48175272386,-0.8480590279599269
2024-06-11,2024,6,2,10,681472,23.170574873215628,19.0,0.0,138.0,v1\data\wapor\processed\aeti_dekad\WAPOR-3.L2-AETI-D.2024-06-D2_NJValley.tif,22.17498432729972,22.253783702515783,22.29977141352609,286449,145327.48175272386,-0.9955905459159098
2024-06-21,2024,6,3,10,681472,19.556369153831707,15.0,0.0,133.0,v1\data\wapor\processed\aeti_dekad\WAPOR-3.L2-AETI-D.2024-06-D3_NJValley.tif,18.35315552529645,18.41395924913014,18.572579197434088,286449,145327.48175272386,-1.2032136285352557
2024-07-01,2024,7,1,10,681472,18.483086612509396,13.0,0.0,136.0,v1\data\wapor\processed\aeti_dekad\WAPOR-3.L2-AETI-D.2024-07-D1_NJValley.tif,16.6867153782545,16.71620441300706,16.929581004583696,286449,145327.48175272386,-1.7963712342548952
2024-07-11,2024,7,2,10,681472,17.42285669844102,12.000000000000002,0.0,139.0,v1\data\wapor\processed\aeti_dekad\WAPOR-3.L2-AETI-D.2024-07-D2_NJValley.tif,15.1441590052579,15.141890634172883,15.313582344986058,286449,145327.48175272386,-2.278697693183121
2024-07-21,2024,7,3,11,681472,18.86160091683884,13.200000000000005,0.0,147.4,v1\data\wapor\processed\aeti_dekad\WAPOR-3.L2-AETI-D.2024-07-D3_NJValley.tif,16.30981879572797,16.28665929610695,16.30541304748928,286449,145327.48175272386,-2.551782121110868
2024-08-01,2024,8,1,10,681472,17.48848228540571,13.0,0.0,129.0,v1\data\wapor\processed\aeti_dekad\WAPOR-3.L2-AETI-D.2024-08-D1_NJValley.tif,15.101255856088311,15.06316671200905,14.884833107938292,286449,145327.48175272386,-2.3872264293173977
2024-08-11,2024,8,2,10,681472,17.842097694402703,13.0,0.0,122.0,v1\data\wapor\processed\aeti_dekad\WAPOR-3.L2-AETI-D.2024-08-D2_NJValley.tif,15.642710137163174,15.602349690001288,15.270079107675,286449,145327.48175272386,-2.199387557239529
2024-08-21,2024,8,3,11,681472,18.859586454028925,14.3,0.0,126.5,v1\data\wapor\processed\aeti_dekad\WAPOR-3.L2-AETI-D.2024-08-D3_NJValley.tif,16.281157197372995,16.225216557869693,15.701418179981882,286449,145327.48175272386,-2.57842925665593
2024-09-01,2024,9,1,10,681472,15.172670337152518,11.0,0.0,108.0,v1\data\wapor\processed\aeti_dekad\WAPOR-3.L2-AETI-D.2024-09-D1_NJValley.tif,12.768574808283518,12.700146050201177,12.108620462678171,286449,145327.48175272386,-2.404095528869
2024-09-11,2024,9,2,10,681472,14.61667097107438,11.0,0.0,104.0,v1\data\wapor\processed\aeti_dekad\WAPOR-3.L2-AETI-D.2024-09-D2_NJValley.tif,12.146360189813704,12.080477956442676,11.390799095228408,286449,145327.48175272386,-2.4703107812606753
2024-09-21,2024,9,3,10,681472,13.537781449567994,10.0,0.0,89.0,v1\data\wapor\processed\aeti_dekad\WAPOR-3.L2-AETI-D.2024-09-D3_NJValley.tif,11.562268373959126,11.506171336932086,10.855068994817907,286449,145327.48175272386,-1.975513075608868
2024-10-01,2024,10,1,10,681472,12.724852965345605,10.0,0.0,74.0,v1\data\wapor\processed\aeti_dekad\WAPOR-3.L2-AETI-D.2024-10-D1_NJValley.tif,11.16861136704695,11.133492747605208,10.520530895077613,286449,145327.48175272386,-1.556241598298655
2024-10-11,2024,10,2,10,681472,11.457929305972952,9.0,0.0,64.0,v1\data\wapor\processed\aeti_dekad\WAPOR-3.L2-AETI-D.2024-10-D2_NJValley.tif,9.920468880962014,9.87574993914575,9.269097741661382,286449,145327.48175272386,-1.5374604250109378
2024-10-21,2024,10,3,11,681472,13.185569473140498,9.9,0.0,69.30000000000001,v1\data\wapor\processed\aeti_dekad\WAPOR-3.L2-AETI-D.2024-10-D3_NJValley.tif,11.088153637601078,11.02962669377751,10.17007310326814,286449,145327.48175272386,-2.0974158355394206
2024-11-01,2024,11,1,10,681472,10.015112873309542,8.0,0.0,55.0,v1\data\wapor\processed\aeti_dekad\WAPOR-3.L2-AETI-D.2024-11-D1_NJValley.tif,8.555114690811239,8.520074743338249,7.893832952355877,286449,145327.48175272386,-1.4599981824983033
2024-11-11,2024,11,2,10,681472,6.614280557381668,5.0,0.0,35.0,v1\data\wapor\processed\aeti_dekad\WAPOR-3.L2-AETI-D.2024-11-D2_NJValley.tif,5.849382408839004,5.836230472944917,5.465095683186328,286449,145327.48175272386,-0.764898148542664
2024-11-21,2024,11,3,10,681472,5.654631444872276,4.0,0.0,30.0,v1\data\wapor\processed\aeti_dekad\WAPOR-3.L2-AETI-D.2024-11-D3_NJValley.tif,5.020605410637098,5.02512206646716,4.725504745263712,286449,145327.48175272386,-0.6340260342351778
2024-12-01,2024,12,1,10,681472,6.844024405991736,6.000000000000001,0.0,33.0,v1\data\wapor\processed\aeti_dekad\WAPOR-3.L2-AETI-D.2024-12-D1_NJValley.tif,6.380380242706564,6.414145391543407,6.12089950572663,286449,145327.48175272386,-0.46364416328517244
2024-12-11,2024,12,2,10,681472,7.13436355418858,6.000000000000001,0.0,34.0,v1\data\wapor\processed\aeti_dekad\WAPOR-3.L2-AETI-D.2024-12-D2_NJValley.tif,6.878311934391227,6.944636950700898,6.731967399499743,286449,145327.48175272386,-0.25605161979735325
2024-12-21,2024,12,3,11,681472,4.819489282024794,3.3000000000000007,0.0,28.6,v1\data\wapor\processed\aeti_dekad\WAPOR-3.L2-AETI-D.2024-12-D3_NJValley.tif,4.716202517147987,4.766939675879302,4.667835132533604,286449,145327.48175272386,-0.10328676487680699
