date,year,month,dekad,days,valid_pixels,aeti_mean_mm_dekad,aeti_median_mm_dekad,aeti_min_mm_dekad,aeti_max_mm_dekad,raster
2018-01-01,2018,1,1,10,681472,3.8712126103493616,3.0000000000000004,0.0,21.0,v1\data\wapor\processed\aeti_dekad\WAPOR-3.L2-AETI-D.2018-01-D1_NJValley.tif
2018-01-11,2018,1,2,10,681472,5.743373168670173,5.0,0.0,25.0,v1\data\wapor\processed\aeti_dekad\WAPOR-3.L2-AETI-D.2018-01-D2_NJValley.tif
2018-01-21,2018,1,3,11,681472,5.2236328125,4.4,0.0,25.300000000000004,v1\data\wapor\processed\aeti_dekad\WAPOR-3.L2-AETI-D.2018-01-D3_NJValley.tif
2018-02-01,2018,2,1,10,681472,12.17592358893689,12.000000000000002,0.0,39.0,v1\data\wapor\processed\aeti_dekad\WAPOR-3.L2-AETI-D.2018-02-D1_NJValley.tif
2018-02-11,2018,2,2,10,681472,9.518596508734035,9.0,0.0,33.0,v1\data\wapor\processed\aeti_dekad\WAPOR-3.L2-AETI-D.2018-02-D2_NJValley.tif
2018-02-21,2018,2,3,8,681472,8.849422426746807,8.0,0.0,33.6,v1\data\wapor\processed\aeti_dekad\WAPOR-3.L2-AETI-D.2018-02-D3_NJValley.tif
2018-03-01,2018,3,1,10,681472,17.338534818745305,17.0,0.0,57.0,v1\data\wapor\processed\aeti_dekad\WAPOR-3.L2-AETI-D.2018-03-D1_NJValley.tif
2018-03-11,2018,3,2,10,681472,16.72342957597671,16.0,0.0,63.00000000000001,v1\data\wapor\processed\aeti_dekad\WAPOR-3.L2-AETI-D.2018-03-D2_NJValley.tif
2018-03-21,2018,3,3,11,681472,21.11979758522728,20.900000000000002,0.0,74.80000000000001,v1\data\wapor\processed\aeti_dekad\WAPOR-3.L2-AETI-D.2018-03-D3_NJValley.tif
2018-04-01,2018,4,1,10,681472,18.534158410030052,18.0,0.0,79.0,v1\data\wapor\processed\aeti_dekad\WAPOR-3.L2-AETI-D.2018-04-D1_NJValley.tif
2018-04-11,2018,4,2,10,681472,19.326390519346358,19.0,0.0,91.0,v1\data\wapor\processed\aeti_dekad\WAPOR-3.L2-AETI-D.2018-04-D2_NJValley.tif
2018-04-21,2018,4,3,10,681472,14.50025679705109,14.000000000000002,0.0,88.0,v1\data\wapor\processed\aeti_dekad\WAPOR-3.L2-AETI-D.2018-04-D3_NJValley.tif
2018-05-01,2018,5,1,10,681472,18.02576628240045,17.0,0.0,102.00000000000001,v1\data\wapor\processed\aeti_dekad\WAPOR-3.L2-AETI-D.2018-05-D1_NJValley.tif
2018-05-11,2018,5,2,10,681472,17.534944942712247,15.0,0.0,124.0,v1\data\wapor\processed\aeti_dekad\WAPOR-3.L2-AETI-D.2018-05-D2_NJValley.tif
2018-05-21,2018,5,3,11,681472,18.445593362603308,14.3,0.0,139.70000000000002,v1\data\wapor\processed\aeti_dekad\WAPOR-3.L2-AETI-D.2018-05-D3_NJValley.tif
2018-06-01,2018,6,1,10,681472,16.140413692712247,12.000000000000002,0.0,135.0,v1\data\wapor\processed\aeti_dekad\WAPOR-3.L2-AETI-D.2018-06-D1_NJValley.tif
2018-06-11,2018,6,2,10,681472,16.540767632419232,12.000000000000002,0.0,137.0,v1\data\wapor\processed\aeti_dekad\WAPOR-3.L2-AETI-D.2018-06-D2_NJValley.tif
2018-06-21,2018,6,3,10,681472,17.384348880071375,13.0,0.0,144.0,v1\data\wapor\processed\aeti_dekad\WAPOR-3.L2-AETI-D.2018-06-D3_NJValley.tif
2018-07-01,2018,7,1,10,681472,18.32042549070248,14.000000000000002,0.0,143.0,v1\data\wapor\processed\aeti_dekad\WAPOR-3.L2-AETI-D.2018-07-D1_NJValley.tif
2018-07-11,2018,7,2,10,681472,17.015786415289256,12.000000000000002,0.0,139.0,v1\data\wapor\processed\aeti_dekad\WAPOR-3.L2-AETI-D.2018-07-D2_NJValley.tif
2018-07-21,2018,7,3,11,681472,18.084741412706617,13.200000000000003,0.0,150.70000000000002,v1\data\wapor\processed\aeti_dekad\WAPOR-3.L2-AETI-D.2018-07-D3_NJValley.tif
2018-08-01,2018,8,1,10,681472,15.176149570341849,11.0,0.0,131.0,v1\data\wapor\processed\aeti_dekad\WAPOR-3.L2-AETI-D.2018-08-D1_NJValley.tif
2018-08-11,2018,8,2,10,681472,15.187252007419234,11.0,0.0,127.00000000000001,v1\data\wapor\processed\aeti_dekad\WAPOR-3.L2-AETI-D.2018-08-D2_NJValley.tif
2018-08-21,2018,8,3,11,681472,16.353071732954547,12.100000000000001,0.0,134.20000000000002,v1\data\wapor\processed\aeti_dekad\WAPOR-3.L2-AETI-D.2018-08-D3_NJValley.tif
2018-09-01,2018,9,1,10,681472,14.372015284560481,11.0,0.0,110.0,v1\data\wapor\processed\aeti_dekad\WAPOR-3.L2-AETI-D.2018-09-D1_NJValley.tif
2018-09-11,2018,9,2,10,681472,13.885505200507138,10.0,0.0,101.00000000000001,v1\data\wapor\processed\aeti_dekad\WAPOR-3.L2-AETI-D.2018-09-D2_NJValley.tif
2018-09-21,2018,9,3,10,681472,12.965357344102179,10.0,0.0,88.0,v1\data\wapor\processed\aeti_dekad\WAPOR-3.L2-AETI-D.2018-09-D3_NJValley.tif
2018-10-01,2018,10,1,10,681472,11.496014509767093,9.0,0.0,73.0,v1\data\wapor\processed\aeti_dekad\WAPOR-3.L2-AETI-D.2018-10-D1_NJValley.tif
2018-10-11,2018,10,2,10,681472,9.567816432663411,7.000000000000001,0.0,62.0,v1\data\wapor\processed\aeti_dekad\WAPOR-3.L2-AETI-D.2018-10-D2_NJValley.tif
2018-10-21,2018,10,3,11,681472,11.681238700929752,8.8,0.0,67.10000000000001,v1\data\wapor\processed\aeti_dekad\WAPOR-3.L2-AETI-D.2018-10-D3_NJValley.tif
2018-11-01,2018,11,1,10,681472,8.596634931442525,7.000000000000001,0.0,47.0,v1\data\wapor\processed\aeti_dekad\WAPOR-3.L2-AETI-D.2018-11-D1_NJValley.tif
2018-11-11,2018,11,2,10,681472,7.245660863542449,6.000000000000001,0.0,38.0,v1\data\wapor\processed\aeti_dekad\WAPOR-3.L2-AETI-D.2018-11-D2_NJValley.tif
2018-11-21,2018,11,3,10,681472,6.609448370586025,6.000000000000001,0.0,30.0,v1\data\wapor\processed\aeti_dekad\WAPOR-3.L2-AETI-D.2018-11-D3_NJValley.tif
2018-12-01,2018,12,1,10,681472,5.3430735231968445,5.0,0.0,27.0,v1\data\wapor\processed\aeti_dekad\WAPOR-3.L2-AETI-D.2018-12-D1_NJValley.tif
2018-12-11,2018,12,2,10,681472,5.8944065200037565,5.0,0.0,26.0,v1\data\wapor\processed\aeti_dekad\WAPOR-3.L2-AETI-D.2018-12-D2_NJValley.tif
2018-12-21,2018,12,3,11,681472,4.1645838713842975,3.3000000000000007,0.0,22.0,v1\data\wapor\processed\aeti_dekad\WAPOR-3.L2-AETI-D.2018-12-D3_NJValley.tif
2019-01-01,2019,1,1,10,681472,5.578113260706236,5.0,0.0,28.000000000000004,v1\data\wapor\processed\aeti_dekad\WAPOR-3.L2-AETI-D.2019-01-D1_NJValley.tif
2019-01-11,2019,1,2,10,681472,6.2324145379413975,6.000000000000001,0.0,27.0,v1\data\wapor\processed\aeti_dekad\WAPOR-3.L2-AETI-D.2019-01-D2_NJValley.tif
2019-01-21,2019,1,3,11,681472,9.45541871126033,8.8,0.0,36.300000000000004,v1\data\wapor\processed\aeti_dekad\WAPOR-3.L2-AETI-D.2019-01-D3_NJValley.tif
2019-02-01,2019,2,1,10,681472,9.726442172238919,9.0,0.0,41.00000000000001,v1\data\wapor\processed\aeti_dekad\WAPOR-3.L2-AETI-D.2019-02-D1_NJValley.tif
2019-02-11,2019,2,2,10,681472,7.857000727836214,7.000000000000001,0.0,39.0,v1\data\wapor\processed\aeti_dekad\WAPOR-3.L2-AETI-D.2019-02-D2_NJValley.tif
2019-02-21,2019,2,3,8,681472,8.580790993613824,8.0,0.0,37.6,v1\data\wapor\processed\aeti_dekad\WAPOR-3.L2-AETI-D.2019-02-D3_NJValley.tif
2019-03-01,2019,3,1,10,681472,11.153444308790384,11.0,0.0,50.0,v1\data\wapor\processed\aeti_dekad\WAPOR-3.L2-AETI-D.2019-03-D1_NJValley.tif
2019-03-11,2019,3,2,10,681472,14.723388488448535,15.0,0.0,58.00000000000001,v1\data\wapor\processed\aeti_dekad\WAPOR-3.L2-AETI-D.2019-03-D2_NJValley.tif
2019-03-21,2019,3,3,11,681472,15.087023824896695,15.400000000000002,0.0,66.0,v1\data\wapor\processed\aeti_dekad\WAPOR-3.L2-AETI-D.2019-03-D3_NJValley.tif
2019-04-01,2019,4,1,10,681472,18.837008710555974,19.0,0.0,78.0,v1\data\wapor\processed\aeti_dekad\WAPOR-3.L2-AETI-D.2019-04-D1_NJValley.tif
2019-04-11,2019,4,2,10,681472,18.428727812734785,18.0,0.0,81.0,v1\data\wapor\processed\aeti_dekad\WAPOR-3.L2-AETI-D.2019-04-D2_NJValley.tif
2019-04-21,2019,4,3,10,681472,22.524923988072878,22.0,0.0,92.00000000000001,v1\data\wapor\processed\aeti_dekad\WAPOR-3.L2-AETI-D.2019-04-D3_NJValley.tif
2019-05-01,2019,5,1,10,681472,22.06827573253193,22.0,0.0,99.0,v1\data\wapor\processed\aeti_dekad\WAPOR-3.L2-AETI-D.2019-05-D1_NJValley.tif
2019-05-11,2019,5,2,10,681472,25.789112391998497,25.0,0.0,125.0,v1\data\wapor\processed\aeti_dekad\WAPOR-3.L2-AETI-D.2019-05-D2_NJValley.tif
2019-05-21,2019,5,3,11,681472,27.887842200413225,26.400000000000006,0.0,143.0,v1\data\wapor\processed\aeti_dekad\WAPOR-3.L2-AETI-D.2019-05-D3_NJValley.tif
2019-06-01,2019,6,1,10,681472,20.816768700694965,18.0,0.0,126.00000000000001,v1\data\wapor\processed\aeti_dekad\WAPOR-3.L2-AETI-D.2019-06-D1_NJValley.tif
2019-06-11,2019,6,2,10,681472,18.205982050619834,15.0,0.0,129.0,v1\data\wapor\processed\aeti_dekad\WAPOR-3.L2-AETI-D.2019-06-D2_NJValley.tif
2019-06-21,2019,6,3,10,681472,19.845910030052593,16.0,0.0,134.0,v1\data\wapor\processed\aeti_dekad\WAPOR-3.L2-AETI-D.2019-06-D3_NJValley.tif
2019-07-01,2019,7,1,10,681472,20.852663058790384,17.0,0.0,140.0,v1\data\wapor\processed\aeti_dekad\WAPOR-3.L2-AETI-D.2019-07-D1_NJValley.tif
2019-07-11,2019,7,2,10,681472,20.82252242205109,17.0,0.0,139.0,v1\data\wapor\processed\aeti_dekad\WAPOR-3.L2-AETI-D.2019-07-D2_NJValley.tif
2019-07-21,2019,7,3,11,681472,21.488671875,17.6,0.0,146.3,v1\data\wapor\processed\aeti_dekad\WAPOR-3.L2-AETI-D.2019-07-D3_NJValley.tif
2019-08-01,2019,8,1,10,681472,18.38910035922239,15.0,0.0,129.0,v1\data\wapor\processed\aeti_dekad\WAPOR-3.L2-AETI-D.2019-08-D1_NJValley.tif
2019-08-11,2019,8,2,10,681472,18.77472882231405,15.0,0.0,125.0,v1\data\wapor\processed\aeti_dekad\WAPOR-3.L2-AETI-D.2019-08-D2_NJValley.tif
2019-08-21,2019,8,3,11,681472,19.926238055268595,16.5,0.0,132.0,v1\data\wapor\processed\aeti_dekad\WAPOR-3.L2-AETI-D.2019-08-D3_NJValley.tif
2019-09-01,2019,9,1,10,681472,16.25637737133734,13.0,0.0,106.00000000000001,v1\data\wapor\processed\aeti_dekad\WAPOR-3.L2-AETI-D.2019-09-D1_NJValley.tif
2019-09-11,2019,9,2,10,681472,15.772191667449286,13.0,0.0,96.00000000000001,v1\data\wapor\processed\aeti_dekad\WAPOR-3.L2-AETI-D.2019-09-D2_NJValley.tif
2019-09-21,2019,9,3,10,681472,14.895539361851991,12.000000000000002,0.0,90.0,v1\data\wapor\processed\aeti_dekad\WAPOR-3.L2-AETI-D.2019-09-D3_NJValley.tif
2019-10-01,2019,10,1,10,681472,13.537490902047333,11.0,0.0,78.0,v1\data\wapor\processed\aeti_dekad\WAPOR-3.L2-AETI-D.2019-10-D1_NJValley.tif
2019-10-11,2019,10,2,10,681472,13.148198311889557,11.0,0.0,71.0,v1\data\wapor\processed\aeti_dekad\WAPOR-3.L2-AETI-D.2019-10-D2_NJValley.tif
2019-10-21,2019,10,3,11,681472,10.343809723657026,8.8,0.0,57.2,v1\data\wapor\processed\aeti_dekad\WAPOR-3.L2-AETI-D.2019-10-D3_NJValley.tif
2019-11-01,2019,11,1,10,681472,11.577247487791135,9.0,0.0,57.0,v1\data\wapor\processed\aeti_dekad\WAPOR-3.L2-AETI-D.2019-11-D1_NJValley.tif
2019-11-11,2019,11,2,10,681472,10.828458102460557,8.0,0.0,55.0,v1\data\wapor\processed\aeti_dekad\WAPOR-3.L2-AETI-D.2019-11-D2_NJValley.tif
2019-11-21,2019,11,3,10,681472,7.906003474830954,6.000000000000001,0.0,37.0,v1\data\wapor\processed\aeti_dekad\WAPOR-3.L2-AETI-D.2019-11-D3_NJValley.tif
2019-12-01,2019,12,1,10,681472,4.377801288974455,3.0000000000000004,0.0,25.0,v1\data\wapor\processed\aeti_dekad\WAPOR-3.L2-AETI-D.2019-12-D1_NJValley.tif
2019-12-11,2019,12,2,10,681472,5.316510436232156,5.0,0.0,26.0,v1\data\wapor\processed\aeti_dekad\WAPOR-3.L2-AETI-D.2019-12-D2_NJValley.tif
2019-12-21,2019,12,3,11,681472,5.563371642561983,4.4,0.0,29.700000000000003,v1\data\wapor\processed\aeti_dekad\WAPOR-3.L2-AETI-D.2019-12-D3_NJValley.tif
2020-01-01,2020,1,1,10,681472,3.875692618332081,3.0000000000000004,0.0,22.0,v1\data\wapor\processed\aeti_dekad\WAPOR-3.L2-AETI-D.2020-01-D1_NJValley.tif
2020-01-11,2020,1,2,10,681472,5.312827232813674,5.0,0.0,22.0,v1\data\wapor\processed\aeti_dekad\WAPOR-3.L2-AETI-D.2020-01-D2_NJValley.tif
2020-01-21,2020,1,3,11,681472,6.033023954028926,5.5,0.0,26.400000000000006,v1\data\wapor\processed\aeti_dekad\WAPOR-3.L2-AETI-D.2020-01-D3_NJValley.tif
2020-02-01,2020,2,1,10,681472,6.677484915007513,6.000000000000001,0.0,30.0,v1\data\wapor\processed\aeti_dekad\WAPOR-3.L2-AETI-D.2020-02-D1_NJValley.tif
2020-02-11,2020,2,2,10,681472,9.081724560950413,9.0,0.0,36.0,v1\data\wapor\processed\aeti_dekad\WAPOR-3.L2-AETI-D.2020-02-D2_NJValley.tif
2020-02-21,2020,2,3,9,681472,8.770864980512773,8.1,0.0,35.1,v1\data\wapor\processed\aeti_dekad\WAPOR-3.L2-AETI-D.2020-02-D3_NJValley.tif
2020-03-01,2020,3,1,10,681472,15.148932017749813,15.0,0.0,55.0,v1\data\wapor\processed\aeti_dekad\WAPOR-3.L2-AETI-D.2020-03-D1_NJValley.tif
2020-03-11,2020,3,2,10,681472,13.202831517655898,13.0,0.0,50.0,v1\data\wapor\processed\aeti_dekad\WAPOR-3.L2-AETI-D.2020-03-D2_NJValley.tif
2020-03-21,2020,3,3,11,681472,19.88206191890496,19.8,0.0,70.4,v1\data\wapor\processed\aeti_dekad\WAPOR-3.L2-AETI-D.2020-03-D3_NJValley.tif
2020-04-01,2020,4,1,10,681472,17.966168822783622,18.0,0.0,69.0,v1\data\wapor\processed\aeti_dekad\WAPOR-3.L2-AETI-D.2020-04-D1_NJValley.tif
2020-04-11,2020,4,2,10,681472,21.274291533621337,21.0,0.0,83.0,v1\data\wapor\processed\aeti_dekad\WAPOR-3.L2-AETI-D.2020-04-D2_NJValley.tif
2020-04-21,2020,4,3,10,681472,20.060929869459052,20.0,0.0,86.0,v1\data\wapor\processed\aeti_dekad\WAPOR-3.L2-AETI-D.2020-04-D3_NJValley.tif
2020-05-01,2020,5,1,10,681472,19.595425784184823,19.0,0.0,95.0,v1\data\wapor\processed\aeti_dekad\WAPOR-3.L2-AETI-D.2020-05-D1_NJValley.tif
2020-05-11,2020,5,2,10,681472,30.57821304470323,29.000000000000004,0.0,135.0,v1\data\wapor\processed\aeti_dekad\WAPOR-3.L2-AETI-D.2020-05-D2_NJValley.tif
2020-05-21,2020,5,3,11,681472,22.29489766270661,19.8,0.0,127.60000000000002,v1\data\wapor\processed\aeti_dekad\WAPOR-3.L2-AETI-D.2020-05-D3_NJValley.tif
2020-06-01,2020,6,1,10,681472,21.1929015425432,18.0,0.0,132.0,v1\data\wapor\processed\aeti_dekad\WAPOR-3.L2-AETI-D.2020-06-D1_NJValley.tif
2020-06-11,2020,6,2,10,681472,20.01149423600676,16.0,0.0,134.0,v1\data\wapor\processed\aeti_dekad\WAPOR-3.L2-AETI-D.2020-06-D2_NJValley.tif
2020-06-21,2020,6,3,10,681472,19.526634990138994,16.0,0.0,136.0,v1\data\wapor\processed\aeti_dekad\WAPOR-3.L2-AETI-D.2020-06-D3_NJValley.tif
2020-07-01,2020,7,1,10,681472,19.543615878568744,16.0,0.0,136.0,v1\data\wapor\processed\aeti_dekad\WAPOR-3.L2-AETI-D.2020-07-D1_NJValley.tif
2020-07-11,2020,7,2,10,681472,23.113075812359128,20.0,0.0,133.0,v1\data\wapor\processed\aeti_dekad\WAPOR-3.L2-AETI-D.2020-07-D2_NJValley.tif
2020-07-21,2020,7,3,11,681472,20.879524470557854,16.5,0.0,137.5,v1\data\wapor\processed\aeti_dekad\WAPOR-3.L2-AETI-D.2020-07-D3_NJValley.tif
2020-08-01,2020,8,1,10,681472,17.79296728258828,14.000000000000002,0.0,125.0,v1\data\wapor\processed\aeti_dekad\WAPOR-3.L2-AETI-D.2020-08-D1_NJValley.tif
2020-08-11,2020,8,2,10,681472,17.684871865608564,14.000000000000002,0.0,118.0,v1\data\wapor\processed\aeti_dekad\WAPOR-3.L2-AETI-D.2020-08-D2_NJValley.tif
2020-08-21,2020,8,3,11,681472,20.558734181301656,16.5,0.0,126.5,v1\data\wapor\processed\aeti_dekad\WAPOR-3.L2-AETI-D.2020-08-D3_NJValley.tif
2020-09-01,2020,9,1,10,681472,19.476261680597297,16.0,0.0,109.0,v1\data\wapor\processed\aeti_dekad\WAPOR-3.L2-AETI-D.2020-09-D1_NJValley.tif
2020-09-11,2020,9,2,10,681472,16.807887924962433,14.000000000000002,0.0,99.0,v1\data\wapor\processed\aeti_dekad\WAPOR-3.L2-AETI-D.2020-09-D2_NJValley.tif
2020-09-21,2020,9,3,10,681472,14.112631186607814,11.0,0.0,88.0,v1\data\wapor\processed\aeti_dekad\WAPOR-3.L2-AETI-D.2020-09-D3_NJValley.tif
2020-10-01,2020,10,1,10,681472,14.876832797238919,12.000000000000002,0.0,82.00000000000001,v1\data\wapor\processed\aeti_dekad\WAPOR-3.L2-AETI-D.2020-10-D1_NJValley.tif
2020-10-11,2020,10,2,10,681472,12.629274570341849,10.0,0.0,66.0,v1\data\wapor\processed\aeti_dekad\WAPOR-3.L2-AETI-D.2020-10-D2_NJValley.tif
2020-10-21,2020,10,3,11,681472,15.70753325154959,13.200000000000003,0.0,68.2,v1\data\wapor\processed\aeti_dekad\WAPOR-3.L2-AETI-D.2020-10-D3_NJValley.tif
2020-11-01,2020,11,1,10,681472,8.978566984410218,8.0,0.0,45.0,v1\data\wapor\processed\aeti_dekad\WAPOR-3.L2-AETI-D.2020-11-D1_NJValley.tif
2020-11-11,2020,11,2,10,681472,9.37603599267468,9.0,0.0,39.0,v1\data\wapor\processed\aeti_dekad\WAPOR-3.L2-AETI-D.2020-11-D2_NJValley.tif
2020-11-21,2020,11,3,10,681472,7.005177028549962,6.000000000000001,0.0,30.0,v1\data\wapor\processed\aeti_dekad\WAPOR-3.L2-AETI-D.2020-11-D3_NJValley.tif
2020-12-01,2020,12,1,10,681472,7.734272281179564,7.000000000000001,0.0,29.000000000000004,v1\data\wapor\processed\aeti_dekad\WAPOR-3.L2-AETI-D.2020-12-D1_NJValley.tif
2020-12-11,2020,12,2,10,681472,8.393508464030804,8.0,0.0,29.000000000000004,v1\data\wapor\processed\aeti_dekad\WAPOR-3.L2-AETI-D.2020-12-D2_NJValley.tif
2020-12-21,2020,12,3,11,681472,9.40736537964876,8.8,0.0,36.300000000000004,v1\data\wapor\processed\aeti_dekad\WAPOR-3.L2-AETI-D.2020-12-D3_NJValley.tif
2021-01-01,2021,1,1,10,681472,11.853483341942148,11.0,0.0,42.0,v1\data\wapor\processed\aeti_dekad\WAPOR-3.L2-AETI-D.2021-01-D1_NJValley.tif
2021-01-11,2021,1,2,10,681472,7.931367686419985,7.000000000000001,0.0,31.0,v1\data\wapor\processed\aeti_dekad\WAPOR-3.L2-AETI-D.2021-01-D2_NJValley.tif
2021-01-21,2021,1,3,11,681472,9.017720170454547,8.8,0.0,34.1,v1\data\wapor\processed\aeti_dekad\WAPOR-3.L2-AETI-D.2021-01-D3_NJValley.tif
2021-02-01,2021,2,1,10,681472,13.039260600582269,13.0,0.0,46.00000000000001,v1\data\wapor\processed\aeti_dekad\WAPOR-3.L2-AETI-D.2021-02-D1_NJValley.tif
2021-02-11,2021,2,2,10,681472,9.11147486617205,9.0,0.0,36.0,v1\data\wapor\processed\aeti_dekad\WAPOR-3.L2-AETI-D.2021-02-D2_NJValley.tif
2021-02-21,2021,2,3,8,681472,12.047044045830203,12.0,0.0,42.400000000000006,v1\data\wapor\processed\aeti_dekad\WAPOR-3.L2-AETI-D.2021-02-D3_NJValley.tif
2021-03-01,2021,3,1,10,681472,13.208291756667919,13.0,0.0,48.00000000000001,v1\data\wapor\processed\aeti_dekad\WAPOR-3.L2-AETI-D.2021-03-D1_NJValley.tif
2021-03-11,2021,3,2,10,681472,16.3270303108565,16.0,0.0,62.0,v1\data\wapor\processed\aeti_dekad\WAPOR-3.L2-AETI-D.2021-03-D2_NJValley.tif
2021-03-21,2021,3,3,11,681472,18.202513236053722,17.6,0.0,72.60000000000001,v1\data\wapor\processed\aeti_dekad\WAPOR-3.L2-AETI-D.2021-03-D3_NJValley.tif
2021-04-01,2021,4,1,10,681472,18.457710661626596,18.0,0.0,79.0,v1\data\wapor\processed\aeti_dekad\WAPOR-3.L2-AETI-D.2021-04-D1_NJValley.tif
2021-04-11,2021,4,2,10,681472,22.825411755728776,22.0,0.0,103.0,v1\data\wapor\processed\aeti_dekad\WAPOR-3.L2-AETI-D.2021-04-D2_NJValley.tif
2021-04-21,2021,4,3,10,681472,20.655913962716003,20.0,0.0,113.0,v1\data\wapor\processed\aeti_dekad\WAPOR-3.L2-AETI-D.2021-04-D3_NJValley.tif
2021-05-01,2021,5,1,10,681472,23.858722001784372,23.000000000000004,0.0,128.0,v1\data\wapor\processed\aeti_dekad\WAPOR-3.L2-AETI-D.2021-05-D1_NJValley.tif
2021-05-11,2021,5,2,10,681472,19.038827714124718,17.0,0.0,125.0,v1\data\wapor\processed\aeti_dekad\WAPOR-3.L2-AETI-D.2021-05-D2_NJValley.tif
2021-05-21,2021,5,3,11,681472,20.60360924586777,17.6,0.0,149.60000000000002,v1\data\wapor\processed\aeti_dekad\WAPOR-3.L2-AETI-D.2021-05-D3_NJValley.tif
2021-06-01,2021,6,1,10,681472,17.588302967693462,14.000000000000002,0.0,139.0,v1\data\wapor\processed\aeti_dekad\WAPOR-3.L2-AETI-D.2021-06-D1_NJValley.tif
2021-06-11,2021,6,2,10,681472,16.017542907118706,12.000000000000002,0.0,135.0,v1\data\wapor\processed\aeti_dekad\WAPOR-3.L2-AETI-D.2021-06-D2_NJValley.tif
2021-06-21,2021,6,3,10,681472,19.748824603211872,16.0,0.0,150.0,v1\data\wapor\processed\aeti_dekad\WAPOR-3.L2-AETI-D.2021-06-D3_NJValley.tif
2021-07-01,2021,7,1,10,681472,19.894654512584523,16.0,0.0,153.0,v1\data\wapor\processed\aeti_dekad\WAPOR-3.L2-AETI-D.2021-07-D1_NJValley.tif
2021-07-11,2021,7,2,10,681472,19.794437629132233,16.0,0.0,153.0,v1\data\wapor\processed\aeti_dekad\WAPOR-3.L2-AETI-D.2021-07-D2_NJValley.tif
2021-07-21,2021,7,3,11,681472,19.278363894628104,15.400000000000002,0.0,158.4,v1\data\wapor\processed\aeti_dekad\WAPOR-3.L2-AETI-D.2021-07-D3_NJValley.tif
2021-08-01,2021,8,1,10,681472,19.62945506198347,15.0,0.0,144.0,v1\data\wapor\processed\aeti_dekad\WAPOR-3.L2-AETI-D.2021-08-D1_NJValley.tif
2021-08-11,2021,8,2,10,681472,18.378766845886553,15.0,0.0,140.0,v1\data\wapor\processed\aeti_dekad\WAPOR-3.L2-AETI-D.2021-08-D2_NJValley.tif
2021-08-21,2021,8,3,11,681472,20.32429300103306,16.5,0.0,141.9,v1\data\wapor\processed\aeti_dekad\WAPOR-3.L2-AETI-D.2021-08-D3_NJValley.tif
2021-09-01,2021,9,1,10,681472,17.483007372276482,14.000000000000002,0.0,116.00000000000001,v1\data\wapor\processed\aeti_dekad\WAPOR-3.L2-AETI-D.2021-09-D1_NJValley.tif
2021-09-11,2021,9,2,10,681472,16.82520191585274,14.000000000000002,0.0,97.00000000000001,v1\data\wapor\processed\aeti_dekad\WAPOR-3.L2-AETI-D.2021-09-D2_NJValley.tif
2021-09-21,2021,9,3,10,681472,16.43753081564613,14.000000000000002,0.0,89.0,v1\data\wapor\processed\aeti_dekad\WAPOR-3.L2-AETI-D.2021-09-D3_NJValley.tif
2021-10-01,2021,10,1,10,681472,15.101715110818933,13.0,0.0,77.0,v1\data\wapor\processed\aeti_dekad\WAPOR-3.L2-AETI-D.2021-10-D1_NJValley.tif
2021-10-11,2021,10,2,10,681472,12.616870539068369,11.0,0.0,61.00000000000001,v1\data\wapor\processed\aeti_dekad\WAPOR-3.L2-AETI-D.2021-10-D2_NJValley.tif
2021-10-21,2021,10,3,11,681472,12.099814372417356,9.9,0.0,60.5,v1\data\wapor\processed\aeti_dekad\WAPOR-3.L2-AETI-D.2021-10-D3_NJValley.tif
2021-11-01,2021,11,1,10,681472,11.088256010518407,9.0,0.0,54.0,v1\data\wapor\processed\aeti_dekad\WAPOR-3.L2-AETI-D.2021-11-D1_NJValley.tif
2021-11-11,2021,11,2,10,681472,9.407764368895567,7.000000000000001,0.0,46.00000000000001,v1\data\wapor\processed\aeti_dekad\WAPOR-3.L2-AETI-D.2021-11-D2_NJValley.tif
2021-11-21,2021,11,3,10,681472,7.946077021506386,6.000000000000001,0.0,37.0,v1\data\wapor\processed\aeti_dekad\WAPOR-3.L2-AETI-D.2021-11-D3_NJValley.tif
2021-12-01,2021,12,1,10,681472,6.387622675619835,5.0,0.0,35.0,v1\data\wapor\processed\aeti_dekad\WAPOR-3.L2-AETI-D.2021-12-D1_NJValley.tif
2021-12-11,2021,12,2,10,681472,6.135172098046581,5.0,0.0,33.0,v1\data\wapor\processed\aeti_dekad\WAPOR-3.L2-AETI-D.2021-12-D2_NJValley.tif
2021-12-21,2021,12,3,11,681472,5.013328060433885,4.4,0.0,26.400000000000006,v1\data\wapor\processed\aeti_dekad\WAPOR-3.L2-AETI-D.2021-12-D3_NJValley.tif
2022-01-01,2022,1,1,10,681472,6.732587692524418,6.000000000000001,0.0,29.000000000000004,v1\data\wapor\processed\aeti_dekad\WAPOR-3.L2-AETI-D.2022-01-D1_NJValley.tif
2022-01-11,2022,1,2,10,681472,5.163592928249437,4.0,0.0,27.0,v1\data\wapor\processed\aeti_dekad\WAPOR-3.L2-AETI-D.2022-01-D2_NJValley.tif
2022-01-21,2022,1,3,11,681472,5.16845945247934,4.4,0.0,28.6,v1\data\wapor\processed\aeti_dekad\WAPOR-3.L2-AETI-D.2022-01-D3_NJValley.tif
2022-02-01,2022,2,1,10,681472,7.282633769252442,7.000000000000001,0.0,34.0,v1\data\wapor\processed\aeti_dekad\WAPOR-3.L2-AETI-D.2022-02-D1_NJValley.tif
2022-02-11,2022,2,2,10,681472,9.538864399417731,9.0,0.0,40.0,v1\data\wapor\processed\aeti_dekad\WAPOR-3.L2-AETI-D.2022-02-D2_NJValley.tif
2022-02-21,2022,2,3,8,681472,8.949596168294518,8.8,0.0,34.4,v1\data\wapor\processed\aeti_dekad\WAPOR-3.L2-AETI-D.2022-02-D3_NJValley.tif
2022-03-01,2022,3,1,10,681472,13.679694837058603,13.0,0.0,51.00000000000001,v1\data\wapor\processed\aeti_dekad\WAPOR-3.L2-AETI-D.2022-03-D1_NJValley.tif
2022-03-11,2022,3,2,10,681472,9.839177545078888,9.0,0.0,44.0,v1\data\wapor\processed\aeti_dekad\WAPOR-3.L2-AETI-D.2022-03-D2_NJValley.tif
2022-03-21,2022,3,3,11,681472,17.145205965909092,16.5,0.0,68.2,v1\data\wapor\processed\aeti_dekad\WAPOR-3.L2-AETI-D.2022-03-D3_NJValley.tif
2022-04-01,2022,4,1,10,681472,26.930224572689706,27.0,0.0,97.00000000000001,v1\data\wapor\processed\aeti_dekad\WAPOR-3.L2-AETI-D.2022-04-D1_NJValley.tif
2022-04-11,2022,4,2,10,681472,22.674419491923366,22.0,0.0,91.0,v1\data\wapor\processed\aeti_dekad\WAPOR-3.L2-AETI-D.2022-04-D2_NJValley.tif
2022-04-21,2022,4,3,10,681472,23.191155322595794,23.000000000000004,0.0,96.00000000000001,v1\data\wapor\processed\aeti_dekad\WAPOR-3.L2-AETI-D.2022-04-D3_NJValley.tif
2022-05-01,2022,5,1,10,681472,17.65684430174681,17.0,0.0,100.0,v1\data\wapor\processed\aeti_dekad\WAPOR-3.L2-AETI-D.2022-05-D1_NJValley.tif
2022-05-11,2022,5,2,10,681472,19.29029512584523,17.0,0.0,115.0,v1\data\wapor\processed\aeti_dekad\WAPOR-3.L2-AETI-D.2022-05-D2_NJValley.tif
2022-05-21,2022,5,3,11,681472,22.280636621900825,18.700000000000003,0.0,139.70000000000002,v1\data\wapor\processed\aeti_dekad\WAPOR-3.L2-AETI-D.2022-05-D3_NJValley.tif
2022-06-01,2022,6,1,10,681472,17.635898466848236,14.000000000000002,0.0,122.00000000000001,v1\data\wapor\processed\aeti_dekad\WAPOR-3.L2-AETI-D.2022-06-D1_NJValley.tif
2022-06-11,2022,6,2,10,681472,17.951568076164538,14.000000000000002,0.0,130.0,v1\data\wapor\processed\aeti_dekad\WAPOR-3.L2-AETI-D.2022-06-D2_NJValley.tif
2022-06-21,2022,6,3,10,681472,18.10354057099925,14.000000000000002,0.0,133.0,v1\data\wapor\processed\aeti_dekad\WAPOR-3.L2-AETI-D.2022-06-D3_NJValley.tif
2022-07-01,2022,7,1,10,681472,18.513799539819683,14.000000000000002,0.0,141.0,v1\data\wapor\processed\aeti_dekad\WAPOR-3.L2-AETI-D.2022-07-D1_NJValley.tif
2022-07-11,2022,7,2,10,681472,18.557061772163788,14.000000000000002,0.0,137.0,v1\data\wapor\processed\aeti_dekad\WAPOR-3.L2-AETI-D.2022-07-D2_NJValley.tif
2022-07-21,2022,7,3,11,681472,19.817933238636368,15.400000000000002,0.0,161.70000000000002,v1\data\wapor\processed\aeti_dekad\WAPOR-3.L2-AETI-D.2022-07-D3_NJValley.tif
2022-08-01,2022,8,1,10,681472,15.527439131761833,11.0,0.0,138.0,v1\data\wapor\processed\aeti_dekad\WAPOR-3.L2-AETI-D.2022-08-D1_NJValley.tif
2022-08-11,2022,8,2,10,681472,15.10460737932006,11.0,0.0,123.0,v1\data\wapor\processed\aeti_dekad\WAPOR-3.L2-AETI-D.2022-08-D2_NJValley.tif
2022-08-21,2022,8,3,11,681472,19.37711454028926,15.400000000000002,0.0,134.20000000000002,v1\data\wapor\processed\aeti_dekad\WAPOR-3.L2-AETI-D.2022-08-D3_NJValley.tif
2022-09-01,2022,9,1,10,681472,16.17414508593163,13.0,0.0,105.0,v1\data\wapor\processed\aeti_dekad\WAPOR-3.L2-AETI-D.2022-09-D1_NJValley.tif
2022-09-11,2022,9,2,10,681472,14.783332257231406,11.0,0.0,99.0,v1\data\wapor\processed\aeti_dekad\WAPOR-3.L2-AETI-D.2022-09-D2_NJValley.tif
2022-09-21,2022,9,3,10,681472,15.206093573910593,12.000000000000002,0.0,92.00000000000001,v1\data\wapor\processed\aeti_dekad\WAPOR-3.L2-AETI-D.2022-09-D3_NJValley.tif
2022-10-01,2022,10,1,10,681472,13.05710139228024,10.0,0.0,78.0,v1\data\wapor\processed\aeti_dekad\WAPOR-3.L2-AETI-D.2022-10-D1_NJValley.tif
2022-10-11,2022,10,2,10,681472,11.604704228493613,9.0,0.0,64.0,v1\data\wapor\processed\aeti_dekad\WAPOR-3.L2-AETI-D.2022-10-D2_NJValley.tif
2022-10-21,2022,10,3,11,681472,12.64616961518595,9.9,0.0,61.60000000000001,v1\data\wapor\processed\aeti_dekad\WAPOR-3.L2-AETI-D.2022-10-D3_NJValley.tif
2022-11-01,2022,11,1,10,681472,8.554473257888805,7.000000000000001,0.0,47.0,v1\data\wapor\processed\aeti_dekad\WAPOR-3.L2-AETI-D.2022-11-D1_NJValley.tif
2022-11-11,2022,11,2,10,681472,9.176940505259203,8.0,0.0,43.0,v1\data\wapor\processed\aeti_dekad\WAPOR-3.L2-AETI-D.2022-11-D2_NJValley.tif
2022-11-21,2022,11,3,10,681472,6.919659208302028,6.000000000000001,0.0,34.0,v1\data\wapor\processed\aeti_dekad\WAPOR-3.L2-AETI-D.2022-11-D3_NJValley.tif
2022-12-01,2022,12,1,10,681472,6.437733318463561,6.000000000000001,0.0,29.000000000000004,v1\data\wapor\processed\aeti_dekad\WAPOR-3.L2-AETI-D.2022-12-D1_NJValley.tif
2022-12-11,2022,12,2,10,681472,7.585170043670173,7.000000000000001,0.0,31.0,v1\data\wapor\processed\aeti_dekad\WAPOR-3.L2-AETI-D.2022-12-D2_NJValley.tif
2022-12-21,2022,12,3,11,681472,5.7649163868801665,5.5,0.0,27.5,v1\data\wapor\processed\aeti_dekad\WAPOR-3.L2-AETI-D.2022-12-D3_NJValley.tif
2023-01-01,2023,1,1,10,681472,6.5407896435950414,6.000000000000001,0.0,30.0,v1\data\wapor\processed\aeti_dekad\WAPOR-3.L2-AETI-D.2023-01-D1_NJValley.tif
2023-01-11,2023,1,2,10,681472,7.246975664444027,7.000000000000001,0.0,31.0,v1\data\wapor\processed\aeti_dekad\WAPOR-3.L2-AETI-D.2023-01-D2_NJValley.tif
2023-01-21,2023,1,3,11,681472,10.541599948347107,9.9,0.0,38.5,v1\data\wapor\processed\aeti_dekad\WAPOR-3.L2-AETI-D.2023-01-D3_NJValley.tif
2023-02-01,2023,2,1,10,681472,5.286368332081142,4.0,0.0,35.0,v1\data\wapor\processed\aeti_dekad\WAPOR-3.L2-AETI-D.2023-02-D1_NJValley.tif
2023-02-11,2023,2,2,10,681472,9.02303542918858,8.0,0.0,40.0,v1\data\wapor\processed\aeti_dekad\WAPOR-3.L2-AETI-D.2023-02-D2_NJValley.tif
2023-02-21,2023,2,3,8,681472,10.076610631104433,9.600000000000001,0.0,41.6,v1\data\wapor\processed\aeti_dekad\WAPOR-3.L2-AETI-D.2023-02-D3_NJValley.tif
2023-03-01,2023,3,1,10,681472,15.78406449567994,15.0,0.0,64.0,v1\data\wapor\processed\aeti_dekad\WAPOR-3.L2-AETI-D.2023-03-D1_NJValley.tif
2023-03-11,2023,3,2,10,681472,13.397667108846731,13.0,0.0,59.0,v1\data\wapor\processed\aeti_dekad\WAPOR-3.L2-AETI-D.2023-03-D2_NJValley.tif
2023-03-21,2023,3,3,11,681472,16.744917032541323,15.400000000000002,0.0,72.60000000000001,v1\data\wapor\processed\aeti_dekad\WAPOR-3.L2-AETI-D.2023-03-D3_NJValley.tif
2023-04-01,2023,4,1,10,681472,23.733818850957928,23.000000000000004,0.0,93.0,v1\data\wapor\processed\aeti_dekad\WAPOR-3.L2-AETI-D.2023-04-D1_NJValley.tif
2023-04-11,2023,4,2,10,681472,20.317022562922613,20.0,0.0,88.0,v1\data\wapor\processed\aeti_dekad\WAPOR-3.L2-AETI-D.2023-04-D2_NJValley.tif
2023-04-21,2023,4,3,10,681472,19.426567782682195,18.0,0.0,100.0,v1\data\wapor\processed\aeti_dekad\WAPOR-3.L2-AETI-D.2023-04-D3_NJValley.tif
2023-05-01,2023,5,1,10,681472,22.273653209522916,21.0,0.0,112.00000000000001,v1\data\wapor\processed\aeti_dekad\WAPOR-3.L2-AETI-D.2023-05-D1_NJValley.tif
2023-05-11,2023,5,2,10,681472,21.394347823534936,20.0,0.0,112.00000000000001,v1\data\wapor\processed\aeti_dekad\WAPOR-3.L2-AETI-D.2023-05-D2_NJValley.tif
2023-05-21,2023,5,3,11,681472,22.014264269111575,18.700000000000003,0.0,124.30000000000001,v1\data\wapor\processed\aeti_dekad\WAPOR-3.L2-AETI-D.2023-05-D3_NJValley.tif
2023-06-01,2023,6,1,10,681472,20.151089112978962,17.0,0.0,116.00000000000001,v1\data\wapor\processed\aeti_dekad\WAPOR-3.L2-AETI-D.2023-06-D1_NJValley.tif
2023-06-11,2023,6,2,10,681472,17.66489745726897,14.000000000000002,0.0,122.00000000000001,v1\data\wapor\processed\aeti_dekad\WAPOR-3.L2-AETI-D.2023-06-D2_NJValley.tif
2023-06-21,2023,6,3,10,681472,19.715486476333584,16.0,0.0,127.00000000000001,v1\data\wapor\processed\aeti_dekad\WAPOR-3.L2-AETI-D.2023-06-D3_NJValley.tif
2023-07-01,2023,7,1,10,681472,19.498585415101427,15.0,0.0,128.0,v1\data\wapor\processed\aeti_dekad\WAPOR-3.L2-AETI-D.2023-07-D1_NJValley.tif
2023-07-11,2023,7,2,10,681472,23.4475517702855,19.0,0.0,141.0,v1\data\wapor\processed\aeti_dekad\WAPOR-3.L2-AETI-D.2023-07-D2_NJValley.tif
2023-07-21,2023,7,3,11,681472,23.595620803202483,18.700000000000003,0.0,148.5,v1\data\wapor\processed\aeti_dekad\WAPOR-3.L2-AETI-D.2023-07-D3_NJValley.tif
2023-08-01,2023,8,1,10,681472,18.718121947783622,14.000000000000002,0.0,128.0,v1\data\wapor\processed\aeti_dekad\WAPOR-3.L2-AETI-D.2023-08-D1_NJValley.tif
2023-08-11,2023,8,2,10,681472,16.70501942853118,13.0,0.0,120.0,v1\data\wapor\processed\aeti_dekad\WAPOR-3.L2-AETI-D.2023-08-D2_NJValley.tif
2023-08-21,2023,8,3,11,681472,14.513106921487603,11.0,0.0,123.20000000000002,v1\data\wapor\processed\aeti_dekad\WAPOR-3.L2-AETI-D.2023-08-D3_NJValley.tif
2023-09-01,2023,9,1,10,681472,12.179279559541698,9.0,0.0,105.0,v1\data\wapor\processed\aeti_dekad\WAPOR-3.L2-AETI-D.2023-09-D1_NJValley.tif
2023-09-11,2023,9,2,10,681472,14.735245175150263,11.0,0.0,98.0,v1\data\wapor\processed\aeti_dekad\WAPOR-3.L2-AETI-D.2023-09-D2_NJValley.tif
2023-09-21,2023,9,3,10,681472,11.953741312922615,9.0,0.0,89.0,v1\data\wapor\processed\aeti_dekad\WAPOR-3.L2-AETI-D.2023-09-D3_NJValley.tif
2023-10-01,2023,10,1,10,681472,10.27967253240045,8.0,0.0,71.0,v1\data\wapor\processed\aeti_dekad\WAPOR-3.L2-AETI-D.2023-10-D1_NJValley.tif
2023-10-11,2023,10,2,10,681472,7.63735120445154,6.000000000000001,0.0,63.00000000000001,v1\data\wapor\processed\aeti_dekad\WAPOR-3.L2-AETI-D.2023-10-D2_NJValley.tif
2023-10-21,2023,10,3,11,681472,15.278586647727273,12.100000000000001,0.0,81.4,v1\data\wapor\processed\aeti_dekad\WAPOR-3.L2-AETI-D.2023-10-D3_NJValley.tif
2023-11-01,2023,11,1,10,681472,10.955902810386927,9.0,0.0,53.00000000000001,v1\data\wapor\processed\aeti_dekad\WAPOR-3.L2-AETI-D.2023-11-D1_NJValley.tif
2023-11-11,2023,11,2,10,681472,7.696034466566491,6.000000000000001,0.0,38.0,v1\data\wapor\processed\aeti_dekad\WAPOR-3.L2-AETI-D.2023-11-D2_NJValley.tif
2023-11-21,2023,11,3,10,681472,8.409021940740045,7.000000000000001,0.0,38.0,v1\data\wapor\processed\aeti_dekad\WAPOR-3.L2-AETI-D.2023-11-D3_NJValley.tif
2023-12-01,2023,12,1,10,681472,8.370621243425996,8.0,0.0,31.0,v1\data\wapor\processed\aeti_dekad\WAPOR-3.L2-AETI-D.2023-12-D1_NJValley.tif
2023-12-11,2023,12,2,10,681472,7.967282588279489,7.000000000000001,0.0,31.0,v1\data\wapor\processed\aeti_dekad\WAPOR-3.L2-AETI-D.2023-12-D2_NJValley.tif
2023-12-21,2023,12,3,11,681472,8.678128228305786,7.700000000000001,0.0,31.900000000000006,v1\data\wapor\processed\aeti_dekad\WAPOR-3.L2-AETI-D.2023-12-D3_NJValley.tif
2024-01-01,2024,1,1,10,681472,8.301227343163035,8.0,0.0,28.000000000000004,v1\data\wapor\processed\aeti_dekad\WAPOR-3.L2-AETI-D.2024-01-D1_NJValley.tif
2024-01-11,2024,1,2,10,681472,6.688351098797896,6.000000000000001,0.0,29.000000000000004,v1\data\wapor\processed\aeti_dekad\WAPOR-3.L2-AETI-D.2024-01-D2_NJValley.tif
2024-01-21,2024,1,3,11,681472,7.114838907541323,6.600000000000001,0.0,29.700000000000003,v1\data\wapor\processed\aeti_dekad\WAPOR-3.L2-AETI-D.2024-01-D3_NJValley.tif
2024-02-01,2024,2,1,10,681472,7.945209781179564,8.0,0.0,35.0,v1\data\wapor\processed\aeti_dekad\WAPOR-3.L2-AETI-D.2024-02-D1_NJValley.tif
2024-02-11,2024,2,2,10,681472,10.097390648478587,10.0,0.0,37.0,v1\data\wapor\processed\aeti_dekad\WAPOR-3.L2-AETI-D.2024-02-D2_NJValley.tif
2024-02-21,2024,2,3,9,681472,13.850881033996997,13.5,0.0,48.6,v1\data\wapor\processed\aeti_dekad\WAPOR-3.L2-AETI-D.2024-02-D3_NJValley.tif
2024-03-01,2024,3,1,10,681472,16.78398378803531,17.0,0.0,61.00000000000001,v1\data\wapor\processed\aeti_dekad\WAPOR-3.L2-AETI-D.2024-03-D1_NJValley.tif
2024-03-11,2024,3,2,10,681472,16.938808931254695,17.0,0.0,67.0,v1\data\wapor\processed\aeti_dekad\WAPOR-3.L2-AETI-D.2024-03-D2_NJValley.tif
2024-03-21,2024,3,3,11,681472,24.585487151342978,24.200000000000003,0.0,89.1,v1\data\wapor\processed\aeti_dekad\WAPOR-3.L2-AETI-D.2024-03-D3_NJValley.tif
2024-04-01,2024,4,1,10,681472,23.470063333489858,24.000000000000004,0.0,89.0,v1\data\wapor\processed\aeti_dekad\WAPOR-3.L2-AETI-D.2024-04-D1_NJValley.tif
2024-04-11,2024,4,2,10,681472,21.80290899699474,22.0,0.0,95.0,v1\data\wapor\processed\aeti_dekad\WAPOR-3.L2-AETI-D.2024-04-D2_NJValley.tif
2024-04-21,2024,4,3,10,681472,23.183407388711494,23.000000000000004,0.0,88.0,v1\data\wapor\processed\aeti_dekad\WAPOR-3.L2-AETI-D.2024-04-D3_NJValley.tif
2024-05-01,2024,5,1,10,681472,19.306828453700227,18.0,0.0,101.00000000000001,v1\data\wapor\processed\aeti_dekad\WAPOR-3.L2-AETI-D.2024-05-D1_NJValley.tif
2024-05-11,2024,5,2,10,681472,19.31275826446281,17.0,0.0,106.00000000000001,v1\data\wapor\processed\aeti_dekad\WAPOR-3.L2-AETI-D.2024-05-D2_NJValley.tif
2024-05-21,2024,5,3,11,681472,20.367560369318184,17.6,0.0,130.9,v1\data\wapor\processed\aeti_dekad\WAPOR-3.L2-AETI-D.2024-05-D3_NJValley.tif
2024-06-01,2024,6,1,10,681472,23.797467834335087,20.0,0.0,135.0,v1\data\wapor\processed\aeti_dekad\WAPOR-3.L2-AETI-D.2024-06-D1_NJValley.tif
2024-06-11,2024,6,2,10,681472,23.170574873215628,19.0,0.0,138.0,v1\data\wapor\processed\aeti_dekad\WAPOR-3.L2-AETI-D.2024-06-D2_NJValley.tif
2024-06-21,2024,6,3,10,681472,19.556369153831707,15.0,0.0,133.0,v1\data\wapor\processed\aeti_dekad\WAPOR-3.L2-AETI-D.2024-06-D3_NJValley.tif
2024-07-01,2024,7,1,10,681472,18.483086612509393,13.0,0.0,136.0,v1\data\wapor\processed\aeti_dekad\WAPOR-3.L2-AETI-D.2024-07-D1_NJValley.tif
2024-07-11,2024,7,2,10,681472,17.42285669844102,12.000000000000002,0.0,139.0,v1\data\wapor\processed\aeti_dekad\WAPOR-3.L2-AETI-D.2024-07-D2_NJValley.tif
2024-07-21,2024,7,3,11,681472,18.861600916838842,13.200000000000003,0.0,147.4,v1\data\wapor\processed\aeti_dekad\WAPOR-3.L2-AETI-D.2024-07-D3_NJValley.tif
2024-08-01,2024,8,1,10,681472,17.48848228540571,13.0,0.0,129.0,v1\data\wapor\processed\aeti_dekad\WAPOR-3.L2-AETI-D.2024-08-D1_NJValley.tif
2024-08-11,2024,8,2,10,681472,17.842097694402703,13.0,0.0,122.00000000000001,v1\data\wapor\processed\aeti_dekad\WAPOR-3.L2-AETI-D.2024-08-D2_NJValley.tif
2024-08-21,2024,8,3,11,681472,18.859586454028925,14.3,0.0,126.5,v1\data\wapor\processed\aeti_dekad\WAPOR-3.L2-AETI-D.2024-08-D3_NJValley.tif
2024-09-01,2024,9,1,10,681472,15.172670337152518,11.0,0.0,108.0,v1\data\wapor\processed\aeti_dekad\WAPOR-3.L2-AETI-D.2024-09-D1_NJValley.tif
2024-09-11,2024,9,2,10,681472,14.616670971074381,11.0,0.0,104.0,v1\data\wapor\processed\aeti_dekad\WAPOR-3.L2-AETI-D.2024-09-D2_NJValley.tif
2024-09-21,2024,9,3,10,681472,13.537781449567994,10.0,0.0,89.0,v1\data\wapor\processed\aeti_dekad\WAPOR-3.L2-AETI-D.2024-09-D3_NJValley.tif
2024-10-01,2024,10,1,10,681472,12.724852965345605,10.0,0.0,74.0,v1\data\wapor\processed\aeti_dekad\WAPOR-3.L2-AETI-D.2024-10-D1_NJValley.tif
2024-10-11,2024,10,2,10,681472,11.457929305972952,9.0,0.0,64.0,v1\data\wapor\processed\aeti_dekad\WAPOR-3.L2-AETI-D.2024-10-D2_NJValley.tif
2024-10-21,2024,10,3,11,681472,13.185569473140498,9.9,0.0,69.30000000000001,v1\data\wapor\processed\aeti_dekad\WAPOR-3.L2-AETI-D.2024-10-D3_NJValley.tif
2024-11-01,2024,11,1,10,681472,10.015112873309542,8.0,0.0,55.0,v1\data\wapor\processed\aeti_dekad\WAPOR-3.L2-AETI-D.2024-11-D1_NJValley.tif
2024-11-11,2024,11,2,10,681472,6.614280557381668,5.0,0.0,35.0,v1\data\wapor\processed\aeti_dekad\WAPOR-3.L2-AETI-D.2024-11-D2_NJValley.tif
2024-11-21,2024,11,3,10,681472,5.654631444872276,4.0,0.0,30.0,v1\data\wapor\processed\aeti_dekad\WAPOR-3.L2-AETI-D.2024-11-D3_NJValley.tif
2024-12-01,2024,12,1,10,681472,6.8440244059917354,6.000000000000001,0.0,33.0,v1\data\wapor\processed\aeti_dekad\WAPOR-3.L2-AETI-D.2024-12-D1_NJValley.tif
2024-12-11,2024,12,2,10,681472,7.13436355418858,6.000000000000001,0.0,34.0,v1\data\wapor\processed\aeti_dekad\WAPOR-3.L2-AETI-D.2024-12-D2_NJValley.tif
2024-12-21,2024,12,3,11,681472,4.819489282024794,3.3000000000000007,0.0,28.6,v1\data\wapor\processed\aeti_dekad\WAPOR-3.L2-AETI-D.2024-12-D3_NJValley.tif
