year,month,dekad,agricultural_aeti_weighted_mm,aeti_crop50_mm,aeti_crop90_mm,mixed_agricultural_pixels,crop_equivalent_pixel_weight
2018,1,1,4.6169925387361985,4.731546843454231,5.065416422322486,286449,145327.48175272386
2018,1,2,6.981605092233993,7.16214436060081,7.632562203047022,286449,145327.48175272386
2018,1,3,6.39358158466483,6.561600238332723,7.009210465563769,286449,145327.48175272386
2018,2,1,14.346429398681998,14.649543951087502,15.18600476321553,286449,145327.48175272386
2018,2,2,12.108389829132001,12.425220865132662,13.17482676496284,286449,145327.48175272386
2018,2,3,11.04031715759985,11.308088575600621,11.930164994894392,286449,145327.48175272386
2018,3,1,21.44613004392621,21.93824367473761,22.935181971588257,286449,145327.48175272386
2018,3,2,21.146125142443047,21.665172754478156,22.809758607896406,286449,145327.48175272386
2018,3,3,26.803109419147173,27.473381586994275,28.96158066440559,286449,145327.48175272386
2018,4,1,23.140201271031955,23.688619539225932,24.917756740907404,286449,145327.48175272386
2018,4,2,23.156653826721627,23.6391056572975,24.665581579041852,286449,145327.48175272386
2018,4,3,16.63025744054426,16.95361474247913,17.602654475388057,286449,145327.48175272386
2018,5,1,19.471430275668578,19.76739357665488,20.264645690965448,286449,145327.48175272386
2018,5,2,17.491384489773445,17.651985280430704,17.849216702370835,286449,145327.48175272386
2018,5,3,17.460505231829423,17.539659777373835,17.594233861837765,286449,145327.48175272386
2018,6,1,14.733012959941048,14.753246753246753,14.776368227676915,286449,145327.48175272386
2018,6,2,14.789297404796146,14.78523461103395,14.777876180331988,286449,145327.48175272386
2018,6,3,15.47139147794987,15.45718008562551,15.438287635985017,286449,145327.48175272386
2018,7,1,16.19695684778496,16.16202265209983,16.061407183120505,286449,145327.48175272386
2018,7,2,14.63680196807222,14.587773307177939,14.432997833814044,286449,145327.48175272386
2018,7,3,15.102963285230402,15.025098416272845,14.75312777672486,286449,145327.48175272386
2018,8,1,12.456570293217682,12.375742779822163,12.057362040283879,286449,145327.48175272386
2018,8,2,12.39254654738911,12.297398301808444,11.8805725432938,286449,145327.48175272386
2018,8,3,13.577772897801074,13.477555489036218,12.980215865116737,286449,145327.48175272386
2018,9,1,11.877868488659193,11.777080141468234,11.281640078030566,286449,145327.48175272386
2018,9,2,11.628533238691258,11.53383496327267,11.035173594073507,286449,145327.48175272386
2018,9,3,10.675001074890295,10.569216340440155,10.061203729190852,286449,145327.48175272386
2018,10,1,9.523318542211861,9.429695442374605,8.939239082303098,286449,145327.48175272386
2018,10,2,8.081971541279753,8.022272655679492,7.637852005217995,286449,145327.48175272386
2018,10,3,9.719705621510077,9.657056203916257,9.145374988103445,286449,145327.48175272386
2018,11,1,7.505103032293929,7.487370953192342,7.210311523869933,286449,145327.48175272386
2018,11,2,6.814938375715292,6.837712452927447,6.727144344579149,286449,145327.48175272386
2018,11,3,6.5370649236517355,6.5814659430976965,6.5428270521919165,286449,145327.48175272386
2018,12,1,5.520517036854961,5.583892953793725,5.62486685735486,286449,145327.48175272386
2018,12,2,6.470858963053042,6.570483540715073,6.69270079107675,286449,145327.48175272386
2018,12,3,4.596506225455502,4.669806264800358,4.780287701570524,286449,145327.48175272386
2019,1,1,6.6295955131943805,6.77300648634717,7.050037698816377,286449,145327.48175272386
2019,1,2,7.518411922028166,7.693308896175489,8.04319207247747,286449,145327.48175272386
2019,1,3,11.287536413236095,11.532312171792114,11.958308702543436,286449,145327.48175272386
2019,2,1,12.211048140276727,12.522852560890048,13.170506360927272,286449,145327.48175272386
2019,2,2,9.765755953432151,10.005211987571414,10.509903419222805,286449,145327.48175272386
2019,2,3,10.666507332692154,10.925723437492165,11.43983625907126,286449,145327.48175272386
2019,3,1,13.75748044890447,14.08108649894758,14.73638354656103,286449,145327.48175272386
2019,3,2,17.914604029207872,18.308237517719327,19.050109506085665,286449,145327.48175272386
2019,3,3,18.501278138690537,18.92505121240894,19.82099767015857,286449,145327.48175272386
2019,4,1,22.420555560306738,22.87943699079311,23.75404813480618,286449,145327.48175272386
2019,4,2,21.77147441324585,22.228067412190896,23.070646385102386,286449,145327.48175272386
2019,4,3,25.788988550168195,26.252545139535215,27.04641143171727,286449,145327.48175272386
2019,5,1,24.594276946659882,25.004739472214666,25.655289203777063,286449,145327.48175272386
2019,5,2,27.635183956617208,27.99631294835264,28.523223667675957,286449,145327.48175272386
2019,5,3,28.676240821197478,28.973838358645118,29.365775419866313,286449,145327.48175272386
2019,6,1,20.227601634811116,20.365662452211517,20.50502052491114,286449,145327.48175272386
2019,6,2,17.127114873159698,17.20902361144919,17.29336859868114,286449,145327.48175272386
2019,6,3,18.78021579495348,18.856584429903062,18.98798425027227,286449,145327.48175272386
2019,7,1,19.83108143575,19.90659230515901,20.070574577833096,286449,145327.48175272386
2019,7,2,19.73385523869516,19.80399203883217,19.93416470193999,286449,145327.48175272386
2019,7,3,20.049325807125598,20.098810845652654,20.106907873943097,286449,145327.48175272386
2019,8,1,16.960432301566644,16.991401652371884,16.897507090967842,286449,145327.48175272386
2019,8,2,17.010546950796847,17.012321195893414,16.730698804408966,286449,145327.48175272386
2019,8,3,17.9766511095372,17.96015121772371,17.547459836453115,286449,145327.48175272386
2019,9,1,14.454358013082112,14.42701069602944,13.978194525892505,286449,145327.48175272386
2019,9,2,14.102024875816614,14.070898781483125,13.577689481431836,286449,145327.48175272386
2019,9,3,13.372123660080087,13.340855395982187,12.85411156456072,286449,145327.48175272386
2019,10,1,12.124227694567974,12.089219490542533,11.638833371231614,286449,145327.48175272386
2019,10,2,11.70251576028681,11.666189378427527,11.21339923644937,286449,145327.48175272386
2019,10,3,9.029570187191052,8.994873176074014,8.620104806757059,286449,145327.48175272386
2019,11,1,10.08431360792234,10.057439253139364,9.652644302691575,286449,145327.48175272386
2019,11,2,9.403252137892483,9.399332751041682,9.087556997019998,286449,145327.48175272386
2019,11,3,7.267470691586459,7.289637595040021,7.134435175987649,286449,145327.48175272386
2019,12,1,4.063699064252183,4.085238906628102,4.039853034455521,286449,145327.48175272386
2019,12,2,5.318981037790847,5.380331906241499,5.428318393432028,286449,145327.48175272386
2019,12,3,5.72472528879431,5.808536766112712,5.935197518074931,286449,145327.48175272386
2020,1,1,4.1755675611957175,4.254678617964175,4.428079035867731,286449,145327.48175272386
2020,1,2,6.004543126334429,6.125703403542433,6.401881350455378,286449,145327.48175272386
2020,1,3,7.099930562212365,7.261521481411412,7.634953368551428,286449,145327.48175272386
2020,2,1,7.8744839634419765,8.052850126720028,8.443673181181708,286449,145327.48175272386
2020,2,2,10.830761245463574,11.079869413937772,11.577545866893258,286449,145327.48175272386
2020,2,3,10.646827749597387,10.893332579932204,11.399540507181522,286449,145327.48175272386
2020,3,1,18.39022251491694,18.812926874668882,19.654726713500963,286449,145327.48175272386
2020,3,2,16.45820126570929,16.864989475794328,17.739543066409755,286449,145327.48175272386
2020,3,3,24.327526507782373,24.888399710497527,25.988643629563747,286449,145327.48175272386
2020,4,1,21.840886141890866,22.332901387476912,23.276134854051726,286449,145327.48175272386
2020,4,2,25.434033831194185,25.957538051804864,26.882942183180344,286449,145327.48175272386
2020,4,3,23.42632449389191,23.880238835034866,24.587634788228396,286449,145327.48175272386
2020,5,1,21.937078849911803,22.302617448703447,22.78879088526395,286449,145327.48175272386
2020,5,2,32.71952079183168,33.15592290840362,33.61431118876934,286449,145327.48175272386
2020,5,3,23.052146883856494,23.31985350827137,23.575270761663948,286449,145327.48175272386
2020,6,1,20.90843409746529,21.052069760449033,21.107208253048817,286449,145327.48175272386
2020,6,2,19.209164842346762,19.311781382894946,19.362339480833445,286449,145327.48175272386
2020,6,3,18.35111511691707,18.408947722619168,18.41554866737676,286449,145327.48175272386
2020,7,1,18.16951436746716,18.206582282105988,18.188601792788155,286449,145327.48175272386
2020,7,2,21.945834330441176,21.977118801815603,22.005672774273847,286449,145327.48175272386
2020,7,3,18.915309370494715,18.9068672287295,18.712243147193227,286449,145327.48175272386
2020,8,1,15.620018210153024,15.593593837254256,15.299831252917171,286449,145327.48175272386
2020,8,2,15.439117794174392,15.393426309082319,14.946683102552749,286449,145327.48175272386
2020,8,3,17.95076671814745,17.87706727560232,17.220897138373406,286449,145327.48175272386
2020,9,1,17.116033951429205,17.02913844699953,16.310674150579842,286449,145327.48175272386
2020,9,2,14.534635363075283,14.4439138590186,13.712352047105568,286449,145327.48175272386
2020,9,3,11.866836301836859,11.77971477254829,11.117787857390763,286449,145327.48175272386
2020,10,1,12.667547006741598,12.584114892824926,11.867754945725672,286449,145327.48175272386
2020,10,2,11.17887332414967,11.13571213791721,10.619876252139258,286449,145327.48175272386
2020,10,3,14.650035938128132,14.657197975517846,14.165141148188386,286449,145327.48175272386
2020,11,1,8.547760099445481,8.584558770887327,8.423124334286774,286449,145327.48175272386
2020,11,2,9.45390665668332,9.531923423874913,9.469954641741566,286449,145327.48175272386
2020,11,3,7.319605323321719,7.401351680293246,7.427803774668789,286449,145327.48175272386
2020,12,1,8.3933725170036,8.516101318747404,8.630036980743684,286449,145327.48175272386
2020,12,2,9.27027759178886,9.423094546027292,9.592912622521153,286449,145327.48175272386
2020,12,3,10.973147729445046,11.213222554482966,11.612815211713688,286449,145327.48175272386
2021,1,1,13.974678556735032,14.290718652901674,14.822085522457723,286449,145327.48175272386
2021,1,2,9.566672713986375,9.79439138590186,10.287157269887622,286449,145327.48175272386
2021,1,3,11.00115639088697,11.275098440773062,11.839971523115308,286449,145327.48175272386
2021,2,1,15.740118960984004,16.09368690846089,16.79618703400074,286449,145327.48175272386
2021,2,2,11.265154355238465,11.524270106960294,12.118948741577606,286449,145327.48175272386
2021,2,3,14.86590326227649,15.220103343241925,15.959318755666889,286449,145327.48175272386
2021,3,1,16.16060076058561,16.52232993026819,17.324281628110153,286449,145327.48175272386
2021,3,2,20.118103906938508,20.576189521613998,21.61865552856134,286449,145327.48175272386
2021,3,3,21.977915454620625,22.47286185213281,23.561934940594437,286449,145327.48175272386
2021,4,1,21.91509260595716,22.376437234210112,23.31588017760331,286449,145327.48175272386
2021,4,2,26.252358631430813,26.740009163934193,27.62388549134124,286449,145327.48175272386
2021,4,3,22.911439198019,23.271839516602473,23.83453211580119,286449,145327.48175272386
2021,5,1,25.282767455874396,25.599213906270137,25.95740632143327,286449,145327.48175272386
2021,5,2,19.186241886806123,19.364201950199746,19.495230800531374,286449,145327.48175272386
2021,5,3,19.782227060910472,19.905685931469346,19.921628344071404,286449,145327.48175272386
2021,6,1,16.387700962476575,16.45967868955741,16.454300657036512,286449,145327.48175272386
2021,6,2,14.592612511632996,14.633814917166626,14.636595378005433,286449,145327.48175272386
2021,6,3,18.090550677550315,18.10789100645771,18.045789102050097,286449,145327.48175272386
2021,7,1,17.976878601961992,17.972286258394305,17.862524982945775,286449,145327.48175272386
2021,7,2,17.687570595195098,17.658664929337476,17.463719377191616,286449,145327.48175272386
2021,7,3,16.90324476276167,16.85582769038104,16.54902521765877,286449,145327.48175272386
2021,8,1,16.907079670100604,16.829600939303255,16.314073027992865,286449,145327.48175272386
2021,8,2,15.874441013945242,15.807528744684202,15.267948825352754,286449,145327.48175272386
2021,8,3,17.968366393931838,17.914868488129674,17.29939802200833,286449,145327.48175272386
2021,9,1,15.743701028590683,15.731790260456192,15.235827040224038,286449,145327.48175272386
2021,9,2,15.64005979326504,15.669318002835093,15.28501501968716,286449,145327.48175272386
2021,9,3,15.636660816978349,15.699129426251808,15.44031020740333,286449,145327.48175272386
2021,10,1,14.488217426480618,14.54618479646043,14.329750948454349,286449,145327.48175272386
2021,10,2,11.869709133080356,11.895581265482038,11.647282693251313,286449,145327.48175272386
2021,10,3,11.139919036179062,11.15032285888006,10.876238944470368,286449,145327.48175272386
2021,11,1,9.932685913072623,9.933088961754894,9.65975322235121,286449,145327.48175272386
2021,11,2,8.485023616919058,8.494995632812612,8.297928360281006,286449,145327.48175272386
2021,11,3,7.401182366831503,7.423008634144246,7.327776248548894,286449,145327.48175272386
2021,12,1,6.012657615181772,6.051819184123484,6.0603659777158105,286449,145327.48175272386
2021,12,2,5.944674942834253,6.000014318647175,6.0507557715092695,286449,145327.48175272386
2021,12,3,5.184829744839464,5.263828938726717,5.398342435986582,286449,145327.48175272386
2022,1,1,7.422390971597366,7.553057747104053,7.740883468769821,286449,145327.48175272386
2022,1,2,5.710372780955314,5.82498317558957,6.042378256758859,286449,145327.48175272386
2022,1,3,6.050130389775741,6.19103006364796,6.505056406686157,286449,145327.48175272386
2022,2,1,8.59182600702581,8.783681037815548,9.15846667544311,286449,145327.48175272386
2022,2,2,11.432132110880453,11.674701814172597,12.105389135560156,286449,145327.48175272386
2022,2,3,10.852565074691613,11.093812884115989,11.533597384487893,286449,145327.48175272386
2022,3,1,16.82545314349699,17.212273944357737,17.98513589525713,286449,145327.48175272386
2022,3,2,12.492111265189543,12.828885006944544,13.560048828943117,286449,145327.48175272386
2022,3,3,21.63358317664172,22.17415336230467,23.356000023971777,286449,145327.48175272386
2022,4,1,32.60104877052538,33.29193573791148,34.642591284991084,286449,145327.48175272386
2022,4,2,27.454968531754947,28.062815905153283,29.314611582512537,286449,145327.48175272386
2022,4,3,27.142640492328557,27.65098297512851,28.61322211185179,286449,145327.48175272386
2022,5,1,19.6215041865457,19.962757198699865,20.523295474945247,286449,145327.48175272386
2022,5,2,19.901596247897107,20.13482438179241,20.378603827327453,286449,145327.48175272386
2022,5,3,21.678080782350186,21.825885955056595,21.84449895525914,286449,145327.48175272386
2022,6,1,16.27685272393554,16.326794484457107,16.267948825352754,286449,145327.48175272386
2022,6,2,16.664633378385467,16.714994487320837,16.724870447718324,286449,145327.48175272386
2022,6,3,16.524132545136318,16.553007631838945,16.560635254975644,286449,145327.48175272386
2022,7,1,16.74091597527748,16.74608027033606,16.726222817956604,286449,145327.48175272386
2022,7,2,16.651100918852656,16.642499176677788,16.627810955395717,286449,145327.48175272386
2022,7,3,17.41894327283321,17.37831941165268,17.33158561309309,286449,145327.48175272386
2022,8,1,13.170304987910425,13.117276879680407,13.058702442643943,286449,145327.48175272386
2022,8,2,12.708967812525954,12.645942811323186,12.479181875845232,286449,145327.48175272386
2022,8,3,16.830268948542226,16.742148370934586,16.307703724750013,286449,145327.48175272386
2022,9,1,14.082278454803545,14.01108979223643,13.536208815539092,286449,145327.48175272386
2022,9,2,12.71422428770921,12.641940749437993,12.082925428150842,286449,145327.48175272386
2022,9,3,12.859833911041788,12.76441529804264,12.016527639814738,286449,145327.48175272386
2022,10,1,11.060103971948239,10.977247669640173,10.306006678076043,286449,145327.48175272386
2022,10,2,9.916840267627853,9.84587408181675,9.206972485847984,286449,145327.48175272386
2022,10,3,10.787891025249312,10.714600681977819,9.961228810013306,286449,145327.48175272386
2022,11,1,7.363107740982992,7.318546943684761,6.816556362722453,286449,145327.48175272386
2022,11,2,7.979589076103253,7.947536476753676,7.431956628409349,286449,145327.48175272386
2022,11,3,6.045345769964076,6.033806325978322,5.711909235611619,286449,145327.48175272386
2022,12,1,6.046168293409608,6.0609902776385685,5.840779348229352,286449,145327.48175272386
2022,12,2,7.42898729069926,7.477476767994959,7.324880022020896,286449,145327.48175272386
2022,12,3,5.944823579703871,6.014474700091025,6.017068568369353,286449,145327.48175272386
2023,1,1,7.071189480281144,7.182068758143731,7.312086360209198,286449,145327.48175272386
2023,1,2,8.005179864215355,8.144718566989791,8.314491903730387,286449,145327.48175272386
2023,1,3,12.046263601694605,12.268144585222608,12.588343285567822,286449,145327.48175272386
2023,2,1,6.197878009070473,6.345337132547717,6.692269947461015,286449,145327.48175272386
2023,2,2,10.928635668892822,11.175696960151205,11.710820158694066,286449,145327.48175272386
2023,2,3,12.419797336972454,12.70576035810327,13.328357847222236,286449,145327.48175272386
2023,3,1,19.82135388726527,20.306777015707556,21.376617159543784,286449,145327.48175272386
2023,3,2,16.735223120734137,17.1486561949627,18.091326878657682,286449,145327.48175272386
2023,3,3,21.176533570955797,21.719349489052746,22.892840790557706,286449,145327.48175272386
2023,4,1,28.640574583355804,29.267228912212374,30.334214967028494,286449,145327.48175272386
2023,4,2,23.96549293107442,24.446376666332565,25.18280933973216,286449,145327.48175272386
2023,4,3,22.27750382516068,22.69484099142313,23.178967650825186,286449,145327.48175272386
2023,5,1,24.45758224286869,24.84779993986168,25.149000083775146,286449,145327.48175272386
2023,5,2,22.248062461794273,22.51301565028136,22.606544035807893,286449,145327.48175272386
2023,5,3,21.53517777193035,21.703323345596104,21.699608637788195,286449,145327.48175272386
2023,6,1,19.35827297848175,19.46064519824167,19.468183395765763,286449,145327.48175272386
2023,6,2,16.724729880934525,16.799087902175003,16.909726294625226,286449,145327.48175272386
2023,6,3,18.762165841306892,18.823393805753234,18.95867491652405,286449,145327.48175272386
2023,7,1,18.46388928017242,18.512163690774496,18.62386155558481,286449,145327.48175272386
2023,7,2,22.008000113015324,22.031701484843712,22.020596718407795,286449,145327.48175272386
2023,7,3,21.687481116348756,21.686186805297698,21.565052601802524,286449,145327.48175272386
2023,8,1,16.75001988542139,16.726936239064134,16.524492262766735,286449,145327.48175272386
2023,8,2,14.618780606212368,14.573762510917968,14.291932453295356,286449,145327.48175272386
2023,8,3,11.834830139710368,11.755630768340218,11.361080414499263,286449,145327.48175272386
2023,9,1,9.475357645182601,9.377346468305674,8.901300908361957,286449,145327.48175272386
2023,9,2,12.075375554607547,11.967110067440828,11.259607214236988,286449,145327.48175272386
2023,9,3,9.905924574194891,9.828555678059537,9.25565781442608,286449,145327.48175272386
2023,10,1,8.39804211299814,8.32503329085468,7.777947987601278,286449,145327.48175272386
2023,10,2,6.142815467963919,6.089906785606896,5.693155570448915,286449,145327.48175272386
2023,10,3,12.668942446297761,12.543644630580726,11.549716913196628,286449,145327.48175272386
2023,11,1,9.531504052147168,9.465492060310142,8.820637409193724,286449,145327.48175272386
2023,11,2,6.922557743500137,6.909062271796561,6.551060952403748,286449,145327.48175272386
2023,11,3,8.046790544142477,8.098268875556638,7.8766949507521815,286449,145327.48175272386
2023,12,1,8.63712488211276,8.729578029467776,8.66068671685197,286449,145327.48175272386
2023,12,2,8.595082979276869,8.727251249301966,8.81814809052503,286449,145327.48175272386
2023,12,3,9.572386662108654,9.733745448189634,9.905371164721165,286449,145327.48175272386
2024,1,1,9.302570036667017,9.45680780079898,9.615005325705805,286449,145327.48175272386
2024,1,2,7.550889997768526,7.677651455490485,7.844597101379897,286449,145327.48175272386
2024,1,3,8.16352374531278,8.318987203201827,8.578162174018155,286449,145327.48175272386
2024,2,1,9.406819569513482,9.59321439310414,9.916093205835537,286449,145327.48175272386
2024,2,2,12.044478565941471,12.299259725941093,12.761875127158707,286449,145327.48175272386
2024,2,3,16.68584199939247,17.04557271146609,17.667808830289378,286449,145327.48175272386
2024,3,1,20.260045959040546,20.699730809433124,21.48247304235432,286449,145327.48175272386
2024,3,2,20.25802867773916,20.674551468377267,21.445097358689278,286449,145327.48175272386
2024,3,3,29.3725009254558,29.950976450942985,30.987556912060498,286449,145327.48175272386
2024,4,1,27.39011933506873,27.878277180372,28.6823605442991,286449,145327.48175272386
2024,4,2,25.085278510807807,25.508218903478,26.11809902222435,286449,145327.48175272386
2024,4,3,25.893527779647602,26.294505935079254,26.72518161255191,286449,145327.48175272386
2024,5,1,20.312281843545517,20.57422786695113,20.70982682480223,286449,145327.48175272386
2024,5,2,19.229159862473374,19.40042096822692,19.386203429993895,286449,145327.48175272386
2024,5,3,19.560556182695155,19.689683406651092,19.649988620938664,286449,145327.48175272386
2024,6,1,22.949408806375157,23.05673048010424,23.00230980049547,286449,145327.48175272386
2024,6,2,22.174984327299722,22.253783702515786,22.299771413526095,286449,145327.48175272386
2024,6,3,18.353155525296454,18.41395924913014,18.572579197434088,286449,145327.48175272386
2024,7,1,16.6867153782545,16.71620441300706,16.929581004583696,286449,145327.48175272386
2024,7,2,15.1441590052579,15.141890634172883,15.313582344986058,286449,145327.48175272386
2024,7,3,16.30981879572797,16.28665929610695,16.30541304748928,286449,145327.48175272386
2024,8,1,15.101255856088313,15.06316671200905,14.884833107938293,286449,145327.48175272386
2024,8,2,15.642710137163174,15.602349690001288,15.270079107675,286449,145327.48175272386
2024,8,3,16.281157197372995,16.225216557869693,15.701418179981882,286449,145327.48175272386
2024,9,1,12.768574808283518,12.700146050201177,12.108620462678171,286449,145327.48175272386
2024,9,2,12.146360189813704,12.080477956442675,11.390799095228408,286449,145327.48175272386
2024,9,3,11.562268373959126,11.506171336932086,10.855068994817909,286449,145327.48175272386
2024,10,1,11.16861136704695,11.133492747605207,10.520530895077611,286449,145327.48175272386
2024,10,2,9.920468880962014,9.87574993914575,9.269097741661382,286449,145327.48175272386
2024,10,3,11.088153637601078,11.02962669377751,10.17007310326814,286449,145327.48175272386
2024,11,1,8.555114690811239,8.520074743338249,7.893832952355877,286449,145327.48175272386
2024,11,2,5.849382408839004,5.836230472944917,5.465095683186328,286449,145327.48175272386
2024,11,3,5.020605410637098,5.02512206646716,4.725504745263712,286449,145327.48175272386
2024,12,1,6.380380242706564,6.414145391543407,6.12089950572663,286449,145327.48175272386
2024,12,2,6.878311934391227,6.944636950700898,6.731967399499743,286449,145327.48175272386
2024,12,3,4.716202517147987,4.766939675879302,4.667835132533604,286449,145327.48175272386
