2026	10.1002/ird.70142	Soil Moisture Retrieval in Irrigated Winter Wheat Fields Using Sentinel Data and Machine Learning Algorithms
2025	10.5194/egusphere-egu24-6626	Irrigation Management using Machine Learning Regressors of Aggregated Soil Moisture Data
NA	10.7717/peerj.20440/fig-2	Figure 2: Soil moisture content of rainfed treatment (drought treatment) and irrigation treatment.
2023	10.1109/igarss52108.2023.10283282	Toward Field Level Drought and Irrigation Monitoring Using Machine Learning Based High-Resolution Soil Moisture (ML-HRSM) Data
2023	10.1007/s10661-023-11871-w	Assessing how irrigation practices and soil moisture affect crop growth through monitoring Sentinel-1 and Sentinel-2 data
2026	10.3390/rs18121914	Machine Learning-Based Soil Moisture Retrieval from Sentinel-1A Observations over the International Soil Moisture Networks
NA	10.1109/tgrs.2026.3677267/mm1	A hybrid Physics-Guided Machine Learning for Soil Moisture Monitoring and Drought Assessment from CYGNSS in Complex Terrain_supp1-3677267.docx
2026	10.1002/9781394288557.ch02	Background on Soil Moisture Modeling
2023	10.3390/iecag2023-15972	Sentinel Data and Machine Learning Algorithms for Soil Moisture Land Classification
2024	10.5194/egusphere-egu24-13883	Evaluating the Interplay Between Soil Moisture and Meteorological Drought Indicators: Implications for Drought Monitoring and Crop Productivity in India
2026	10.1002/9781394288557.ch05	Adaptive Soil Moisture Estimation Using Performance‐triggered Model Reduction
2026	10.5194/egusphere-egu26-10703	Developing a machine-learning Surrogate Model to rapidly predict wheat yields under Soil-Moisture-Triggered irrigation strategies in Northwest India
2015	10.1201/b18077-39	A simple method to estimate irrigation date for soil moisture modeling and agricultural drought monitoring in irrigated regions
2026	10.1002/9781394288557.ch04	Soil Moisture and Hydraulic Parameter Estimation in Agro‐hydrological Systems
2023	10.1002/9781394173358.ch11	Crop Yield and Soil Moisture Prediction Using Machine Learning Algorithms
2022	10.1007/s00271-022-00802-1	Use of a crop model and soil moisture sensors for estimating soil moisture and irrigation applications in a production soybean field
2026	10.2139/ssrn.6383088	Integrating Sentinel-1 SAR and Sentinel-2 data to estimate soil moisture for irrigation scheduling in maize fields, Bronkhorstspruit, South Africa
2024	10.1002/ird.3037	Model ensemble techniques of machine learning algorithms for soil moisture constants in the semi‐arid climate conditions
2023	10.3390/rs15164081	Plot-Scale Irrigation Dates and Amount Detection Using Surface Soil Moisture Derived from Sentinel-1 SAR Data in the Optirrig Crop Model
2025	10.5194/egusphere-egu24-8793	Advancing Irrigation Strategies: Synergistic Modeling of Soil Moisture Using Cosmic-Ray Neutron Sensing, Hydrus-1D, and Machine Learning
2026	10.5194/egusphere-egu26-16355	Prediction of root zone soil moisture and flash drought at short lead times over the Narmada Basin using machine learning
2026	10.2139/ssrn.6816003	Forecasting agricultural drought impacts on crop productivity using satellite soil moisture in water-limited environments
2025	10.5194/egusphere-egu25-18781	Machine Learning-Based Soil Moisture Estimation Using Sentinel-2 MSI Data: Case Studies from the REMEDHUS (Spain) and SMOSMANIA (France) Networks
2019	10.31223/osf.io/ce865	Gap Filling of High-Resolution Soil Moisture for SMAP/Sentinel-1: A Two-Layer Machine Learning-Based Framework
2026	10.5194/egusphere-egu26-10741	Machine Learning-Based Root-Zone Soil Moisture Estimation Using Satellite-Derived Surface Soil Moisture
2021	10.5194/egusphere-egu21-1115	Detection and quantification of irrigation water amounts at sub-kilometric scale using Sentinel-1 surface soil moisture
2023	10.2139/ssrn.4341430	Linking Soil Moisture Sensors and Crop Models for Irrigation Management
2025	10.57152/malcom.v5i2.1714	Implementasi Aplikasi untuk Pemantauan Kelembaban Tanah Pada Teknologi Irigasi Tetes Tanaman Jagung
2023	10.1109/radar54928.2023.10371043	Machine Learning Methods for 1 km Soil Moisture Retrieval from Sentinel-1: An Evaluation with Limited Training Samples
2022	10.1109/synasc57785.2022.00043	Machine Learning Models to Predict Soil Moisture for Irrigation Schedule
2012	10.5772/30419	Developing Crop-Specific Irrigation Management Strategies Considering Effects of Drought on Carbon Metabolism in Plants
2026	10.65897/jais.v2.i1.87	Prototype of an Internet of Things-Based Irrigation System Using Soil Moisture Sensors for Monitoring Rice Field Drought in Lape Village
2026	10.1002/ird.70185	Prediction of Soil Moisture Constants in Coastal Soils of Bangladesh Using Machine Learning Algorithms
2003	10.1094/cm-2003-0120-01-ma	Utilizing Soil‐Moisture Monitoring to Improve Alfalfa and Pasture Irrigation Management
2018	10.3390/w10070838	Assessing Vegetation Response to Soil Moisture Fluctuation under Extreme Drought Using Sentinel-2
2020	10.5194/egusphere-egu2020-8588	Detection of irrigation events on maize plots using sentinel-1 soil moisture products
2020	10.5194/egusphere-egu2020-18564	Sentinel-2 Multitemporal Bare Soil Composites for predicting soil properties using machine learning methods
2021	10.3390/soilsystems5040057	Machine Learning for Predicting Field Soil Moisture Using Soil, Crop, and Nearby Weather Station Data in the Red River Valley of the North
1974	10.2135/cropsci1974.0011183x001400030006x	Genotypic Responses in Sorghum to Drought Stress. I. Response to Soil Moisture Stress<sup>1</sup>
2023	10.7287/peerj-cs.1268v0.1/reviews/3	Peer Review #3 of "Drought stress detection technique for wheat crop using machine learning (v0.1)"
2023	10.7287/peerj-cs.1268v0.2/reviews/4	Peer Review #4 of "Drought stress detection technique for wheat crop using machine learning (v0.2)"
2023	10.7287/peerj-cs.1268v0.2/reviews/1	Peer Review #1 of "Drought stress detection technique for wheat crop using machine learning (v0.2)"
2018	10.32792/utq/utjagr/7/1/31	Effect of low and high irrigation water salinity on the soil moisture content distribution and corn crop productivity using double drip irrigation system.
2026	10.3390/agronomy16050541	Hybrid Physical–Machine Learning Soil Moisture Modeling at Orchard Scale in Irrigated Citrus Orchards Using Sentinel 1 and 2 and Agroclimatic Data
2025	10.3390/rs17132330	Integrating Sentinel-1 SAR and Machine Learning Models for Optimal Soil Moisture Sensor Placement at Catchment Scale
2023	10.7287/peerj-cs.1268v0.1/reviews/1	Peer Review #1 of "Drought stress detection technique for wheat crop using machine learning (v0.1)"
2022	10.5194/egusphere-egu22-6058	The Relationship Between Soil Moisture and Drought Monitoring Using Sentinel-3 SLSTR Data in Lower Eastern Counties of Kenya
2023	10.7287/peerj-cs.1268v0.1/reviews/2	Peer Review #2 of "Drought stress detection technique for wheat crop using machine learning (v0.1)"
2020	10.5194/egusphere-egu2020-13647	Combining time series of Sentinel-1 and -2 with in-situ data for estimating soil moisture at crop field scale
2023	10.1109/wconf58270.2023.10235220	Optimizing Irrigation Efficiency with IoT and Machine Learning: A Transfer Learning Approach for Accurate Soil Moisture Prediction
