date,year,month,dekad,days,valid_pixels,ret_mean_mm_dekad,ret_median_mm_dekad,ret_min_mm_dekad,ret_max_mm_dekad,raster
2018-01-01,2018,1,1,10,10,10.4,10.5,9.0,12.000000000000002,v1\data\wapor_ret\processed\ret_dekad\WAPOR-3.L1-RET-D.2018-01-D1_NJValley.tif
2018-01-11,2018,1,2,10,10,13.3,13.5,11.0,15.0,v1\data\wapor_ret\processed\ret_dekad\WAPOR-3.L1-RET-D.2018-01-D2_NJValley.tif
2018-01-21,2018,1,3,11,10,12.430000000000001,12.650000000000002,9.9,14.3,v1\data\wapor_ret\processed\ret_dekad\WAPOR-3.L1-RET-D.2018-01-D3_NJValley.tif
2018-02-01,2018,2,1,10,10,21.0,21.0,19.0,23.000000000000004,v1\data\wapor_ret\processed\ret_dekad\WAPOR-3.L1-RET-D.2018-02-D1_NJValley.tif
2018-02-11,2018,2,2,10,10,15.8,16.0,14.000000000000002,17.0,v1\data\wapor_ret\processed\ret_dekad\WAPOR-3.L1-RET-D.2018-02-D2_NJValley.tif
2018-02-21,2018,2,3,8,10,16.56,16.4,14.4,18.400000000000002,v1\data\wapor_ret\processed\ret_dekad\WAPOR-3.L1-RET-D.2018-02-D3_NJValley.tif
2018-03-01,2018,3,1,10,10,28.8,28.500000000000004,27.0,32.0,v1\data\wapor_ret\processed\ret_dekad\WAPOR-3.L1-RET-D.2018-03-D1_NJValley.tif
2018-03-11,2018,3,2,10,10,30.9,30.5,29.000000000000004,34.0,v1\data\wapor_ret\processed\ret_dekad\WAPOR-3.L1-RET-D.2018-03-D2_NJValley.tif
2018-03-21,2018,3,3,11,10,37.40000000000001,37.400000000000006,35.2,39.6,v1\data\wapor_ret\processed\ret_dekad\WAPOR-3.L1-RET-D.2018-03-D3_NJValley.tif
2018-04-01,2018,4,1,10,10,38.8,38.5,37.0,40.0,v1\data\wapor_ret\processed\ret_dekad\WAPOR-3.L1-RET-D.2018-04-D1_NJValley.tif
2018-04-11,2018,4,2,10,10,44.3,44.0,42.0,47.0,v1\data\wapor_ret\processed\ret_dekad\WAPOR-3.L1-RET-D.2018-04-D2_NJValley.tif
2018-04-21,2018,4,3,10,10,42.0,42.0,39.0,45.0,v1\data\wapor_ret\processed\ret_dekad\WAPOR-3.L1-RET-D.2018-04-D3_NJValley.tif
2018-05-01,2018,5,1,10,10,49.0,48.5,46.00000000000001,51.00000000000001,v1\data\wapor_ret\processed\ret_dekad\WAPOR-3.L1-RET-D.2018-05-D1_NJValley.tif
2018-05-11,2018,5,2,10,10,57.9,58.00000000000001,56.00000000000001,61.00000000000001,v1\data\wapor_ret\processed\ret_dekad\WAPOR-3.L1-RET-D.2018-05-D2_NJValley.tif
2018-05-21,2018,5,3,11,10,63.14000000000001,62.70000000000001,57.2,69.30000000000001,v1\data\wapor_ret\processed\ret_dekad\WAPOR-3.L1-RET-D.2018-05-D3_NJValley.tif
2018-06-01,2018,6,1,10,10,59.6,60.0,54.0,64.0,v1\data\wapor_ret\processed\ret_dekad\WAPOR-3.L1-RET-D.2018-06-D1_NJValley.tif
2018-06-11,2018,6,2,10,10,62.3,62.00000000000001,57.0,68.0,v1\data\wapor_ret\processed\ret_dekad\WAPOR-3.L1-RET-D.2018-06-D2_NJValley.tif
2018-06-21,2018,6,3,10,10,64.6,65.0,58.00000000000001,68.0,v1\data\wapor_ret\processed\ret_dekad\WAPOR-3.L1-RET-D.2018-06-D3_NJValley.tif
2018-07-01,2018,7,1,10,10,66.6,67.0,61.00000000000001,70.0,v1\data\wapor_ret\processed\ret_dekad\WAPOR-3.L1-RET-D.2018-07-D1_NJValley.tif
2018-07-11,2018,7,2,10,10,65.1,65.5,60.0,69.0,v1\data\wapor_ret\processed\ret_dekad\WAPOR-3.L1-RET-D.2018-07-D2_NJValley.tif
2018-07-21,2018,7,3,11,10,70.72999999999999,69.85000000000001,66.0,74.80000000000001,v1\data\wapor_ret\processed\ret_dekad\WAPOR-3.L1-RET-D.2018-07-D3_NJValley.tif
2018-08-01,2018,8,1,10,10,61.0,61.00000000000001,56.00000000000001,64.0,v1\data\wapor_ret\processed\ret_dekad\WAPOR-3.L1-RET-D.2018-08-D1_NJValley.tif
2018-08-11,2018,8,2,10,10,59.3,59.5,54.0,62.0,v1\data\wapor_ret\processed\ret_dekad\WAPOR-3.L1-RET-D.2018-08-D2_NJValley.tif
2018-08-21,2018,8,3,11,10,61.05,61.60000000000001,56.10000000000001,63.80000000000001,v1\data\wapor_ret\processed\ret_dekad\WAPOR-3.L1-RET-D.2018-08-D3_NJValley.tif
2018-09-01,2018,9,1,10,10,52.2,52.5,49.0,55.0,v1\data\wapor_ret\processed\ret_dekad\WAPOR-3.L1-RET-D.2018-09-D1_NJValley.tif
2018-09-11,2018,9,2,10,10,48.0,48.00000000000001,45.0,50.0,v1\data\wapor_ret\processed\ret_dekad\WAPOR-3.L1-RET-D.2018-09-D2_NJValley.tif
2018-09-21,2018,9,3,10,10,44.8,44.5,42.0,47.0,v1\data\wapor_ret\processed\ret_dekad\WAPOR-3.L1-RET-D.2018-09-D3_NJValley.tif
2018-10-01,2018,10,1,10,10,36.1,36.0,34.0,39.0,v1\data\wapor_ret\processed\ret_dekad\WAPOR-3.L1-RET-D.2018-10-D1_NJValley.tif
2018-10-11,2018,10,2,10,10,30.6,31.0,27.0,33.0,v1\data\wapor_ret\processed\ret_dekad\WAPOR-3.L1-RET-D.2018-10-D2_NJValley.tif
2018-10-21,2018,10,3,11,10,39.160000000000004,39.6,36.300000000000004,41.800000000000004,v1\data\wapor_ret\processed\ret_dekad\WAPOR-3.L1-RET-D.2018-10-D3_NJValley.tif
2018-11-01,2018,11,1,10,10,27.0,27.0,25.0,29.000000000000004,v1\data\wapor_ret\processed\ret_dekad\WAPOR-3.L1-RET-D.2018-11-D1_NJValley.tif
2018-11-11,2018,11,2,10,10,20.3,20.0,18.0,23.000000000000004,v1\data\wapor_ret\processed\ret_dekad\WAPOR-3.L1-RET-D.2018-11-D2_NJValley.tif
2018-11-21,2018,11,3,10,10,16.1,16.0,15.0,18.0,v1\data\wapor_ret\processed\ret_dekad\WAPOR-3.L1-RET-D.2018-11-D3_NJValley.tif
2018-12-01,2018,12,1,10,10,12.8,13.5,10.0,15.0,v1\data\wapor_ret\processed\ret_dekad\WAPOR-3.L1-RET-D.2018-12-D1_NJValley.tif
2018-12-11,2018,12,2,10,10,12.4,12.5,9.0,14.000000000000002,v1\data\wapor_ret\processed\ret_dekad\WAPOR-3.L1-RET-D.2018-12-D2_NJValley.tif
2018-12-21,2018,12,3,11,10,10.23,10.45,7.700000000000001,11.0,v1\data\wapor_ret\processed\ret_dekad\WAPOR-3.L1-RET-D.2018-12-D3_NJValley.tif
2019-01-01,2019,1,1,10,10,12.2,12.5,8.0,15.0,v1\data\wapor_ret\processed\ret_dekad\WAPOR-3.L1-RET-D.2019-01-D1_NJValley.tif
2019-01-11,2019,1,2,10,10,13.6,14.000000000000002,11.0,16.0,v1\data\wapor_ret\processed\ret_dekad\WAPOR-3.L1-RET-D.2019-01-D2_NJValley.tif
2019-01-21,2019,1,3,11,10,17.710000000000004,17.6,15.400000000000002,19.8,v1\data\wapor_ret\processed\ret_dekad\WAPOR-3.L1-RET-D.2019-01-D3_NJValley.tif
2019-02-01,2019,2,1,10,10,17.8,18.0,14.000000000000002,20.0,v1\data\wapor_ret\processed\ret_dekad\WAPOR-3.L1-RET-D.2019-02-D1_NJValley.tif
2019-02-11,2019,2,2,10,10,16.2,16.5,14.000000000000002,18.0,v1\data\wapor_ret\processed\ret_dekad\WAPOR-3.L1-RET-D.2019-02-D2_NJValley.tif
2019-02-21,2019,2,3,8,10,15.84,15.600000000000001,13.600000000000001,17.6,v1\data\wapor_ret\processed\ret_dekad\WAPOR-3.L1-RET-D.2019-02-D3_NJValley.tif
2019-03-01,2019,3,1,10,10,20.8,21.0,18.0,22.0,v1\data\wapor_ret\processed\ret_dekad\WAPOR-3.L1-RET-D.2019-03-D1_NJValley.tif
2019-03-11,2019,3,2,10,10,24.3,24.5,21.0,27.0,v1\data\wapor_ret\processed\ret_dekad\WAPOR-3.L1-RET-D.2019-03-D2_NJValley.tif
2019-03-21,2019,3,3,11,10,26.51,26.950000000000003,23.1,28.6,v1\data\wapor_ret\processed\ret_dekad\WAPOR-3.L1-RET-D.2019-03-D3_NJValley.tif
2019-04-01,2019,4,1,10,10,32.3,32.0,29.000000000000004,35.0,v1\data\wapor_ret\processed\ret_dekad\WAPOR-3.L1-RET-D.2019-04-D1_NJValley.tif
2019-04-11,2019,4,2,10,10,34.8,35.0,30.0,38.0,v1\data\wapor_ret\processed\ret_dekad\WAPOR-3.L1-RET-D.2019-04-D2_NJValley.tif
2019-04-21,2019,4,3,10,10,42.3,43.0,38.0,46.00000000000001,v1\data\wapor_ret\processed\ret_dekad\WAPOR-3.L1-RET-D.2019-04-D3_NJValley.tif
2019-05-01,2019,5,1,10,10,48.0,48.00000000000001,44.0,51.00000000000001,v1\data\wapor_ret\processed\ret_dekad\WAPOR-3.L1-RET-D.2019-05-D1_NJValley.tif
2019-05-11,2019,5,2,10,10,60.4,60.5,56.00000000000001,65.0,v1\data\wapor_ret\processed\ret_dekad\WAPOR-3.L1-RET-D.2019-05-D2_NJValley.tif
2019-05-21,2019,5,3,11,10,71.50000000000001,70.4,67.10000000000001,79.2,v1\data\wapor_ret\processed\ret_dekad\WAPOR-3.L1-RET-D.2019-05-D3_NJValley.tif
2019-06-01,2019,6,1,10,10,63.6,63.00000000000001,59.0,70.0,v1\data\wapor_ret\processed\ret_dekad\WAPOR-3.L1-RET-D.2019-06-D1_NJValley.tif
2019-06-11,2019,6,2,10,10,61.9,62.0,56.00000000000001,66.0,v1\data\wapor_ret\processed\ret_dekad\WAPOR-3.L1-RET-D.2019-06-D2_NJValley.tif
2019-06-21,2019,6,3,10,10,66.0,67.0,60.0,69.0,v1\data\wapor_ret\processed\ret_dekad\WAPOR-3.L1-RET-D.2019-06-D3_NJValley.tif
2019-07-01,2019,7,1,10,10,66.9,67.5,61.00000000000001,70.0,v1\data\wapor_ret\processed\ret_dekad\WAPOR-3.L1-RET-D.2019-07-D1_NJValley.tif
2019-07-11,2019,7,2,10,10,66.3,66.0,62.0,70.0,v1\data\wapor_ret\processed\ret_dekad\WAPOR-3.L1-RET-D.2019-07-D2_NJValley.tif
2019-07-21,2019,7,3,11,10,72.82000000000001,73.7,67.10000000000001,77.0,v1\data\wapor_ret\processed\ret_dekad\WAPOR-3.L1-RET-D.2019-07-D3_NJValley.tif
2019-08-01,2019,8,1,10,10,61.0,61.5,56.00000000000001,64.0,v1\data\wapor_ret\processed\ret_dekad\WAPOR-3.L1-RET-D.2019-08-D1_NJValley.tif
2019-08-11,2019,8,2,10,10,61.9,62.5,57.0,66.0,v1\data\wapor_ret\processed\ret_dekad\WAPOR-3.L1-RET-D.2019-08-D2_NJValley.tif
2019-08-21,2019,8,3,11,10,64.46000000000001,64.9,59.400000000000006,67.10000000000001,v1\data\wapor_ret\processed\ret_dekad\WAPOR-3.L1-RET-D.2019-08-D3_NJValley.tif
2019-09-01,2019,9,1,10,10,51.7,52.0,48.00000000000001,54.0,v1\data\wapor_ret\processed\ret_dekad\WAPOR-3.L1-RET-D.2019-09-D1_NJValley.tif
2019-09-11,2019,9,2,10,10,48.5,49.0,45.0,51.00000000000001,v1\data\wapor_ret\processed\ret_dekad\WAPOR-3.L1-RET-D.2019-09-D2_NJValley.tif
2019-09-21,2019,9,3,10,10,44.1,44.0,41.00000000000001,46.00000000000001,v1\data\wapor_ret\processed\ret_dekad\WAPOR-3.L1-RET-D.2019-09-D3_NJValley.tif
2019-10-01,2019,10,1,10,10,38.8,39.0,36.0,41.00000000000001,v1\data\wapor_ret\processed\ret_dekad\WAPOR-3.L1-RET-D.2019-10-D1_NJValley.tif
2019-10-11,2019,10,2,10,10,37.1,37.5,35.0,39.0,v1\data\wapor_ret\processed\ret_dekad\WAPOR-3.L1-RET-D.2019-10-D2_NJValley.tif
2019-10-21,2019,10,3,11,10,30.910000000000004,30.800000000000004,29.700000000000003,33.0,v1\data\wapor_ret\processed\ret_dekad\WAPOR-3.L1-RET-D.2019-10-D3_NJValley.tif
2019-11-01,2019,11,1,10,10,32.6,32.5,29.000000000000004,36.0,v1\data\wapor_ret\processed\ret_dekad\WAPOR-3.L1-RET-D.2019-11-D1_NJValley.tif
2019-11-11,2019,11,2,10,10,31.0,30.5,27.0,37.0,v1\data\wapor_ret\processed\ret_dekad\WAPOR-3.L1-RET-D.2019-11-D2_NJValley.tif
2019-11-21,2019,11,3,10,10,21.5,21.5,19.0,25.0,v1\data\wapor_ret\processed\ret_dekad\WAPOR-3.L1-RET-D.2019-11-D3_NJValley.tif
2019-12-01,2019,12,1,10,10,13.5,13.5,11.0,15.0,v1\data\wapor_ret\processed\ret_dekad\WAPOR-3.L1-RET-D.2019-12-D1_NJValley.tif
2019-12-11,2019,12,2,10,10,15.5,15.0,14.000000000000002,17.0,v1\data\wapor_ret\processed\ret_dekad\WAPOR-3.L1-RET-D.2019-12-D2_NJValley.tif
2019-12-21,2019,12,3,11,10,14.85,15.400000000000002,11.0,17.6,v1\data\wapor_ret\processed\ret_dekad\WAPOR-3.L1-RET-D.2019-12-D3_NJValley.tif
2020-01-01,2020,1,1,10,10,9.6,9.5,7.000000000000001,12.000000000000002,v1\data\wapor_ret\processed\ret_dekad\WAPOR-3.L1-RET-D.2020-01-D1_NJValley.tif
2020-01-11,2020,1,2,10,10,11.2,11.0,9.0,12.000000000000002,v1\data\wapor_ret\processed\ret_dekad\WAPOR-3.L1-RET-D.2020-01-D2_NJValley.tif
2020-01-21,2020,1,3,11,10,13.420000000000002,13.200000000000003,11.0,14.3,v1\data\wapor_ret\processed\ret_dekad\WAPOR-3.L1-RET-D.2020-01-D3_NJValley.tif
2020-02-01,2020,2,1,10,10,15.3,16.0,11.0,18.0,v1\data\wapor_ret\processed\ret_dekad\WAPOR-3.L1-RET-D.2020-02-D1_NJValley.tif
2020-02-11,2020,2,2,10,10,18.1,19.0,14.000000000000002,20.0,v1\data\wapor_ret\processed\ret_dekad\WAPOR-3.L1-RET-D.2020-02-D2_NJValley.tif
2020-02-21,2020,2,3,9,10,17.19,17.55,13.5,19.8,v1\data\wapor_ret\processed\ret_dekad\WAPOR-3.L1-RET-D.2020-02-D3_NJValley.tif
2020-03-01,2020,3,1,10,10,26.5,27.0,23.000000000000004,29.000000000000004,v1\data\wapor_ret\processed\ret_dekad\WAPOR-3.L1-RET-D.2020-03-D1_NJValley.tif
2020-03-11,2020,3,2,10,10,22.4,23.000000000000004,18.0,26.0,v1\data\wapor_ret\processed\ret_dekad\WAPOR-3.L1-RET-D.2020-03-D2_NJValley.tif
2020-03-21,2020,3,3,11,10,32.34,33.0,28.6,35.2,v1\data\wapor_ret\processed\ret_dekad\WAPOR-3.L1-RET-D.2020-03-D3_NJValley.tif
2020-04-01,2020,4,1,10,10,32.0,33.0,27.0,35.0,v1\data\wapor_ret\processed\ret_dekad\WAPOR-3.L1-RET-D.2020-04-D1_NJValley.tif
2020-04-11,2020,4,2,10,10,40.1,41.5,37.0,42.0,v1\data\wapor_ret\processed\ret_dekad\WAPOR-3.L1-RET-D.2020-04-D2_NJValley.tif
2020-04-21,2020,4,3,10,10,40.4,42.0,34.0,45.0,v1\data\wapor_ret\processed\ret_dekad\WAPOR-3.L1-RET-D.2020-04-D3_NJValley.tif
2020-05-01,2020,5,1,10,10,44.6,46.0,39.0,49.0,v1\data\wapor_ret\processed\ret_dekad\WAPOR-3.L1-RET-D.2020-05-D1_NJValley.tif
2020-05-11,2020,5,2,10,10,68.7,69.5,61.00000000000001,76.0,v1\data\wapor_ret\processed\ret_dekad\WAPOR-3.L1-RET-D.2020-05-D2_NJValley.tif
2020-05-21,2020,5,3,11,10,59.95000000000001,62.70000000000001,50.60000000000001,66.0,v1\data\wapor_ret\processed\ret_dekad\WAPOR-3.L1-RET-D.2020-05-D3_NJValley.tif
2020-06-01,2020,6,1,10,10,62.1,63.5,53.00000000000001,67.0,v1\data\wapor_ret\processed\ret_dekad\WAPOR-3.L1-RET-D.2020-06-D1_NJValley.tif
2020-06-11,2020,6,2,10,10,64.0,66.0,57.0,69.0,v1\data\wapor_ret\processed\ret_dekad\WAPOR-3.L1-RET-D.2020-06-D2_NJValley.tif
2020-06-21,2020,6,3,10,10,65.0,65.5,58.00000000000001,69.0,v1\data\wapor_ret\processed\ret_dekad\WAPOR-3.L1-RET-D.2020-06-D3_NJValley.tif
2020-07-01,2020,7,1,10,10,66.0,67.5,58.00000000000001,70.0,v1\data\wapor_ret\processed\ret_dekad\WAPOR-3.L1-RET-D.2020-07-D1_NJValley.tif
2020-07-11,2020,7,2,10,10,64.6,66.0,57.0,69.0,v1\data\wapor_ret\processed\ret_dekad\WAPOR-3.L1-RET-D.2020-07-D2_NJValley.tif
2020-07-21,2020,7,3,11,10,69.19000000000001,70.4,59.400000000000006,73.7,v1\data\wapor_ret\processed\ret_dekad\WAPOR-3.L1-RET-D.2020-07-D3_NJValley.tif
2020-08-01,2020,8,1,10,10,63.1,64.0,56.00000000000001,67.0,v1\data\wapor_ret\processed\ret_dekad\WAPOR-3.L1-RET-D.2020-08-D1_NJValley.tif
2020-08-11,2020,8,2,10,10,60.0,60.5,54.0,63.00000000000001,v1\data\wapor_ret\processed\ret_dekad\WAPOR-3.L1-RET-D.2020-08-D2_NJValley.tif
2020-08-21,2020,8,3,11,10,66.22,66.55000000000001,60.5,69.30000000000001,v1\data\wapor_ret\processed\ret_dekad\WAPOR-3.L1-RET-D.2020-08-D3_NJValley.tif
2020-09-01,2020,9,1,10,10,57.7,58.00000000000001,52.0,61.00000000000001,v1\data\wapor_ret\processed\ret_dekad\WAPOR-3.L1-RET-D.2020-09-D1_NJValley.tif
2020-09-11,2020,9,2,10,10,51.2,51.5,46.00000000000001,54.0,v1\data\wapor_ret\processed\ret_dekad\WAPOR-3.L1-RET-D.2020-09-D2_NJValley.tif
2020-09-21,2020,9,3,10,10,48.3,49.0,44.0,50.0,v1\data\wapor_ret\processed\ret_dekad\WAPOR-3.L1-RET-D.2020-09-D3_NJValley.tif
2020-10-01,2020,10,1,10,10,45.6,46.00000000000001,43.0,50.0,v1\data\wapor_ret\processed\ret_dekad\WAPOR-3.L1-RET-D.2020-10-D1_NJValley.tif
2020-10-11,2020,10,2,10,10,36.9,37.0,35.0,39.0,v1\data\wapor_ret\processed\ret_dekad\WAPOR-3.L1-RET-D.2020-10-D2_NJValley.tif
2020-10-21,2020,10,3,11,10,39.489999999999995,39.05,37.400000000000006,45.10000000000001,v1\data\wapor_ret\processed\ret_dekad\WAPOR-3.L1-RET-D.2020-10-D3_NJValley.tif
2020-11-01,2020,11,1,10,10,25.3,25.5,22.0,28.000000000000004,v1\data\wapor_ret\processed\ret_dekad\WAPOR-3.L1-RET-D.2020-11-D1_NJValley.tif
2020-11-11,2020,11,2,10,10,23.8,24.000000000000004,21.0,25.0,v1\data\wapor_ret\processed\ret_dekad\WAPOR-3.L1-RET-D.2020-11-D2_NJValley.tif
2020-11-21,2020,11,3,10,10,17.1,17.0,15.0,18.0,v1\data\wapor_ret\processed\ret_dekad\WAPOR-3.L1-RET-D.2020-11-D3_NJValley.tif
2020-12-01,2020,12,1,10,10,17.8,18.0,15.0,19.0,v1\data\wapor_ret\processed\ret_dekad\WAPOR-3.L1-RET-D.2020-12-D1_NJValley.tif
2020-12-11,2020,12,2,10,10,17.7,18.0,14.000000000000002,20.0,v1\data\wapor_ret\processed\ret_dekad\WAPOR-3.L1-RET-D.2020-12-D2_NJValley.tif
2020-12-21,2020,12,3,11,10,22.220000000000006,22.0,17.6,25.300000000000004,v1\data\wapor_ret\processed\ret_dekad\WAPOR-3.L1-RET-D.2020-12-D3_NJValley.tif
2021-01-01,2021,1,1,10,10,24.3,24.5,20.0,28.000000000000004,v1\data\wapor_ret\processed\ret_dekad\WAPOR-3.L1-RET-D.2021-01-D1_NJValley.tif
2021-01-11,2021,1,2,10,10,18.2,19.0,13.0,21.0,v1\data\wapor_ret\processed\ret_dekad\WAPOR-3.L1-RET-D.2021-01-D2_NJValley.tif
2021-01-21,2021,1,3,11,10,20.46,20.900000000000002,15.400000000000002,22.0,v1\data\wapor_ret\processed\ret_dekad\WAPOR-3.L1-RET-D.2021-01-D3_NJValley.tif
2021-02-01,2021,2,1,10,10,24.5,24.000000000000004,21.0,28.000000000000004,v1\data\wapor_ret\processed\ret_dekad\WAPOR-3.L1-RET-D.2021-02-D1_NJValley.tif
2021-02-11,2021,2,2,10,10,18.5,19.0,16.0,20.0,v1\data\wapor_ret\processed\ret_dekad\WAPOR-3.L1-RET-D.2021-02-D2_NJValley.tif
2021-02-21,2021,2,3,8,10,22.160000000000004,22.0,19.200000000000003,24.0,v1\data\wapor_ret\processed\ret_dekad\WAPOR-3.L1-RET-D.2021-02-D3_NJValley.tif
2021-03-01,2021,3,1,10,10,23.7,25.0,19.0,27.0,v1\data\wapor_ret\processed\ret_dekad\WAPOR-3.L1-RET-D.2021-03-D1_NJValley.tif
2021-03-11,2021,3,2,10,10,29.7,31.0,25.0,33.0,v1\data\wapor_ret\processed\ret_dekad\WAPOR-3.L1-RET-D.2021-03-D2_NJValley.tif
2021-03-21,2021,3,3,11,10,35.2,37.400000000000006,26.400000000000006,39.6,v1\data\wapor_ret\processed\ret_dekad\WAPOR-3.L1-RET-D.2021-03-D3_NJValley.tif
2021-04-01,2021,4,1,10,10,38.1,40.0,30.0,42.0,v1\data\wapor_ret\processed\ret_dekad\WAPOR-3.L1-RET-D.2021-04-D1_NJValley.tif
2021-04-11,2021,4,2,10,10,50.0,50.5,41.00000000000001,54.0,v1\data\wapor_ret\processed\ret_dekad\WAPOR-3.L1-RET-D.2021-04-D2_NJValley.tif
2021-04-21,2021,4,3,10,10,52.3,53.00000000000001,45.0,56.00000000000001,v1\data\wapor_ret\processed\ret_dekad\WAPOR-3.L1-RET-D.2021-04-D3_NJValley.tif
2021-05-01,2021,5,1,10,10,61.1,61.5,54.0,68.0,v1\data\wapor_ret\processed\ret_dekad\WAPOR-3.L1-RET-D.2021-05-D1_NJValley.tif
2021-05-11,2021,5,2,10,10,59.7,61.00000000000001,53.00000000000001,63.00000000000001,v1\data\wapor_ret\processed\ret_dekad\WAPOR-3.L1-RET-D.2021-05-D2_NJValley.tif
2021-05-21,2021,5,3,11,10,69.74000000000001,70.95,62.7,73.7,v1\data\wapor_ret\processed\ret_dekad\WAPOR-3.L1-RET-D.2021-05-D3_NJValley.tif
2021-06-01,2021,6,1,10,10,64.0,65.0,58.00000000000001,67.0,v1\data\wapor_ret\processed\ret_dekad\WAPOR-3.L1-RET-D.2021-06-D1_NJValley.tif
2021-06-11,2021,6,2,10,10,63.5,65.0,56.00000000000001,67.0,v1\data\wapor_ret\processed\ret_dekad\WAPOR-3.L1-RET-D.2021-06-D2_NJValley.tif
2021-06-21,2021,6,3,10,10,69.4,69.5,62.0,73.0,v1\data\wapor_ret\processed\ret_dekad\WAPOR-3.L1-RET-D.2021-06-D3_NJValley.tif
2021-07-01,2021,7,1,10,10,70.9,71.5,64.0,75.0,v1\data\wapor_ret\processed\ret_dekad\WAPOR-3.L1-RET-D.2021-07-D1_NJValley.tif
2021-07-11,2021,7,2,10,10,71.0,72.0,62.0,75.0,v1\data\wapor_ret\processed\ret_dekad\WAPOR-3.L1-RET-D.2021-07-D2_NJValley.tif
2021-07-21,2021,7,3,11,10,71.72,72.60000000000001,66.0,75.9,v1\data\wapor_ret\processed\ret_dekad\WAPOR-3.L1-RET-D.2021-07-D3_NJValley.tif
2021-08-01,2021,8,1,10,10,70.7,70.5,64.0,76.0,v1\data\wapor_ret\processed\ret_dekad\WAPOR-3.L1-RET-D.2021-08-D1_NJValley.tif
2021-08-11,2021,8,2,10,10,65.1,66.0,59.0,69.0,v1\data\wapor_ret\processed\ret_dekad\WAPOR-3.L1-RET-D.2021-08-D2_NJValley.tif
2021-08-21,2021,8,3,11,10,67.65,68.75,60.5,70.4,v1\data\wapor_ret\processed\ret_dekad\WAPOR-3.L1-RET-D.2021-08-D3_NJValley.tif
2021-09-01,2021,9,1,10,10,56.0,57.0,51.00000000000001,60.0,v1\data\wapor_ret\processed\ret_dekad\WAPOR-3.L1-RET-D.2021-09-D1_NJValley.tif
2021-09-11,2021,9,2,10,10,50.2,51.00000000000001,46.00000000000001,53.00000000000001,v1\data\wapor_ret\processed\ret_dekad\WAPOR-3.L1-RET-D.2021-09-D2_NJValley.tif
2021-09-21,2021,9,3,10,10,47.9,48.5,45.0,50.0,v1\data\wapor_ret\processed\ret_dekad\WAPOR-3.L1-RET-D.2021-09-D3_NJValley.tif
2021-10-01,2021,10,1,10,10,42.0,42.0,39.0,45.0,v1\data\wapor_ret\processed\ret_dekad\WAPOR-3.L1-RET-D.2021-10-D1_NJValley.tif
2021-10-11,2021,10,2,10,10,33.5,33.5,31.0,36.0,v1\data\wapor_ret\processed\ret_dekad\WAPOR-3.L1-RET-D.2021-10-D2_NJValley.tif
2021-10-21,2021,10,3,11,10,34.980000000000004,35.2,31.900000000000006,37.400000000000006,v1\data\wapor_ret\processed\ret_dekad\WAPOR-3.L1-RET-D.2021-10-D3_NJValley.tif
2021-11-01,2021,11,1,10,10,33.7,34.5,29.000000000000004,38.0,v1\data\wapor_ret\processed\ret_dekad\WAPOR-3.L1-RET-D.2021-11-D1_NJValley.tif
2021-11-11,2021,11,2,10,10,28.8,27.5,26.0,34.0,v1\data\wapor_ret\processed\ret_dekad\WAPOR-3.L1-RET-D.2021-11-D2_NJValley.tif
2021-11-21,2021,11,3,10,10,23.7,23.000000000000004,21.0,28.000000000000004,v1\data\wapor_ret\processed\ret_dekad\WAPOR-3.L1-RET-D.2021-11-D3_NJValley.tif
2021-12-01,2021,12,1,10,10,21.6,22.0,17.0,24.000000000000004,v1\data\wapor_ret\processed\ret_dekad\WAPOR-3.L1-RET-D.2021-12-D1_NJValley.tif
2021-12-11,2021,12,2,10,10,20.2,20.0,15.0,26.0,v1\data\wapor_ret\processed\ret_dekad\WAPOR-3.L1-RET-D.2021-12-D2_NJValley.tif
2021-12-21,2021,12,3,11,10,15.510000000000002,15.400000000000002,12.100000000000001,17.6,v1\data\wapor_ret\processed\ret_dekad\WAPOR-3.L1-RET-D.2021-12-D3_NJValley.tif
2022-01-01,2022,1,1,10,10,16.8,17.0,13.0,18.0,v1\data\wapor_ret\processed\ret_dekad\WAPOR-3.L1-RET-D.2022-01-D1_NJValley.tif
2022-01-11,2022,1,2,10,10,15.1,15.0,11.0,17.0,v1\data\wapor_ret\processed\ret_dekad\WAPOR-3.L1-RET-D.2022-01-D2_NJValley.tif
2022-01-21,2022,1,3,11,10,14.520000000000001,15.400000000000002,9.9,16.5,v1\data\wapor_ret\processed\ret_dekad\WAPOR-3.L1-RET-D.2022-01-D3_NJValley.tif
2022-02-01,2022,2,1,10,10,16.6,17.0,12.000000000000002,19.0,v1\data\wapor_ret\processed\ret_dekad\WAPOR-3.L1-RET-D.2022-02-D1_NJValley.tif
2022-02-11,2022,2,2,10,10,19.2,19.5,16.0,21.0,v1\data\wapor_ret\processed\ret_dekad\WAPOR-3.L1-RET-D.2022-02-D2_NJValley.tif
2022-02-21,2022,2,3,8,10,16.16,16.4,13.600000000000001,17.6,v1\data\wapor_ret\processed\ret_dekad\WAPOR-3.L1-RET-D.2022-02-D3_NJValley.tif
2022-03-01,2022,3,1,10,10,22.9,24.000000000000004,17.0,26.0,v1\data\wapor_ret\processed\ret_dekad\WAPOR-3.L1-RET-D.2022-03-D1_NJValley.tif
2022-03-11,2022,3,2,10,10,20.1,20.5,14.000000000000002,23.000000000000004,v1\data\wapor_ret\processed\ret_dekad\WAPOR-3.L1-RET-D.2022-03-D2_NJValley.tif
2022-03-21,2022,3,3,11,10,30.690000000000005,31.900000000000002,25.300000000000004,33.0,v1\data\wapor_ret\processed\ret_dekad\WAPOR-3.L1-RET-D.2022-03-D3_NJValley.tif
2022-04-01,2022,4,1,10,10,44.2,44.0,38.0,50.0,v1\data\wapor_ret\processed\ret_dekad\WAPOR-3.L1-RET-D.2022-04-D1_NJValley.tif
2022-04-11,2022,4,2,10,10,45.6,47.5,38.0,49.0,v1\data\wapor_ret\processed\ret_dekad\WAPOR-3.L1-RET-D.2022-04-D2_NJValley.tif
2022-04-21,2022,4,3,10,10,50.7,52.0,44.0,55.0,v1\data\wapor_ret\processed\ret_dekad\WAPOR-3.L1-RET-D.2022-04-D3_NJValley.tif
2022-05-01,2022,5,1,10,10,49.3,52.0,40.0,55.0,v1\data\wapor_ret\processed\ret_dekad\WAPOR-3.L1-RET-D.2022-05-D1_NJValley.tif
2022-05-11,2022,5,2,10,10,58.5,60.5,52.0,62.0,v1\data\wapor_ret\processed\ret_dekad\WAPOR-3.L1-RET-D.2022-05-D2_NJValley.tif
2022-05-21,2022,5,3,11,10,71.72,73.15,64.9,75.9,v1\data\wapor_ret\processed\ret_dekad\WAPOR-3.L1-RET-D.2022-05-D3_NJValley.tif
2022-06-01,2022,6,1,10,10,66.1,67.5,59.0,70.0,v1\data\wapor_ret\processed\ret_dekad\WAPOR-3.L1-RET-D.2022-06-D1_NJValley.tif
2022-06-11,2022,6,2,10,10,64.9,66.5,58.00000000000001,69.0,v1\data\wapor_ret\processed\ret_dekad\WAPOR-3.L1-RET-D.2022-06-D2_NJValley.tif
2022-06-21,2022,6,3,10,10,66.2,68.0,59.0,71.0,v1\data\wapor_ret\processed\ret_dekad\WAPOR-3.L1-RET-D.2022-06-D3_NJValley.tif
2022-07-01,2022,7,1,10,10,67.3,69.0,60.0,70.0,v1\data\wapor_ret\processed\ret_dekad\WAPOR-3.L1-RET-D.2022-07-D1_NJValley.tif
2022-07-11,2022,7,2,10,10,67.9,69.0,61.00000000000001,72.0,v1\data\wapor_ret\processed\ret_dekad\WAPOR-3.L1-RET-D.2022-07-D2_NJValley.tif
2022-07-21,2022,7,3,11,10,75.46000000000001,75.9,68.2,79.2,v1\data\wapor_ret\processed\ret_dekad\WAPOR-3.L1-RET-D.2022-07-D3_NJValley.tif
2022-08-01,2022,8,1,10,10,63.8,65.5,57.0,67.0,v1\data\wapor_ret\processed\ret_dekad\WAPOR-3.L1-RET-D.2022-08-D1_NJValley.tif
2022-08-11,2022,8,2,10,10,61.1,62.0,55.0,65.0,v1\data\wapor_ret\processed\ret_dekad\WAPOR-3.L1-RET-D.2022-08-D2_NJValley.tif
2022-08-21,2022,8,3,11,10,67.21,67.10000000000001,59.400000000000006,71.5,v1\data\wapor_ret\processed\ret_dekad\WAPOR-3.L1-RET-D.2022-08-D3_NJValley.tif
2022-09-01,2022,9,1,10,10,54.9,56.5,49.0,58.00000000000001,v1\data\wapor_ret\processed\ret_dekad\WAPOR-3.L1-RET-D.2022-09-D1_NJValley.tif
2022-09-11,2022,9,2,10,10,50.6,51.5,45.0,54.0,v1\data\wapor_ret\processed\ret_dekad\WAPOR-3.L1-RET-D.2022-09-D2_NJValley.tif
2022-09-21,2022,9,3,10,10,49.8,50.5,46.00000000000001,52.0,v1\data\wapor_ret\processed\ret_dekad\WAPOR-3.L1-RET-D.2022-09-D3_NJValley.tif
2022-10-01,2022,10,1,10,10,41.7,43.0,38.0,45.0,v1\data\wapor_ret\processed\ret_dekad\WAPOR-3.L1-RET-D.2022-10-D1_NJValley.tif
2022-10-11,2022,10,2,10,10,34.5,35.0,31.0,37.0,v1\data\wapor_ret\processed\ret_dekad\WAPOR-3.L1-RET-D.2022-10-D2_NJValley.tif
2022-10-21,2022,10,3,11,10,34.760000000000005,34.650000000000006,31.900000000000006,38.5,v1\data\wapor_ret\processed\ret_dekad\WAPOR-3.L1-RET-D.2022-10-D3_NJValley.tif
2022-11-01,2022,11,1,10,10,24.3,24.5,21.0,26.0,v1\data\wapor_ret\processed\ret_dekad\WAPOR-3.L1-RET-D.2022-11-D1_NJValley.tif
2022-11-11,2022,11,2,10,10,25.7,25.5,22.0,29.000000000000004,v1\data\wapor_ret\processed\ret_dekad\WAPOR-3.L1-RET-D.2022-11-D2_NJValley.tif
2022-11-21,2022,11,3,10,10,21.5,22.0,17.0,25.0,v1\data\wapor_ret\processed\ret_dekad\WAPOR-3.L1-RET-D.2022-11-D3_NJValley.tif
2022-12-01,2022,12,1,10,10,17.8,18.0,16.0,19.0,v1\data\wapor_ret\processed\ret_dekad\WAPOR-3.L1-RET-D.2022-12-D1_NJValley.tif
2022-12-11,2022,12,2,10,10,19.2,19.5,17.0,22.0,v1\data\wapor_ret\processed\ret_dekad\WAPOR-3.L1-RET-D.2022-12-D2_NJValley.tif
2022-12-21,2022,12,3,11,10,16.500000000000004,17.05,12.100000000000001,18.700000000000003,v1\data\wapor_ret\processed\ret_dekad\WAPOR-3.L1-RET-D.2022-12-D3_NJValley.tif
2023-01-01,2023,1,1,10,10,17.7,17.5,14.000000000000002,21.0,v1\data\wapor_ret\processed\ret_dekad\WAPOR-3.L1-RET-D.2023-01-D1_NJValley.tif
2023-01-11,2023,1,2,10,10,18.7,19.0,15.0,21.0,v1\data\wapor_ret\processed\ret_dekad\WAPOR-3.L1-RET-D.2023-01-D2_NJValley.tif
2023-01-21,2023,1,3,11,10,23.54,23.1,19.8,26.400000000000006,v1\data\wapor_ret\processed\ret_dekad\WAPOR-3.L1-RET-D.2023-01-D3_NJValley.tif
2023-02-01,2023,2,1,10,10,16.7,17.5,9.0,22.0,v1\data\wapor_ret\processed\ret_dekad\WAPOR-3.L1-RET-D.2023-02-D1_NJValley.tif
2023-02-11,2023,2,2,10,10,21.7,22.0,18.0,23.000000000000004,v1\data\wapor_ret\processed\ret_dekad\WAPOR-3.L1-RET-D.2023-02-D2_NJValley.tif
2023-02-21,2023,2,3,8,10,21.440000000000005,22.400000000000002,17.6,23.200000000000003,v1\data\wapor_ret\processed\ret_dekad\WAPOR-3.L1-RET-D.2023-02-D3_NJValley.tif
2023-03-01,2023,3,1,10,10,32.3,33.0,26.0,35.0,v1\data\wapor_ret\processed\ret_dekad\WAPOR-3.L1-RET-D.2023-03-D1_NJValley.tif
2023-03-11,2023,3,2,10,10,29.5,31.0,23.000000000000004,32.0,v1\data\wapor_ret\processed\ret_dekad\WAPOR-3.L1-RET-D.2023-03-D2_NJValley.tif
2023-03-21,2023,3,3,11,10,34.43000000000001,35.75,26.400000000000006,37.400000000000006,v1\data\wapor_ret\processed\ret_dekad\WAPOR-3.L1-RET-D.2023-03-D3_NJValley.tif
2023-04-01,2023,4,1,10,10,43.4,44.0,37.0,47.0,v1\data\wapor_ret\processed\ret_dekad\WAPOR-3.L1-RET-D.2023-04-D1_NJValley.tif
2023-04-11,2023,4,2,10,10,41.2,42.0,35.0,44.0,v1\data\wapor_ret\processed\ret_dekad\WAPOR-3.L1-RET-D.2023-04-D2_NJValley.tif
2023-04-21,2023,4,3,10,10,43.9,45.0,37.0,48.00000000000001,v1\data\wapor_ret\processed\ret_dekad\WAPOR-3.L1-RET-D.2023-04-D3_NJValley.tif
2023-05-01,2023,5,1,10,10,53.0,54.0,47.0,56.00000000000001,v1\data\wapor_ret\processed\ret_dekad\WAPOR-3.L1-RET-D.2023-05-D1_NJValley.tif
2023-05-11,2023,5,2,10,10,56.4,58.00000000000001,51.00000000000001,60.0,v1\data\wapor_ret\processed\ret_dekad\WAPOR-3.L1-RET-D.2023-05-D2_NJValley.tif
2023-05-21,2023,5,3,11,10,65.12000000000002,66.0,58.30000000000001,67.10000000000001,v1\data\wapor_ret\processed\ret_dekad\WAPOR-3.L1-RET-D.2023-05-D3_NJValley.tif
2023-06-01,2023,6,1,10,10,61.4,62.0,57.0,64.0,v1\data\wapor_ret\processed\ret_dekad\WAPOR-3.L1-RET-D.2023-06-D1_NJValley.tif
2023-06-11,2023,6,2,10,10,62.2,63.00000000000001,57.0,66.0,v1\data\wapor_ret\processed\ret_dekad\WAPOR-3.L1-RET-D.2023-06-D2_NJValley.tif
2023-06-21,2023,6,3,10,10,65.5,66.5,59.0,69.0,v1\data\wapor_ret\processed\ret_dekad\WAPOR-3.L1-RET-D.2023-06-D3_NJValley.tif
2023-07-01,2023,7,1,10,10,65.2,66.5,58.00000000000001,69.0,v1\data\wapor_ret\processed\ret_dekad\WAPOR-3.L1-RET-D.2023-07-D1_NJValley.tif
2023-07-11,2023,7,2,10,10,74.7,74.0,69.0,78.0,v1\data\wapor_ret\processed\ret_dekad\WAPOR-3.L1-RET-D.2023-07-D2_NJValley.tif
2023-07-21,2023,7,3,11,10,78.86999999999999,79.2,71.5,82.5,v1\data\wapor_ret\processed\ret_dekad\WAPOR-3.L1-RET-D.2023-07-D3_NJValley.tif
2023-08-01,2023,8,1,10,10,66.0,67.5,59.0,69.0,v1\data\wapor_ret\processed\ret_dekad\WAPOR-3.L1-RET-D.2023-08-D1_NJValley.tif
2023-08-11,2023,8,2,10,10,61.7,63.00000000000001,53.00000000000001,66.0,v1\data\wapor_ret\processed\ret_dekad\WAPOR-3.L1-RET-D.2023-08-D2_NJValley.tif
2023-08-21,2023,8,3,11,10,63.580000000000005,64.9,56.10000000000001,67.10000000000001,v1\data\wapor_ret\processed\ret_dekad\WAPOR-3.L1-RET-D.2023-08-D3_NJValley.tif
2023-09-01,2023,9,1,10,10,57.8,58.5,54.0,61.00000000000001,v1\data\wapor_ret\processed\ret_dekad\WAPOR-3.L1-RET-D.2023-09-D1_NJValley.tif
2023-09-11,2023,9,2,10,10,51.6,52.0,48.00000000000001,55.0,v1\data\wapor_ret\processed\ret_dekad\WAPOR-3.L1-RET-D.2023-09-D2_NJValley.tif
2023-09-21,2023,9,3,10,10,46.0,46.00000000000001,42.0,48.00000000000001,v1\data\wapor_ret\processed\ret_dekad\WAPOR-3.L1-RET-D.2023-09-D3_NJValley.tif
2023-10-01,2023,10,1,10,10,37.8,38.0,35.0,41.00000000000001,v1\data\wapor_ret\processed\ret_dekad\WAPOR-3.L1-RET-D.2023-10-D1_NJValley.tif
2023-10-11,2023,10,2,10,10,33.7,34.0,29.000000000000004,37.0,v1\data\wapor_ret\processed\ret_dekad\WAPOR-3.L1-RET-D.2023-10-D2_NJValley.tif
2023-10-21,2023,10,3,11,10,45.10000000000001,45.10000000000001,40.7,51.7,v1\data\wapor_ret\processed\ret_dekad\WAPOR-3.L1-RET-D.2023-10-D3_NJValley.tif
2023-11-01,2023,11,1,10,10,28.7,29.000000000000004,27.0,30.0,v1\data\wapor_ret\processed\ret_dekad\WAPOR-3.L1-RET-D.2023-11-D1_NJValley.tif
2023-11-11,2023,11,2,10,10,20.9,21.5,17.0,22.0,v1\data\wapor_ret\processed\ret_dekad\WAPOR-3.L1-RET-D.2023-11-D2_NJValley.tif
2023-11-21,2023,11,3,10,10,23.3,24.000000000000004,18.0,26.0,v1\data\wapor_ret\processed\ret_dekad\WAPOR-3.L1-RET-D.2023-11-D3_NJValley.tif
2023-12-01,2023,12,1,10,10,19.7,20.0,17.0,22.0,v1\data\wapor_ret\processed\ret_dekad\WAPOR-3.L1-RET-D.2023-12-D1_NJValley.tif
2023-12-11,2023,12,2,10,10,19.1,19.0,16.0,21.0,v1\data\wapor_ret\processed\ret_dekad\WAPOR-3.L1-RET-D.2023-12-D2_NJValley.tif
2023-12-21,2023,12,3,11,10,18.7,19.25,14.3,19.8,v1\data\wapor_ret\processed\ret_dekad\WAPOR-3.L1-RET-D.2023-12-D3_NJValley.tif
2024-01-01,2024,1,1,10,10,16.0,16.5,12.000000000000002,18.0,v1\data\wapor_ret\processed\ret_dekad\WAPOR-3.L1-RET-D.2024-01-D1_NJValley.tif
2024-01-11,2024,1,2,10,10,13.5,14.000000000000002,10.0,16.0,v1\data\wapor_ret\processed\ret_dekad\WAPOR-3.L1-RET-D.2024-01-D2_NJValley.tif
2024-01-21,2024,1,3,11,10,13.530000000000001,14.3,9.9,15.400000000000002,v1\data\wapor_ret\processed\ret_dekad\WAPOR-3.L1-RET-D.2024-01-D3_NJValley.tif
2024-02-01,2024,2,1,10,10,15.1,15.5,13.0,16.0,v1\data\wapor_ret\processed\ret_dekad\WAPOR-3.L1-RET-D.2024-02-D1_NJValley.tif
2024-02-11,2024,2,2,10,10,16.6,17.0,13.0,18.0,v1\data\wapor_ret\processed\ret_dekad\WAPOR-3.L1-RET-D.2024-02-D2_NJValley.tif
2024-02-21,2024,2,3,9,10,21.869999999999997,22.5,19.8,22.5,v1\data\wapor_ret\processed\ret_dekad\WAPOR-3.L1-RET-D.2024-02-D3_NJValley.tif
2024-03-01,2024,3,1,10,10,26.0,26.5,21.0,28.000000000000004,v1\data\wapor_ret\processed\ret_dekad\WAPOR-3.L1-RET-D.2024-03-D1_NJValley.tif
2024-03-11,2024,3,2,10,10,28.7,29.0,23.000000000000004,32.0,v1\data\wapor_ret\processed\ret_dekad\WAPOR-3.L1-RET-D.2024-03-D2_NJValley.tif
2024-03-21,2024,3,3,11,10,37.730000000000004,38.5,31.900000000000006,40.7,v1\data\wapor_ret\processed\ret_dekad\WAPOR-3.L1-RET-D.2024-03-D3_NJValley.tif
2024-04-01,2024,4,1,10,10,40.6,41.5,36.0,43.0,v1\data\wapor_ret\processed\ret_dekad\WAPOR-3.L1-RET-D.2024-04-D1_NJValley.tif
2024-04-11,2024,4,2,10,10,43.7,44.0,40.0,48.00000000000001,v1\data\wapor_ret\processed\ret_dekad\WAPOR-3.L1-RET-D.2024-04-D2_NJValley.tif
2024-04-21,2024,4,3,10,10,47.0,48.5,41.00000000000001,51.00000000000001,v1\data\wapor_ret\processed\ret_dekad\WAPOR-3.L1-RET-D.2024-04-D3_NJValley.tif
2024-05-01,2024,5,1,10,10,50.4,51.5,42.0,55.0,v1\data\wapor_ret\processed\ret_dekad\WAPOR-3.L1-RET-D.2024-05-D1_NJValley.tif
2024-05-11,2024,5,2,10,10,53.3,54.5,48.00000000000001,57.0,v1\data\wapor_ret\processed\ret_dekad\WAPOR-3.L1-RET-D.2024-05-D2_NJValley.tif
2024-05-21,2024,5,3,11,10,64.13000000000001,64.9,59.400000000000006,68.2,v1\data\wapor_ret\processed\ret_dekad\WAPOR-3.L1-RET-D.2024-05-D3_NJValley.tif
2024-06-01,2024,6,1,10,10,72.2,72.0,66.0,76.0,v1\data\wapor_ret\processed\ret_dekad\WAPOR-3.L1-RET-D.2024-06-D1_NJValley.tif
2024-06-11,2024,6,2,10,10,72.6,73.0,65.0,77.0,v1\data\wapor_ret\processed\ret_dekad\WAPOR-3.L1-RET-D.2024-06-D2_NJValley.tif
2024-06-21,2024,6,3,10,10,68.2,69.5,61.00000000000001,72.0,v1\data\wapor_ret\processed\ret_dekad\WAPOR-3.L1-RET-D.2024-06-D3_NJValley.tif
2024-07-01,2024,7,1,10,10,70.7,71.0,65.0,74.0,v1\data\wapor_ret\processed\ret_dekad\WAPOR-3.L1-RET-D.2024-07-D1_NJValley.tif
2024-07-11,2024,7,2,10,10,72.3,73.0,66.0,75.0,v1\data\wapor_ret\processed\ret_dekad\WAPOR-3.L1-RET-D.2024-07-D2_NJValley.tif
2024-07-21,2024,7,3,11,10,75.68,76.45,69.30000000000001,79.2,v1\data\wapor_ret\processed\ret_dekad\WAPOR-3.L1-RET-D.2024-07-D3_NJValley.tif
2024-08-01,2024,8,1,10,10,66.4,67.5,59.0,70.0,v1\data\wapor_ret\processed\ret_dekad\WAPOR-3.L1-RET-D.2024-08-D1_NJValley.tif
2024-08-11,2024,8,2,10,10,63.0,63.00000000000001,57.0,66.0,v1\data\wapor_ret\processed\ret_dekad\WAPOR-3.L1-RET-D.2024-08-D2_NJValley.tif
2024-08-21,2024,8,3,11,10,65.45000000000002,66.0,59.400000000000006,68.2,v1\data\wapor_ret\processed\ret_dekad\WAPOR-3.L1-RET-D.2024-08-D3_NJValley.tif
2024-09-01,2024,9,1,10,10,54.4,55.5,50.0,58.00000000000001,v1\data\wapor_ret\processed\ret_dekad\WAPOR-3.L1-RET-D.2024-09-D1_NJValley.tif
2024-09-11,2024,9,2,10,10,52.8,54.0,47.0,56.00000000000001,v1\data\wapor_ret\processed\ret_dekad\WAPOR-3.L1-RET-D.2024-09-D2_NJValley.tif
2024-09-21,2024,9,3,10,10,45.8,46.5,42.0,49.0,v1\data\wapor_ret\processed\ret_dekad\WAPOR-3.L1-RET-D.2024-09-D3_NJValley.tif
2024-10-01,2024,10,1,10,10,39.5,40.0,36.0,42.0,v1\data\wapor_ret\processed\ret_dekad\WAPOR-3.L1-RET-D.2024-10-D1_NJValley.tif
2024-10-11,2024,10,2,10,10,34.9,35.0,33.0,37.0,v1\data\wapor_ret\processed\ret_dekad\WAPOR-3.L1-RET-D.2024-10-D2_NJValley.tif
2024-10-21,2024,10,3,11,10,40.480000000000004,41.25,35.2,45.10000000000001,v1\data\wapor_ret\processed\ret_dekad\WAPOR-3.L1-RET-D.2024-10-D3_NJValley.tif
2024-11-01,2024,11,1,10,10,30.0,30.0,26.0,37.0,v1\data\wapor_ret\processed\ret_dekad\WAPOR-3.L1-RET-D.2024-11-D1_NJValley.tif
2024-11-11,2024,11,2,10,10,20.0,20.0,17.0,22.0,v1\data\wapor_ret\processed\ret_dekad\WAPOR-3.L1-RET-D.2024-11-D2_NJValley.tif
2024-11-21,2024,11,3,10,10,18.8,19.0,15.0,20.0,v1\data\wapor_ret\processed\ret_dekad\WAPOR-3.L1-RET-D.2024-11-D3_NJValley.tif
2024-12-01,2024,12,1,10,10,20.5,20.5,18.0,23.000000000000004,v1\data\wapor_ret\processed\ret_dekad\WAPOR-3.L1-RET-D.2024-12-D1_NJValley.tif
2024-12-11,2024,12,2,10,10,20.1,19.5,18.0,23.000000000000004,v1\data\wapor_ret\processed\ret_dekad\WAPOR-3.L1-RET-D.2024-12-D2_NJValley.tif
2024-12-21,2024,12,3,11,10,16.060000000000002,15.950000000000001,11.0,18.700000000000003,v1\data\wapor_ret\processed\ret_dekad\WAPOR-3.L1-RET-D.2024-12-D3_NJValley.tif
