year,month,dekad,target_ndvi_t_plus_1,prediction,error,family,model
2024,1,1,0.6359295076773316,0.6225135483659606,-0.013415959311370962,hydro_climate,hist_gradient_boosting
2024,1,2,0.5824482416042999,0.5494717560179467,-0.03297648558635313,hydro_climate,hist_gradient_boosting
2024,1,3,0.6575337665769493,0.5368961522385073,-0.120637614338442,hydro_climate,hist_gradient_boosting
2024,2,1,0.676763568741751,0.5383972019035826,-0.1383663668381684,hydro_climate,hist_gradient_boosting
2024,2,2,0.6816966499338981,0.5362209265723663,-0.1454757233615318,hydro_climate,hist_gradient_boosting
2024,2,3,0.6726586193244318,0.6198426203552766,-0.05281599896915523,hydro_climate,hist_gradient_boosting
2024,3,1,0.5649542444605511,0.5649851732938325,3.092883328137397e-05,hydro_climate,hist_gradient_boosting
2024,3,2,0.6114346019809245,0.5797194799498694,-0.03171512203105509,hydro_climate,hist_gradient_boosting
2024,3,3,0.5635067431031012,0.5017654810619323,-0.06174126204116892,hydro_climate,hist_gradient_boosting
2024,4,1,0.4397407575523912,0.4651043047883061,0.025363547235914885,hydro_climate,hist_gradient_boosting
2024,4,2,0.4160149082879389,0.36359937411854787,-0.05241553416939104,hydro_climate,hist_gradient_boosting
2024,4,3,0.3389455992080848,0.3242257559868477,-0.014719843221237094,hydro_climate,hist_gradient_boosting
2024,5,1,0.2898068200358871,0.2765841634313879,-0.013222656604499172,hydro_climate,hist_gradient_boosting
2024,5,2,0.2758088265205737,0.2251590688207245,-0.050649757699849196,hydro_climate,hist_gradient_boosting
2024,5,3,0.2587558286900587,0.2442623418788726,-0.01449348681118609,hydro_climate,hist_gradient_boosting
2024,6,1,0.2522918871572915,0.23700268175443942,-0.015289205402852085,hydro_climate,hist_gradient_boosting
2024,6,2,0.2419142521057624,0.2421277326977585,0.00021348059199610692,hydro_climate,hist_gradient_boosting
2024,6,3,0.2319363624120263,0.222528007487171,-0.009408354924855311,hydro_climate,hist_gradient_boosting
2024,7,1,0.2250019335043427,0.21894372315687485,-0.006058210347467841,hydro_climate,hist_gradient_boosting
2024,7,2,0.225607846884306,0.20626590414646798,-0.019341942737838014,hydro_climate,hist_gradient_boosting
2024,7,3,0.2179006225888948,0.19575805078302355,-0.02214257180587126,hydro_climate,hist_gradient_boosting
2024,8,1,0.2063665350824908,0.1900368523383471,-0.016329682744143703,hydro_climate,hist_gradient_boosting
2024,8,2,0.1992398637699797,0.19181483071339497,-0.0074250330565847344,hydro_climate,hist_gradient_boosting
2024,8,3,0.19791557223734,0.18738644501180846,-0.010529127225531537,hydro_climate,hist_gradient_boosting
2024,9,1,0.2053717474410341,0.19060667248025806,-0.014765074960776031,hydro_climate,hist_gradient_boosting
2024,9,2,0.2070090995153561,0.18403418229721505,-0.022974917218141044,hydro_climate,hist_gradient_boosting
2024,9,3,0.2037787275104028,0.18845548885671845,-0.015323238653684346,hydro_climate,hist_gradient_boosting
2024,10,1,0.1973286636680336,0.18998381825774754,-0.007344845410286044,hydro_climate,hist_gradient_boosting
2024,10,2,0.2103067506224947,0.19576010330857538,-0.01454664731391933,hydro_climate,hist_gradient_boosting
2024,10,3,0.2199805897232729,0.1861722086675349,-0.033808381055737996,hydro_climate,hist_gradient_boosting
2024,11,1,0.2252115393769027,0.20157626047948596,-0.023635278897416734,hydro_climate,hist_gradient_boosting
2024,11,2,0.2564650270870954,0.21709829782834375,-0.03936672925875165,hydro_climate,hist_gradient_boosting
2024,11,3,0.2748588410059343,0.2904121152525285,0.01555327424659425,hydro_climate,hist_gradient_boosting
2024,12,1,0.294026678145925,0.3082578116556193,0.014231133509694294,hydro_climate,hist_gradient_boosting
2024,12,2,0.3067494032014184,0.3085120517935883,0.001762648592169902,hydro_climate,hist_gradient_boosting
2024,1,1,0.6359295076773316,0.5801887687000883,-0.0557407389772433,state_aware,ridge
2024,1,2,0.5824482416042999,0.6255503851922213,0.043102143587921415,state_aware,ridge
2024,1,3,0.6575337665769493,0.6050717214433878,-0.05246204513356145,state_aware,ridge
2024,2,1,0.676763568741751,0.6314518662212538,-0.04531170252049721,state_aware,ridge
2024,2,2,0.6816966499338981,0.662089766834314,-0.019606883099584138,state_aware,ridge
2024,2,3,0.6726586193244318,0.6735718685120651,0.0009132491876332471,state_aware,ridge
2024,3,1,0.5649542444605511,0.6490221388207325,0.08406789436018136,state_aware,ridge
2024,3,2,0.6114346019809245,0.538247122643468,-0.0731874793374565,state_aware,ridge
2024,3,3,0.5635067431031012,0.5521368207514236,-0.011369922351677664,state_aware,ridge
2024,4,1,0.4397407575523912,0.4935189291026332,0.05377817155024195,state_aware,ridge
2024,4,2,0.4160149082879389,0.3970566030337163,-0.018958305254222596,state_aware,ridge
2024,4,3,0.3389455992080848,0.34901072138985556,0.010065122181770747,state_aware,ridge
2024,5,1,0.2898068200358871,0.29931270913450947,0.009505889098622378,state_aware,ridge
2024,5,2,0.2758088265205737,0.2686508933420989,-0.007157933178474796,state_aware,ridge
2024,5,3,0.2587558286900587,0.2502982003454449,-0.008457628344613777,state_aware,ridge
2024,6,1,0.2522918871572915,0.24238036147929493,-0.00991152567799658,state_aware,ridge
2024,6,2,0.2419142521057624,0.23985176664911906,-0.002062485456643337,state_aware,ridge
2024,6,3,0.2319363624120263,0.23152421115392985,-0.00041215125809646036,state_aware,ridge
2024,7,1,0.2250019335043427,0.2216922446552821,-0.0033096888490606047,state_aware,ridge
2024,7,2,0.225607846884306,0.21707868639893768,-0.008529160485368309,state_aware,ridge
2024,7,3,0.2179006225888948,0.22216970422605192,0.004269081637157113,state_aware,ridge
2024,8,1,0.2063665350824908,0.21369263497043936,0.007326099887948551,state_aware,ridge
2024,8,2,0.1992398637699797,0.20118894397989356,0.001949080209913856,state_aware,ridge
2024,8,3,0.19791557223734,0.19264688796525187,-0.0052686842720881255,state_aware,ridge
2024,9,1,0.2053717474410341,0.18696001508593113,-0.01841173235510296,state_aware,ridge
2024,9,2,0.2070090995153561,0.19309813772580606,-0.013910961789550036,state_aware,ridge
2024,9,3,0.2037787275104028,0.19809517537971744,-0.00568355213068536,state_aware,ridge
2024,10,1,0.1973286636680336,0.20313869375003502,0.005810030082001427,state_aware,ridge
2024,10,2,0.2103067506224947,0.19998947545827608,-0.010317275164218626,state_aware,ridge
2024,10,3,0.2199805897232729,0.21226894074601063,-0.007711648977262259,state_aware,ridge
2024,11,1,0.2252115393769027,0.22927964917366805,0.004068109796765362,state_aware,ridge
2024,11,2,0.2564650270870954,0.24396399274135602,-0.012501034345739376,state_aware,ridge
2024,11,3,0.2748588410059343,0.26994315124897245,-0.004915689756961827,state_aware,ridge
2024,12,1,0.294026678145925,0.2996127763362632,0.005586098190338229,state_aware,ridge
2024,12,2,0.3067494032014184,0.3230209715589012,0.01627156835748278,state_aware,ridge
