date,year,month,dekad,days,precipitation_mean_mm,precipitation_median_mm,precipitation_min_mm,precipitation_max_mm,valid_pixels
2018-01-01,2018,1,1,10,156.55354322286752,128.01723861694336,34.22671890258789,360.23822021484375,260
2018-01-11,2018,1,2,10,43.42971760676458,39.58483695983887,17.959190368652344,90.23445892333984,260
2018-01-21,2018,1,3,11,38.81408626666436,28.745606422424316,5.9553961753845215,117.92272186279297,260
2018-02-01,2018,2,1,10,31.972514897126416,29.743738174438477,15.92470645904541,59.129905700683594,260
2018-02-11,2018,2,2,10,91.22251154092642,84.77140426635742,52.15812683105469,171.82095336914062,260
2018-02-21,2018,2,3,8,41.349832153320314,40.032161712646484,11.192634582519531,84.78270721435547,260
2018-03-01,2018,3,1,10,7.570098075041404,7.356813907623291,1.634549617767334,16.548364639282227,260
2018-03-11,2018,3,2,10,4.570217144575256,4.275130271911621,0.0,16.1141357421875,260
2018-03-21,2018,3,3,11,21.84240414546086,19.525364875793457,8.985595703125,51.32196044921875,260
2018-04-01,2018,4,1,10,3.1340638727845196,0.9788344502449036,0.0,18.51651382446289,260
2018-04-11,2018,4,2,10,0.13169027152113044,0.0,0.0,6.121665000915527,260
2018-04-21,2018,4,3,10,43.548724033282355,35.70813751220703,7.130642890930176,100.69725036621094,260
2018-05-01,2018,5,1,10,15.386531490546007,14.199336051940918,6.705661773681641,36.995792388916016,260
2018-05-11,2018,5,2,10,0.014268157803095304,0.0,0.0,2.485103130340576,260
2018-05-21,2018,5,3,11,7.011683032145867,6.169651031494141,3.501129627227783,22.438995361328125,260
2018-06-01,2018,6,1,10,0.0466954959440045,0.0,0.0,1.849450945854187,260
2018-06-11,2018,6,2,10,0.0157220478527821,0.0,0.0,0.6292335987091064,260
2018-06-21,2018,6,3,10,0.0006901430181012704,0.0,0.0,0.17281389236450195,260
2018-07-01,2018,7,1,10,0.02940098158903241,0.014043997973203659,0.0,0.13880445063114166,260
2018-07-11,2018,7,2,10,0.03041388059903581,0.013521580025553703,0.0,0.13315579295158386,260
2018-07-21,2018,7,3,11,0.03360249220377927,0.010468862485140562,0.0,0.15379396080970764,260
2018-08-01,2018,8,1,10,0.022534458547866402,0.0,0.0,0.15829026699066162,260
2018-08-11,2018,8,2,10,0.02523876288122175,0.0010329181095585227,0.0,0.17595970630645752,260
2018-08-21,2018,8,3,11,0.04649701900780201,0.022976228967308998,0.0,0.40478479862213135,260
2018-09-01,2018,9,1,10,0.01765431234335455,0.0,0.0,0.9591473937034607,260
2018-09-11,2018,9,2,10,0.09612712037140647,0.05179506912827492,0.0,1.5296616554260254,260
2018-09-21,2018,9,3,10,2.691782042842645,2.6589770317077637,0.460812509059906,4.738216400146484,260
2018-10-01,2018,10,1,10,6.39513093324808,5.921184539794922,2.008255958557129,14.992044448852539,260
2018-10-11,2018,10,2,10,5.280752498871432,4.317591428756714,0.0,15.405597686767578,260
2018-10-21,2018,10,3,11,17.04768476669605,16.446626663208008,7.353148460388184,28.117130279541016,260
2018-11-01,2018,11,1,10,3.2261143420751277,2.721609354019165,0.7670024037361145,9.913190841674805,260
2018-11-11,2018,11,2,10,28.098725172189567,26.48370933532715,13.561018943786621,48.012977600097656,260
2018-11-21,2018,11,3,10,45.39811451985286,43.69577598571777,17.452301025390625,81.52029418945312,260
2018-12-01,2018,12,1,10,71.7023486504188,71.88274383544922,38.6488037109375,112.47801208496094,260
2018-12-11,2018,12,2,10,16.64974668942965,14.915044784545898,9.072696685791016,37.05033874511719,260
2018-12-21,2018,12,3,11,41.217324253228995,36.43638038635254,12.949728965759277,88.29808807373047,260
2019-01-01,2019,1,1,10,45.344569595043474,35.827392578125,15.117494583129883,146.8934783935547,260
2019-01-11,2019,1,2,10,80.81909098991981,55.79268455505371,17.286846160888672,243.70468139648438,260
2019-01-21,2019,1,3,11,19.365600138444165,18.448192596435547,7.410940170288086,39.12358474731445,260
2019-02-01,2019,2,1,10,66.72129331735464,62.994951248168945,45.18529510498047,114.89016723632812,260
2019-02-11,2019,2,2,10,45.86738928648142,38.5675048828125,5.335460662841797,116.23001861572266,260
2019-02-21,2019,2,3,8,19.132780102583077,17.261415481567383,7.283939838409424,49.50502014160156,260
2019-03-01,2019,3,1,10,23.680043919269856,21.579176902770996,6.013272285461426,57.672584533691406,260
2019-03-11,2019,3,2,10,25.207413086753625,26.338196754455566,0.0,64.25239562988281,260
2019-03-21,2019,3,3,11,72.01494723099928,72.68210983276367,42.13658905029297,98.42658996582031,260
2019-04-01,2019,4,1,10,13.825041111157491,12.45613956451416,1.3315480947494507,35.22727966308594,260
2019-04-11,2019,4,2,10,13.430884159528292,11.728391647338867,4.036136627197266,36.70393371582031,260
2019-04-21,2019,4,3,10,3.1221837805727355,2.9258570671081543,0.0,15.22089672088623,260
2019-05-01,2019,5,1,10,8.773426156777601,8.199893474578857,3.4584007263183594,17.998281478881836,260
2019-05-11,2019,5,2,10,0.012724023742171435,0.0,0.0,2.1008543968200684,260
2019-05-21,2019,5,3,11,1.054135176514347,0.0,0.0,9.453498840332031,260
2019-06-01,2019,6,1,10,0.9184091206031063,0.558751255273819,0.0,5.521612167358398,260
2019-06-11,2019,6,2,10,0.000562093744520098,0.0,0.0,0.11106432974338531,260
2019-06-21,2019,6,3,10,0.0007152613682242541,0.0,0.0,0.17735029757022858,260
2019-07-01,2019,7,1,10,0.029365087177855177,0.014043770264834166,0.0,0.13858839869499207,260
2019-07-11,2019,7,2,10,0.03037291709288883,0.013520458247512579,0.0,0.13291843235492706,260
2019-07-21,2019,7,3,11,0.0335756587499278,0.010468692053109407,0.0,0.15356510877609253,260
2019-08-01,2019,8,1,10,0.022531322540957122,0.0,0.0,0.1582489162683487,260
2019-08-11,2019,8,2,10,0.0252304140547774,0.0010328912176191807,0.0,0.17590883374214172,260
2019-08-21,2019,8,3,11,0.04641457898721386,0.02297269180417061,0.0,0.40431660413742065,260
2019-09-01,2019,9,1,10,0.01660966307547194,0.0,0.0,1.0055341720581055,260
2019-09-11,2019,9,2,10,0.08035602469731552,0.04077095910906792,0.0,1.562765121459961,260
2019-09-21,2019,9,3,10,0.5582034921130309,0.41257478296756744,0.0,2.6937413215637207,260
2019-10-01,2019,10,1,10,0.8135472812761481,0.764212429523468,0.0,2.910223960876465,260
2019-10-11,2019,10,2,10,4.845176662390049,4.145996332168579,1.567305564880371,10.247237205505371,260
2019-10-21,2019,10,3,11,7.092413881191841,7.2982800006866455,0.7867191433906555,17.491952896118164,260
2019-11-01,2019,11,1,10,4.916861460300592,4.658526182174683,1.9698933362960815,8.711311340332031,260
2019-11-11,2019,11,2,10,15.274519100556006,13.95629072189331,7.26908540725708,33.22634506225586,260
2019-11-21,2019,11,3,10,7.614468968373078,7.210488557815552,1.8478771448135376,17.216821670532227,260
2019-12-01,2019,12,1,10,39.16509323120117,39.35152626037598,11.272005081176758,81.3818359375,260
2019-12-11,2019,12,2,10,62.8277747300955,66.45512008666992,12.90672492980957,112.56770324707031,260
2019-12-21,2019,12,3,11,94.80471908129178,87.96290969848633,23.867595672607422,194.75808715820312,260
2020-01-01,2020,1,1,10,162.28231070591852,149.8640594482422,44.207305908203125,322.6976623535156,260
2020-01-11,2020,1,2,10,44.3474161698268,30.517457008361816,9.855766296386719,132.75975036621094,260
2020-01-21,2020,1,3,11,36.64722327452439,33.11624717712402,11.879961967468262,77.7059555053711,260
2020-02-01,2020,2,1,10,23.30747621517915,20.00017261505127,1.429163932800293,61.99028015136719,260
2020-02-11,2020,2,2,10,20.383991800821743,16.794313430786133,5.458258152008057,55.63536834716797,260
2020-02-21,2020,2,3,9,21.65276324565594,20.611434936523438,7.722936630249023,48.352142333984375,260
2020-03-01,2020,3,1,10,28.075129184356104,27.140299797058105,4.708921432495117,57.959205627441406,260
2020-03-11,2020,3,2,10,40.44870615005493,40.884206771850586,16.848928451538086,74.00125122070312,260
2020-03-21,2020,3,3,11,2.082890167631782,0.0,0.0,20.54613494873047,260
2020-04-01,2020,4,1,10,0.8683808288680246,0.0,0.0,23.440250396728516,260
2020-04-11,2020,4,2,10,0.21544217742406405,0.0,0.0,10.697366714477539,260
2020-04-21,2020,4,3,10,1.2611439377356035,0.0,0.0,14.381263732910156,260
2020-05-01,2020,5,1,10,0.5351580369966821,0.0,0.0,13.329524993896484,260
2020-05-11,2020,5,2,10,0.12058722669115433,0.0,0.0,3.164414882659912,260
2020-05-21,2020,5,3,11,0.3301249153625507,0.0,0.0,9.36743450164795,260
2020-06-01,2020,6,1,10,0.0052742018104674155,0.0,0.0,0.7346174120903015,260
2020-06-11,2020,6,2,10,0.0006180869164661719,0.0,0.0,0.12611058354377747,260
2020-06-21,2020,6,3,10,0.0008071386613524877,0.0,0.0,0.2013770043849945,260
2020-07-01,2020,7,1,10,0.029318822060640043,0.014024716801941395,0.0,0.13841277360916138,260
2020-07-11,2020,7,2,10,0.030311588041233614,0.013510890770703554,0.0,0.13273191452026367,260
2020-07-21,2020,7,3,11,0.03348505590816225,0.010461393743753433,0.0,0.1532207578420639,260
2020-08-01,2020,8,1,10,0.023152728226089565,0.0,0.0,0.16325411200523376,260
2020-08-11,2020,8,2,10,0.02536725327730752,0.0010377262951806188,0.0,0.1768120676279068,260
2020-08-21,2020,8,3,11,0.046711809617968704,0.023113765753805637,0.0,0.40897679328918457,260
2020-09-01,2020,9,1,10,0.016544075653431578,0.0,0.0,1.0047276020050049,260
2020-09-11,2020,9,2,10,0.08019634675897228,0.04036100581288338,0.0,1.5657172203063965,260
2020-09-21,2020,9,3,10,0.5600752690233863,0.4139442890882492,0.0,2.7140541076660156,260
2020-10-01,2020,10,1,10,1.0188156701015452,0.803171694278717,0.0,4.158055305480957,260
2020-10-11,2020,10,2,10,0.6118965189000076,0.3119537830352783,0.0,3.6382205486297607,260
2020-10-21,2020,10,3,11,1.4779132235508698,1.29300194978714,0.1774589568376541,4.114204406738281,260
2020-11-01,2020,11,1,10,64.81896951381977,63.78488540649414,24.24513816833496,101.01554107666016,260
2020-11-11,2020,11,2,10,18.58581968454214,15.499519348144531,7.106553077697754,64.07925415039062,260
2020-11-21,2020,11,3,10,18.641735488634843,15.562611103057861,1.973132610321045,65.60469818115234,260
2020-12-01,2020,12,1,10,15.7520778967784,15.132955074310303,5.438592910766602,41.33488464355469,260
2020-12-11,2020,12,2,10,61.951828105633076,69.96847915649414,6.265924453735352,110.18672180175781,260
2020-12-21,2020,12,3,11,15.622359349177433,15.315740585327148,8.40252685546875,28.046266555786133,260
2021-01-01,2021,1,1,10,16.41371292884533,16.22052001953125,6.7056565284729,32.036041259765625,260
2021-01-11,2021,1,2,10,72.96750891758846,65.46234893798828,28.974525451660156,140.4028778076172,260
2021-01-21,2021,1,3,11,41.127439840023335,37.91069793701172,13.209805488586426,102.70207214355469,260
2021-02-01,2021,2,1,10,60.81629796394935,60.417781829833984,22.996482849121094,109.69985961914062,260
2021-02-11,2021,2,2,10,19.628023506055335,16.58098602294922,0.0,70.88390350341797,260
2021-02-21,2021,2,3,8,17.26088991898757,16.208850860595703,5.357972145080566,35.025272369384766,260
2021-03-01,2021,3,1,10,10.955188385339884,10.777313232421875,1.6363039016723633,21.35149574279785,260
2021-03-11,2021,3,2,10,13.109418214714298,12.070138931274414,0.0,36.94728469848633,260
2021-03-21,2021,3,3,11,21.450219204219486,9.683125972747803,0.04564826190471649,72.83318328857422,260
2021-04-01,2021,4,1,10,1.0050275928125931,0.0,0.0,12.160783767700195,260
2021-04-11,2021,4,2,10,0.86430996927576,0.0037092086859047413,0.0,8.15019416809082,260
2021-04-21,2021,4,3,10,0.0,0.0,0.0,0.0,260
2021-05-01,2021,5,1,10,4.582433109243329,3.8070544004440308,0.0,18.49980354309082,260
2021-05-11,2021,5,2,10,0.01503711543404139,0.0,0.0,2.4610595703125,260
2021-05-21,2021,5,3,11,0.13225489692905776,0.0,0.0,4.237305641174316,260
2021-06-01,2021,6,1,10,0.005274198233830528,0.0,0.0,0.7346164584159851,260
2021-06-11,2021,6,2,10,0.0006180876642107391,0.0,0.0,0.1261107623577118,260
2021-06-21,2021,6,3,10,0.0008071390876116661,0.0,0.0,0.20137712359428406,260
2021-07-01,2021,7,1,10,0.02936326059906815,0.014042325783520937,0.0,0.13858652114868164,260
2021-07-11,2021,7,2,10,0.030373202106700494,0.01352077815681696,0.0,0.1329076588153839,260
2021-07-21,2021,7,3,11,0.03357718150923924,0.01046831626445055,0.0,0.153562530875206,260
2021-08-01,2021,8,1,10,0.02251895514849681,0.0,0.0,0.15817663073539734,260
2021-08-11,2021,8,2,10,0.02523152045502614,0.0010327993077225983,0.0,0.17590093612670898,260
2021-08-21,2021,8,3,11,0.04642596053711783,0.022972671315073967,0.0,0.40431496500968933,260
2021-09-01,2021,9,1,10,0.016096237346153848,0.0,0.0,0.9671592712402344,260
2021-09-11,2021,9,2,10,0.07627039898160057,0.03753386810421944,0.0,1.5080475807189941,260
2021-09-21,2021,9,3,10,0.5575217603777464,0.4183780550956726,0.0,2.7473037242889404,260
2021-10-01,2021,10,1,10,1.0681981943476087,0.8264965415000916,0.0,4.7619123458862305,260
2021-10-11,2021,10,2,10,9.095210014398281,7.089654445648193,0.0,23.123180389404297,260
2021-10-21,2021,10,3,11,10.622157630553613,10.340414047241211,4.8908586502075195,18.792512893676758,260
2021-11-01,2021,11,1,10,13.303540609433101,14.788855075836182,1.7256746292114258,25.274507522583008,260
2021-11-11,2021,11,2,10,20.434966529332673,20.113728523254395,6.201333522796631,33.94432830810547,260
2021-11-21,2021,11,3,10,8.757977427427585,7.834455490112305,1.2824991941452026,31.020370483398438,260
2021-12-01,2021,12,1,10,82.62934830005352,76.07015991210938,49.246829986572266,132.8989715576172,260
2021-12-11,2021,12,2,10,36.84590523793147,32.6495418548584,10.10977554321289,84.49047088623047,260
2021-12-21,2021,12,3,11,54.83792416499211,53.91444396972656,20.890602111816406,97.76022338867188,260
2022-01-01,2022,1,1,10,32.87949387843792,30.406970977783203,8.645179748535156,71.75377655029297,260
2022-01-11,2022,1,2,10,51.913777960263765,49.71221923828125,31.70958709716797,85.99495697021484,260
2022-01-21,2022,1,3,11,42.3850213270921,38.64756202697754,9.71967887878418,107.40664672851562,260
2022-02-01,2022,2,1,10,30.975833839178087,24.025278091430664,1.9830290079116821,90.13004302978516,260
2022-02-11,2022,2,2,10,11.863529262175927,10.704795837402344,1.9668939113616943,32.440643310546875,260
2022-02-21,2022,2,3,8,31.22802391235645,25.33448314666748,6.590403079986572,103.38429260253906,260
2022-03-01,2022,3,1,10,45.13710377216339,42.600013732910156,4.5992536544799805,103.2165756225586,260
2022-03-11,2022,3,2,10,32.98067200367267,32.76605796813965,15.602023124694824,52.56531524658203,260
2022-03-21,2022,3,3,11,8.92289059016352,6.9947028160095215,0.0,37.19790267944336,260
2022-04-01,2022,4,1,10,0.2737537865383694,0.0,0.0,3.25325083732605,260
2022-04-11,2022,4,2,10,8.856310978302588,7.824085474014282,3.911747694015503,20.569730758666992,260
2022-04-21,2022,4,3,10,0.4985520696983888,0.0,0.0,4.285838603973389,260
2022-05-01,2022,5,1,10,0.222628738788458,0.0,0.0,7.57944393157959,260
2022-05-11,2022,5,2,10,0.5078889148166547,0.0,0.0,15.026895523071289,260
2022-05-21,2022,5,3,11,0.12379222745792223,0.0,0.0,4.455073356628418,260
2022-06-01,2022,6,1,10,0.005274200200353964,0.0,0.0,0.7346173524856567,260
2022-06-11,2022,6,2,10,0.000618087462722682,0.0,0.0,0.1261107176542282,260
2022-06-21,2022,6,3,10,0.000807138872691072,0.0,0.0,0.20137706398963928,260
2022-07-01,2022,7,1,10,0.029407646977163564,0.014042827300727367,0.0,0.13886001706123352,260
2022-07-11,2022,7,2,10,0.030396438422702395,0.013520103879272938,0.0,0.1330612450838089,260
2022-07-21,2022,7,3,11,0.03360973112016486,0.010469384491443634,0.0,0.1538359373807907,260
2022-08-01,2022,8,1,10,0.02252807732326731,0.0,0.0,0.15824726223945618,260
2022-08-11,2022,8,2,10,0.025246655483855508,0.00103310018312186,0.0,0.17599697411060333,260
2022-08-21,2022,8,3,11,0.04649170552953505,0.022975110448896885,0.0,0.4047883450984955,260
2022-09-01,2022,9,1,10,0.016639922788509957,0.0,0.0,1.0138251781463623,260
2022-09-11,2022,9,2,10,0.08060637191430522,0.04045434482395649,0.0,1.584380865097046,260
2022-09-21,2022,9,3,10,0.5643386263113755,0.4139445424079895,0.0,2.763854503631592,260
2022-10-01,2022,10,1,10,1.1171523263248113,0.7687355875968933,0.0,5.1018476486206055,260
2022-10-11,2022,10,2,10,0.7102396141652068,0.31086933612823486,0.0,3.4057953357696533,260
2022-10-21,2022,10,3,11,1.9228335903241085,1.8003270030021667,0.43623489141464233,5.029932975769043,260
2022-11-01,2022,11,1,10,9.084195747742285,8.481603622436523,3.2354750633239746,20.047452926635742,260
2022-11-11,2022,11,2,10,8.375235229272109,7.511565923690796,4.240188121795654,18.336254119873047,260
2022-11-21,2022,11,3,10,55.85077682641836,53.37784767150879,31.857995986938477,105.16297912597656,260
2022-12-01,2022,12,1,10,5.698753274862582,5.38388204574585,1.7482959032058716,12.970077514648438,260
2022-12-11,2022,12,2,10,13.054895131404583,12.258628368377686,5.755038261413574,30.000293731689453,260
2022-12-21,2022,12,3,11,35.113440586970405,30.64105224609375,16.67713165283203,96.74452209472656,260
2023-01-01,2023,1,1,10,38.41806084559514,36.83637809753418,16.012184143066406,76.84892272949219,260
2023-01-11,2023,1,2,10,47.600236302155714,34.2329158782959,9.935136795043945,174.28395080566406,260
2023-01-21,2023,1,3,11,20.15897807433055,17.22587299346924,2.328526735305786,65.57362365722656,260
2023-02-01,2023,2,1,10,52.83288384400881,47.57341384887695,4.749998569488525,135.30331420898438,260
2023-02-11,2023,2,2,10,6.389013792491124,5.828274488449097,0.0,20.620737075805664,260
2023-02-21,2023,2,3,8,13.151805255963252,12.841464519500732,4.198010444641113,29.344247817993164,260
2023-03-01,2023,3,1,10,5.927068133766834,5.567867755889893,0.680401623249054,16.957561492919922,260
2023-03-11,2023,3,2,10,39.518855520395135,38.7882194519043,20.229637145996094,69.89600372314453,260
2023-03-21,2023,3,3,11,29.071666783552903,28.0677547454834,19.090646743774414,51.51013946533203,260
2023-04-01,2023,4,1,10,37.10325142787053,36.487016677856445,19.710968017578125,62.39301300048828,260
2023-04-11,2023,4,2,10,20.448343501225686,20.345426559448242,0.0,72.89991760253906,260
2023-04-21,2023,4,3,10,5.352892613468262,1.5134522318840027,0.0,21.88117790222168,260
2023-05-01,2023,5,1,10,0.017557431642825787,0.0,0.0,1.1993013620376587,260
2023-05-11,2023,5,2,10,0.3765757860508389,0.0,0.0,5.414169788360596,260
2023-05-21,2023,5,3,11,7.88656193109659,6.931921720504761,2.9180173873901367,22.30282974243164,260
2023-06-01,2023,6,1,10,3.6094856573985172,3.3477044105529785,1.6956292390823364,9.111536026000977,260
2023-06-11,2023,6,2,10,0.0007172676134639635,0.0,0.0,0.14484436810016632,260
2023-06-21,2023,6,3,10,0.0009287916195507233,0.0,0.0,0.23129132390022278,260
2023-07-01,2023,7,1,10,0.029397673830121325,0.014042850583791733,0.0,0.13880449533462524,260
2023-07-11,2023,7,2,10,0.030408469267870084,0.013520099688321352,0.0,0.13313908874988556,260
2023-07-21,2023,7,3,11,0.03360770882147615,0.010469380766153336,0.0,0.15382127463817596,260
2023-08-01,2023,8,1,10,0.022485923912832873,0.0,0.0,0.15806818008422852,260
2023-08-11,2023,8,2,10,0.02519491116892403,0.0010322832386009395,0.0,0.17578111588954926,260
2023-08-21,2023,8,3,11,0.04658554782016346,0.022975090891122818,0.0,0.4049607515335083,260
2023-09-01,2023,9,1,10,0.01662636020046193,0.0,0.0,1.0026233196258545,260
2023-09-11,2023,9,2,10,0.08155507132267723,0.04113262891769409,0.0,1.5672882795333862,260
2023-09-21,2023,9,3,10,0.5633660127767004,0.4264760762453079,0.0,2.664214611053467,260
2023-10-01,2023,10,1,10,5.440169056333028,5.553030252456665,0.0,11.113268852233887,260
2023-10-11,2023,10,2,10,0.5172193103692665,0.3075772821903229,0.0,3.6239542961120605,260
2023-10-21,2023,10,3,11,7.454880043176504,6.475192546844482,1.7058842182159424,21.012479782104492,260
2023-11-01,2023,11,1,10,6.085413389022534,5.912014961242676,2.385392189025879,12.070783615112305,260
2023-11-11,2023,11,2,10,99.09096240997314,87.41529846191406,34.21707534790039,185.9386749267578,260
2023-11-21,2023,11,3,10,31.856787318449754,30.98805522918701,9.017163276672363,67.26988983154297,260
2023-12-01,2023,12,1,10,33.80355769670927,31.96411895751953,13.661296844482422,71.44833374023438,260
2023-12-11,2023,12,2,10,21.530333436452427,19.660818099975586,6.934102535247803,46.54059600830078,260
2023-12-21,2023,12,3,11,58.794723701477054,52.66753387451172,16.386381149291992,122.2853012084961,260
2024-01-01,2024,1,1,10,15.958486973322355,15.33139705657959,6.876825332641602,33.6671028137207,260
2024-01-11,2024,1,2,10,49.58132035182073,48.954322814941406,23.905820846557617,94.0648193359375,260
2024-01-21,2024,1,3,11,47.90179696083069,44.836097717285156,8.376108169555664,109.43888854980469,260
2024-02-01,2024,2,1,10,37.52480066372798,35.003400802612305,10.075590133666992,78.97476196289062,260
2024-02-11,2024,2,2,10,78.14331338589008,71.57448959350586,12.50522232055664,182.30250549316406,260
2024-02-21,2024,2,3,9,18.211500672193672,17.726954460144043,7.427317142486572,40.44416046142578,260
2024-03-01,2024,3,1,10,7.405622650109804,7.417591571807861,0.49733293056488037,20.4429931640625,260
2024-03-11,2024,3,2,10,17.233254095224233,16.542201042175293,4.338695526123047,61.027320861816406,260
2024-03-21,2024,3,3,11,16.906342852115632,14.1951322555542,2.696368455886841,43.109683990478516,260
2024-04-01,2024,4,1,10,5.477445843242682,4.056639909744263,0.0,29.782878875732422,260
2024-04-11,2024,4,2,10,0.0035253406430666265,0.0,0.0,0.3541931211948395,260
2024-04-21,2024,4,3,10,12.94996515237368,11.071620464324951,3.780998706817627,34.65300750732422,260
2024-05-01,2024,5,1,10,3.2860868429048704,2.3433918952941895,0.0,11.715837478637695,260
2024-05-11,2024,5,2,10,0.08915528930150546,0.0,0.0,3.623584270477295,260
2024-05-21,2024,5,3,11,0.22831672683286552,0.0,0.0,4.755183696746826,260
2024-06-01,2024,6,1,10,0.005274201742409227,0.0,0.0,0.7346166968345642,260
2024-06-11,2024,6,2,10,0.000618087867489801,0.0,0.0,0.1261107474565506,260
2024-06-21,2024,6,3,10,0.0008071399723681119,0.0,0.0,0.20137733221054077,260
2024-07-01,2024,7,1,10,0.02939768649610834,0.014042844530194998,0.0,0.13880468904972076,260
2024-07-11,2024,7,2,10,0.030408492280940454,0.01352011552080512,0.0,0.13313904404640198,260
2024-07-21,2024,7,3,11,0.03360769174267681,0.010469385422766209,0.0,0.15382163226604462,260
2024-08-01,2024,8,1,10,0.022519700667740276,0.0,0.0,0.1581946164369583,260
2024-08-11,2024,8,2,10,0.02523227116124382,0.0010327970958314836,0.0,0.17592167854309082,260
2024-08-21,2024,8,3,11,0.046514403800336786,0.022975070402026176,0.0,0.4047960042953491,260
2024-09-01,2024,9,1,10,0.017743669226183555,0.0,0.0,1.0558478832244873,260
2024-09-11,2024,9,2,10,0.18052347178588837,0.06735249981284142,0.0,3.8190653324127197,260
2024-09-21,2024,9,3,10,0.6778715301878178,0.5005330741405487,0.0,2.9818201065063477,260
2024-10-01,2024,10,1,10,0.9661699938910225,0.7393955290317535,0.0,3.9385595321655273,260
2024-10-11,2024,10,2,10,0.36173148661579874,0.21077242493629456,0.0,2.425751209259033,260
2024-10-21,2024,10,3,11,1.1872618567485076,1.115080177783966,0.17655424773693085,2.158414840698242,260
2024-11-01,2024,11,1,10,8.925095107005193,8.166013717651367,2.202550172805786,19.667789459228516,260
2024-11-11,2024,11,2,10,13.764696572377131,12.911271095275879,5.354244709014893,33.55876922607422,260
2024-11-21,2024,11,3,10,5.619600390012447,5.136849403381348,0.7311899065971375,12.879268646240234,260
2024-12-01,2024,12,1,10,4.7690925547709835,4.4755449295043945,1.2129626274108887,10.054786682128906,260
2024-12-11,2024,12,2,10,9.72407356775724,8.877437591552734,2.791133165359497,21.735660552978516,260
2024-12-21,2024,12,3,11,117.4760509124169,104.7049560546875,18.037189483642578,344.9828186035156,260
