year,month,dekad,soil_moisture_0_7cm_mean,soil_moisture_7_28cm_mean,soil_moisture_28_100cm_mean,temperature_2m_mean_c,observations,date,source_lat,source_lon
2018,1,1,0.4344958333333333,0.40029166666666666,0.2855625,13.523333333333333,240,2018-01-01,32.700005,35.600006
2018,1,2,0.44640833333333335,0.4344,0.30219583333333333,13.824583333333333,240,2018-01-11,32.700005,35.600006
2018,1,3,0.46594318181818184,0.46116666666666667,0.3541969696969697,12.381060606060606,264,2018-01-21,32.700005,35.600006
2018,2,1,0.41494583333333335,0.4231666666666667,0.37777083333333333,15.986666666666668,240,2018-02-01,32.700005,35.600006
2018,2,2,0.4486,0.4509916666666667,0.3939875,15.32125,240,2018-02-11,32.700005,35.600006
2018,2,3,0.46266145833333333,0.459859375,0.4290729166666667,15.5625,192,2018-02-21,32.700005,35.600006
2018,3,1,0.4194583333333333,0.4335583333333333,0.4254125,17.917916666666667,240,2018-03-01,32.700005,35.600006
2018,3,2,0.3761083333333334,0.3958583333333333,0.41433333333333333,17.64375,240,2018-03-11,32.700005,35.600006
2018,3,3,0.34595454545454546,0.36547727272727276,0.4011780303030303,19.770833333333332,264,2018-03-21,32.700005,35.600006
2018,4,1,0.34789166666666665,0.3532625,0.38955833333333334,19.7325,240,2018-04-01,32.700005,35.600006
2018,4,2,0.33150416666666666,0.3382375,0.37916249999999996,21.46291666666667,240,2018-04-11,32.700005,35.600006
2018,4,3,0.3766625,0.36910000000000004,0.3699791666666667,20.81,240,2018-04-21,32.700005,35.600006
2018,5,1,0.40205416666666666,0.39925000000000005,0.36604166666666665,24.02375,240,2018-05-01,32.700005,35.600006
2018,5,2,0.4032291666666667,0.4011375,0.3639458333333333,25.017916666666668,240,2018-05-11,32.700005,35.600006
2018,5,3,0.3246060606060606,0.35959090909090907,0.35765151515151516,26.90378787878788,264,2018-05-21,32.700005,35.600006
2018,6,1,0.3027625,0.3343708333333334,0.3507708333333333,26.21916666666667,240,2018-06-01,32.700005,35.600006
2018,6,2,0.28233749999999996,0.31705,0.343825,26.916249999999998,240,2018-06-11,32.700005,35.600006
2018,6,3,0.2577041666666667,0.30392499999999995,0.33693750000000006,26.947083333333335,240,2018-06-21,32.700005,35.600006
2018,7,1,0.2484375,0.29387916666666664,0.33030000000000004,28.2925,240,2018-07-01,32.700005,35.600006
2018,7,2,0.24658333333333332,0.2866666666666667,0.32440416666666666,28.692083333333336,240,2018-07-11,32.700005,35.600006
2018,7,3,0.24906818181818183,0.2814621212121212,0.31902651515151514,29.162121212121214,264,2018-07-21,32.700005,35.600006
2018,8,1,0.25800833333333334,0.2778333333333334,0.3144166666666666,28.915833333333335,240,2018-08-01,32.700005,35.600006
2018,8,2,0.25440416666666665,0.2751041666666667,0.31044166666666667,28.572083333333335,240,2018-08-11,32.700005,35.600006
2018,8,3,0.2490871212121212,0.2729015151515152,0.3066022727272727,28.70151515151515,264,2018-08-21,32.700005,35.600006
2018,9,1,0.2469583333333333,0.27120416666666664,0.30317083333333333,28.303333333333335,240,2018-09-01,32.700005,35.600006
2018,9,2,0.24571249999999997,0.26985000000000003,0.30061666666666664,27.884999999999998,240,2018-09-11,32.700005,35.600006
2018,9,3,0.24604166666666666,0.26893333333333336,0.29810416666666667,27.77,240,2018-09-21,32.700005,35.600006
2018,10,1,0.24523333333333333,0.268,0.29608333333333337,27.18125,240,2018-10-01,32.700005,35.600006
2018,10,2,0.2513458333333333,0.2677375,0.29445,25.145,240,2018-10-11,32.700005,35.600006
2018,10,3,0.3370795454545455,0.32356060606060605,0.29354166666666665,22.509848484848487,264,2018-10-21,32.700005,35.600006
2018,11,1,0.35200000000000004,0.35520833333333335,0.294,19.815833333333334,240,2018-11-01,32.700005,35.600006
2018,11,2,0.37283333333333335,0.3493958333333333,0.294,18.67625,240,2018-11-11,32.700005,35.600006
2018,11,3,0.3638166666666667,0.3465583333333333,0.2948208333333333,17.962083333333332,240,2018-11-21,32.700005,35.600006
2018,12,1,0.396825,0.3702333333333333,0.2957916666666666,15.730833333333333,240,2018-12-01,32.700005,35.600006
2018,12,2,0.4358916666666667,0.42177916666666665,0.3054125,14.793333333333333,240,2018-12-11,32.700005,35.600006
2018,12,3,0.46356060606060606,0.4558787878787879,0.32945833333333335,13.645075757575759,264,2018-12-21,32.700005,35.600006
2019,1,1,0.45862916666666664,0.45580833333333337,0.36075416666666665,12.270000000000001,240,2019-01-01,32.700005,35.600006
2019,1,2,0.45538333333333336,0.4537125,0.3897833333333333,11.435416666666667,240,2019-01-11,32.700005,35.600006
2019,1,3,0.42766287878787873,0.43045833333333333,0.3975378787878788,13.831060606060607,264,2019-01-21,32.700005,35.600006
2019,2,1,0.42764583333333334,0.42225833333333335,0.39464583333333336,14.217916666666667,240,2019-02-01,32.700005,35.600006
2019,2,2,0.46824166666666667,0.46354999999999996,0.40567083333333337,12.315416666666666,240,2019-02-11,32.700005,35.600006
2019,2,3,0.4439114583333333,0.45095833333333335,0.4189583333333333,13.702083333333334,192,2019-02-21,32.700005,35.600006
2019,3,1,0.45414166666666667,0.45825,0.4607583333333334,13.571666666666665,240,2019-03-01,32.700005,35.600006
2019,3,2,0.44725000000000004,0.449975,0.4492875,15.465833333333334,240,2019-03-11,32.700005,35.600006
2019,3,3,0.4493598484848485,0.4485,0.44478409090909093,15.817803030303029,264,2019-03-21,32.700005,35.600006
2019,4,1,0.45099999999999996,0.46188749999999995,0.4584166666666667,17.34375,240,2019-04-01,32.700005,35.600006
2019,4,2,0.41351666666666664,0.4169708333333333,0.4420291666666667,17.401666666666664,240,2019-04-11,32.700005,35.600006
2019,4,3,0.4238208333333333,0.4327666666666667,0.432,19.97416666666667,240,2019-04-21,32.700005,35.600006
2019,5,1,0.3532791666666667,0.3866875,0.418025,21.77875,240,2019-05-01,32.700005,35.600006
2019,5,2,0.30974166666666664,0.35632916666666664,0.4036,25.63791666666667,240,2019-05-11,32.700005,35.600006
2019,5,3,0.2731022727272727,0.331905303030303,0.38823106060606066,28.281439393939394,264,2019-05-21,32.700005,35.600006
2019,6,1,0.25614583333333335,0.31492083333333337,0.37421249999999995,28.179166666666667,240,2019-06-01,32.700005,35.600006
2019,6,2,0.25277083333333333,0.3048125,0.36314583333333333,27.070833333333333,240,2019-06-11,32.700005,35.600006
2019,6,3,0.2499375,0.29720416666666666,0.35382083333333336,27.742916666666666,240,2019-06-21,32.700005,35.600006
2019,7,1,0.24833333333333335,0.29092083333333335,0.3449291666666667,28.02541666666667,240,2019-07-01,32.700005,35.600006
2019,7,2,0.24744166666666667,0.2859791666666666,0.3373,28.759166666666665,240,2019-07-11,32.700005,35.600006
2019,7,3,0.24668560606060605,0.28188257575757575,0.3303825757575758,28.9780303030303,264,2019-07-21,32.700005,35.600006
2019,8,1,0.24807916666666668,0.2785166666666667,0.3242625,28.483333333333334,240,2019-08-01,32.700005,35.600006
2019,8,2,0.24781250000000002,0.27606250000000004,0.31934166666666663,28.969583333333333,240,2019-08-11,32.700005,35.600006
2019,8,3,0.24684469696969696,0.2738939393939394,0.314780303030303,29.18257575757576,264,2019-08-21,32.700005,35.600006
2019,9,1,0.24745833333333334,0.27224583333333335,0.3107625,27.765416666666667,240,2019-09-01,32.700005,35.600006
2019,9,2,0.2482125,0.27111250000000003,0.307825,27.670416666666664,240,2019-09-11,32.700005,35.600006
2019,9,3,0.24525,0.27005,0.3050625,26.358333333333334,240,2019-09-21,32.700005,35.600006
2019,10,1,0.2454208333333333,0.2692083333333333,0.3026916666666667,26.035416666666666,240,2019-10-01,32.700005,35.600006
2019,10,2,0.25459583333333335,0.269,0.30059166666666665,27.077083333333334,240,2019-10-11,32.700005,35.600006
2019,10,3,0.2681363636363636,0.2682916666666667,0.29916666666666664,23.57651515151515,264,2019-10-21,32.700005,35.600006
2019,11,1,0.2777041666666667,0.269,0.29774999999999996,23.367916666666666,240,2019-11-01,32.700005,35.600006
2019,11,2,0.2874833333333333,0.2693125,0.2966333333333333,20.173333333333336,240,2019-11-11,32.700005,35.600006
2019,11,3,0.28680416666666664,0.2706666666666667,0.29565,18.169583333333332,240,2019-11-21,32.700005,35.600006
2019,12,1,0.3805375,0.2918833333333334,0.295,16.15125,240,2019-12-01,32.700005,35.600006
2019,12,2,0.41033749999999997,0.3816125,0.29610833333333336,14.36125,240,2019-12-11,32.700005,35.600006
2019,12,3,0.4285984848484849,0.4203712121212121,0.31447348484848486,13.245454545454546,264,2019-12-21,32.700005,35.600006
2020,1,1,0.46250416666666666,0.45427083333333335,0.35518749999999993,11.488333333333333,240,2020-01-01,32.700005,35.600006
2020,1,2,0.46149166666666663,0.4549041666666667,0.38679166666666664,13.068333333333333,240,2020-01-11,32.700005,35.600006
2020,1,3,0.4587840909090909,0.46213257575757577,0.42936742424242424,11.434090909090909,264,2020-01-21,32.700005,35.600006
2020,2,1,0.46673749999999997,0.46724166666666667,0.4402625,12.561666666666667,240,2020-02-01,32.700005,35.600006
2020,2,2,0.458725,0.46000416666666666,0.44850833333333334,13.1175,240,2020-02-11,32.700005,35.600006
2020,2,3,0.4602361111111111,0.45948611111111115,0.4438333333333333,14.55925925925926,216,2020-02-21,32.700005,35.600006
2020,3,1,0.4561541666666667,0.4641291666666667,0.44335833333333335,15.965,240,2020-03-01,32.700005,35.600006
2020,3,2,0.4544458333333334,0.46148333333333336,0.44519583333333335,16.123749999999998,240,2020-03-11,32.700005,35.600006
2020,3,3,0.44288636363636363,0.45074621212121213,0.45867424242424243,16.33939393939394,264,2020-03-21,32.700005,35.600006
2020,4,1,0.41050833333333336,0.41633333333333333,0.44159583333333335,17.359166666666667,240,2020-04-01,32.700005,35.600006
2020,4,2,0.4256375,0.4159541666666666,0.42882916666666665,19.865000000000002,240,2020-04-11,32.700005,35.600006
2020,4,3,0.3939375,0.3978375,0.416975,20.002916666666668,240,2020-04-21,32.700005,35.600006
2020,5,1,0.38389999999999996,0.38038750000000005,0.4060208333333334,20.623333333333335,240,2020-05-01,32.700005,35.600006
2020,5,2,0.337725,0.3635083333333334,0.39509583333333337,28.50041666666667,240,2020-05-11,32.700005,35.600006
2020,5,3,0.32834090909090907,0.34099242424242426,0.3832537878787879,23.243939393939392,264,2020-05-21,32.700005,35.600006
2020,6,1,0.29025416666666665,0.3265166666666667,0.3723708333333333,24.780416666666667,240,2020-06-01,32.700005,35.600006
2020,6,2,0.26465833333333333,0.3126625,0.36215416666666667,25.285833333333336,240,2020-06-11,32.700005,35.600006
2020,6,3,0.2628958333333334,0.30317083333333333,0.3535333333333333,26.142083333333336,240,2020-06-21,32.700005,35.600006
2020,7,1,0.25251250000000003,0.2953,0.3454041666666666,27.410833333333336,240,2020-07-01,32.700005,35.600006
2020,7,2,0.24940416666666668,0.28926250000000003,0.33815,27.889166666666664,240,2020-07-11,32.700005,35.600006
2020,7,3,0.24582954545454547,0.28398484848484845,0.3311136363636364,29.368181818181817,264,2020-07-21,32.700005,35.600006
2020,8,1,0.24817499999999998,0.27985,0.3251458333333333,28.56208333333333,240,2020-08-01,32.700005,35.600006
2020,8,2,0.25866666666666666,0.2775166666666667,0.3207083333333333,28.272499999999997,240,2020-08-11,32.700005,35.600006
2020,8,3,0.24876515151515155,0.2750795454545455,0.3161628787878788,29.53219696969697,264,2020-08-21,32.700005,35.600006
2020,9,1,0.2444375,0.27307500000000007,0.31215833333333337,31.8675,240,2020-09-01,32.700005,35.600006
2020,9,2,0.24405,0.27148333333333335,0.3087958333333333,29.8275,240,2020-09-11,32.700005,35.600006
2020,9,3,0.24457083333333332,0.2703416666666667,0.306075,27.692083333333336,240,2020-09-21,32.700005,35.600006
2020,10,1,0.244825,0.2695416666666667,0.30379999999999996,27.666666666666668,240,2020-10-01,32.700005,35.600006
2020,10,2,0.24416249999999998,0.269,0.30188333333333334,25.864583333333332,240,2020-10-11,32.700005,35.600006
2020,10,3,0.24420833333333336,0.26803409090909097,0.3001666666666667,26.21780303030303,264,2020-10-21,32.700005,35.600006
2020,11,1,0.3435958333333334,0.29025,0.299,21.15625,240,2020-11-01,32.700005,35.600006
2020,11,2,0.3752333333333333,0.32142916666666665,0.29892083333333336,19.42,240,2020-11-11,32.700005,35.600006
2020,11,3,0.4131958333333333,0.3607625,0.29911249999999995,17.342916666666667,240,2020-11-21,32.700005,35.600006
2020,12,1,0.3903625,0.3761583333333334,0.3007666666666667,16.14625,240,2020-12-01,32.700005,35.600006
2020,12,2,0.4136208333333334,0.3858875,0.3029,15.948749999999999,240,2020-12-11,32.700005,35.600006
2020,12,3,0.41611363636363635,0.40573863636363633,0.3090568181818182,13.9375,264,2020-12-21,32.700005,35.600006
2021,1,1,0.3700458333333333,0.382,0.3127333333333333,15.765416666666665,240,2021-01-01,32.700005,35.600006
2021,1,2,0.424375,0.41173333333333334,0.3191125,13.785,240,2021-01-11,32.700005,35.600006
2021,1,3,0.4440795454545454,0.44160984848484847,0.36210984848484845,11.57878787878788,264,2021-01-21,32.700005,35.600006
2021,2,1,0.4341208333333333,0.4328416666666667,0.37114583333333334,15.877916666666666,240,2021-02-01,32.700005,35.600006
2021,2,2,0.42975,0.4258,0.3747583333333333,12.9,240,2021-02-11,32.700005,35.600006
2021,2,3,0.42210416666666667,0.43321354166666665,0.3914947916666667,14.272395833333334,192,2021-02-21,32.700005,35.600006
2021,3,1,0.42004583333333334,0.415475,0.3890541666666667,15.032083333333333,240,2021-03-01,32.700005,35.600006
2021,3,2,0.40395000000000003,0.41150000000000003,0.3856041666666667,16.311249999999998,240,2021-03-11,32.700005,35.600006
2021,3,3,0.3992992424242425,0.3911969696969697,0.38051893939393944,16.639772727272724,264,2021-03-21,32.700005,35.600006
2021,4,1,0.38414166666666666,0.38209166666666666,0.37525000000000003,17.59125,240,2021-04-01,32.700005,35.600006
2021,4,2,0.3380458333333333,0.35857916666666667,0.3687875,21.530416666666667,240,2021-04-11,32.700005,35.600006
2021,4,3,0.28881666666666667,0.3328666666666667,0.360375,22.535416666666666,240,2021-04-21,32.700005,35.600006
2021,5,1,0.2634416666666667,0.3143333333333333,0.35182499999999994,26.18375,240,2021-05-01,32.700005,35.600006
2021,5,2,0.2522875,0.30183333333333334,0.3438291666666667,23.845416666666665,240,2021-05-11,32.700005,35.600006
2021,5,3,0.2485871212121212,0.2927386363636364,0.33640909090909094,25.2,264,2021-05-21,32.700005,35.600006
2021,6,1,0.24549583333333333,0.2861958333333333,0.32985000000000003,24.381666666666668,240,2021-06-01,32.700005,35.600006
2021,6,2,0.24502083333333333,0.2814875,0.3242625,24.984166666666667,240,2021-06-11,32.700005,35.600006
2021,6,3,0.24450833333333336,0.27796250000000006,0.31927083333333334,28.199166666666667,240,2021-06-21,32.700005,35.600006
2021,7,1,0.24529583333333335,0.2748958333333334,0.31457083333333336,28.87125,240,2021-07-01,32.700005,35.600006
2021,7,2,0.2450166666666667,0.27259166666666673,0.3103625,29.45125,240,2021-07-11,32.700005,35.600006
2021,7,3,0.2517083333333333,0.2707310606060606,0.3064962121212121,29.266287878787878,264,2021-07-21,32.700005,35.600006
2021,8,1,0.24622916666666667,0.26943750000000005,0.303,31.480416666666667,240,2021-08-01,32.700005,35.600006
2021,8,2,0.24534166666666665,0.2683291666666667,0.2999875,29.596666666666668,240,2021-08-11,32.700005,35.600006
2021,8,3,0.24457954545454547,0.2673371212121212,0.29712500000000003,29.44242424242424,264,2021-08-21,32.700005,35.600006
2021,9,1,0.24413749999999998,0.26674166666666665,0.2946833333333333,28.09958333333333,240,2021-09-01,32.700005,35.600006
2021,9,2,0.24547083333333333,0.266,0.29287083333333336,27.267916666666668,240,2021-09-11,32.700005,35.600006
2021,9,3,0.25724583333333334,0.266,0.29143749999999996,26.478333333333335,240,2021-09-21,32.700005,35.600006
2021,10,1,0.25309583333333335,0.266,0.2900833333333333,25.510416666666668,240,2021-10-01,32.700005,35.600006
2021,10,2,0.25024166666666664,0.2652333333333334,0.28895,24.81791666666667,240,2021-10-11,32.700005,35.600006
2021,10,3,0.25133333333333335,0.265,0.288,23.498863636363637,264,2021-10-21,32.700005,35.600006
2021,11,1,0.24760416666666665,0.265,0.2871416666666667,22.327916666666667,240,2021-11-01,32.700005,35.600006
2021,11,2,0.2548458333333333,0.26500833333333335,0.28643749999999996,20.223333333333336,240,2021-11-11,32.700005,35.600006
2021,11,3,0.35399166666666665,0.28222916666666664,0.286,18.959583333333335,240,2021-11-21,32.700005,35.600006
2021,12,1,0.3600333333333333,0.29162916666666666,0.286,16.365,240,2021-12-01,32.700005,35.600006
2021,12,2,0.390225,0.321575,0.286,15.073333333333332,240,2021-12-11,32.700005,35.600006
2021,12,3,0.4489280303030303,0.43217045454545455,0.29793560606060604,12.311363636363636,264,2021-12-21,32.700005,35.600006
2022,1,1,0.42449166666666666,0.4120416666666667,0.3092666666666667,14.030416666666667,240,2022-01-01,32.700005,35.600006
2022,1,2,0.4387625,0.43398333333333333,0.32372083333333335,11.157083333333333,240,2022-01-11,32.700005,35.600006
2022,1,3,0.4701212121212121,0.46702651515151516,0.3738333333333333,10.039393939393939,264,2022-01-21,32.700005,35.600006
2022,2,1,0.4652833333333334,0.4598125,0.4120083333333333,12.282916666666667,240,2022-02-01,32.700005,35.600006
2022,2,2,0.44825833333333337,0.45122083333333335,0.4290583333333334,13.401250000000001,240,2022-02-11,32.700005,35.600006
2022,2,3,0.45184895833333333,0.4502447916666667,0.4262864583333333,14.277083333333332,192,2022-02-21,32.700005,35.600006
2022,3,1,0.4474666666666666,0.44565,0.42695,14.965416666666666,240,2022-03-01,32.700005,35.600006
2022,3,2,0.454275,0.4547208333333333,0.42867500000000003,10.85375,240,2022-03-11,32.700005,35.600006
2022,3,3,0.4445189393939394,0.44647348484848487,0.42643939393939395,13.79431818181818,264,2022-03-21,32.700005,35.600006
2022,4,1,0.3817083333333333,0.40719999999999995,0.4186041666666666,20.959583333333335,240,2022-04-01,32.700005,35.600006
2022,4,2,0.3329916666666667,0.370525,0.405525,19.223333333333336,240,2022-04-11,32.700005,35.600006
2022,4,3,0.2985125,0.3445625,0.39250833333333335,23.153333333333332,240,2022-04-21,32.700005,35.600006
2022,5,1,0.2925041666666666,0.3271291666666667,0.3806083333333333,21.177500000000002,240,2022-05-01,32.700005,35.600006
2022,5,2,0.2731,0.315425,0.36991666666666667,23.582083333333333,240,2022-05-11,32.700005,35.600006
2022,5,3,0.25665530303030304,0.30440151515151515,0.3593030303030303,26.39469696969697,264,2022-05-21,32.700005,35.600006
2022,6,1,0.24803333333333333,0.2955,0.34917499999999996,26.227500000000003,240,2022-06-01,32.700005,35.600006
2022,6,2,0.25555,0.28961666666666663,0.3412166666666667,26.413333333333334,240,2022-06-11,32.700005,35.600006
2022,6,3,0.2541333333333334,0.28517083333333326,0.33440416666666667,27.009999999999998,240,2022-06-21,32.700005,35.600006
2022,7,1,0.24739999999999998,0.281325,0.32817083333333336,27.444583333333334,240,2022-07-01,32.700005,35.600006
2022,7,2,0.24662083333333334,0.2780166666666667,0.32260000000000005,27.859583333333333,240,2022-07-11,32.700005,35.600006
2022,7,3,0.24579924242424245,0.2750340909090909,0.31704166666666667,28.958333333333332,264,2022-07-21,32.700005,35.600006
2022,8,1,0.24409999999999998,0.27276666666666666,0.3122625,28.945833333333333,240,2022-08-01,32.700005,35.600006
2022,8,2,0.24709166666666665,0.27113333333333334,0.30836250000000004,28.08,240,2022-08-11,32.700005,35.600006
2022,8,3,0.24479924242424242,0.2696742424242424,0.30478030303030307,30.025378787878786,264,2022-08-21,32.700005,35.600006
2022,9,1,0.245925,0.26864166666666667,0.30161666666666664,28.642916666666668,240,2022-09-01,32.700005,35.600006
2022,9,2,0.24687083333333334,0.268,0.29909166666666664,27.177500000000002,240,2022-09-11,32.700005,35.600006
2022,9,3,0.2461375,0.2672333333333334,0.29717083333333333,27.523333333333333,240,2022-09-21,32.700005,35.600006
2022,10,1,0.24412083333333331,0.267,0.2953458333333333,26.285416666666666,240,2022-10-01,32.700005,35.600006
2022,10,2,0.2519458333333333,0.26635416666666667,0.29378333333333334,25.01833333333333,240,2022-10-11,32.700005,35.600006
2022,10,3,0.2581401515151515,0.266,0.29266666666666663,24.347727272727273,264,2022-10-21,32.700005,35.600006
2022,11,1,0.26673749999999996,0.2660416666666667,0.2915458333333333,21.10666666666667,240,2022-11-01,32.700005,35.600006
2022,11,2,0.2980291666666667,0.2673416666666667,0.291,19.94,240,2022-11-11,32.700005,35.600006
2022,11,3,0.3425708333333333,0.2767958333333333,0.29015416666666666,18.07375,240,2022-11-21,32.700005,35.600006
2022,12,1,0.3421458333333333,0.29535833333333333,0.29,17.058333333333334,240,2022-12-01,32.700005,35.600006
2022,12,2,0.31077916666666666,0.29499166666666665,0.28994166666666665,16.72041666666667,240,2022-12-11,32.700005,35.600006
2022,12,3,0.3707840909090909,0.31084469696969697,0.289,14.315530303030304,264,2022-12-21,32.700005,35.600006
2023,1,1,0.3687916666666667,0.33227083333333335,0.28939999999999994,14.421666666666665,240,2023-01-01,32.700005,35.600006
2023,1,2,0.3576916666666667,0.336275,0.29,13.255833333333333,240,2023-01-11,32.700005,35.600006
2023,1,3,0.331905303030303,0.32799621212121216,0.28975,15.10909090909091,264,2023-01-21,32.700005,35.600006
2023,2,1,0.4695708333333333,0.45399999999999996,0.3198625,11.602916666666665,240,2023-02-01,32.700005,35.600006
2023,2,2,0.4232458333333333,0.4287625,0.36219583333333333,11.9775,240,2023-02-11,32.700005,35.600006
2023,2,3,0.3793020833333334,0.39465104166666665,0.36223958333333334,15.376041666666666,192,2023-02-21,32.700005,35.600006
2023,3,1,0.33960416666666665,0.36587916666666664,0.3580333333333333,17.3925,240,2023-03-01,32.700005,35.600006
2023,3,2,0.40361250000000004,0.38051666666666667,0.3546541666666666,16.441666666666666,240,2023-03-11,32.700005,35.600006
2023,3,3,0.41941666666666666,0.4251969696969697,0.36959469696969693,16.59886363636364,264,2023-03-21,32.700005,35.600006
2023,4,1,0.3558125,0.3817291666666666,0.36606666666666665,20.18791666666667,240,2023-04-01,32.700005,35.600006
2023,4,2,0.4151166666666667,0.421525,0.3736125,20.0625,240,2023-04-11,32.700005,35.600006
2023,4,3,0.3589,0.38535833333333336,0.37288333333333334,18.75375,240,2023-04-21,32.700005,35.600006
2023,5,1,0.32905,0.3546291666666666,0.3660083333333333,21.89333333333333,240,2023-05-01,32.700005,35.600006
2023,5,2,0.29325833333333334,0.3316041666666667,0.3583125,23.727500000000003,240,2023-05-11,32.700005,35.600006
2023,5,3,0.2698068181818182,0.314280303030303,0.35034469696969694,25.354924242424243,264,2023-05-21,32.700005,35.600006
2023,6,1,0.2529416666666667,0.3017583333333333,0.3424416666666667,27.18208333333333,240,2023-06-01,32.700005,35.600006
2023,6,2,0.2494125,0.2931625,0.33567500000000006,25.43125,240,2023-06-11,32.700005,35.600006
2023,6,3,0.24856666666666666,0.2869875,0.32964583333333336,26.272083333333335,240,2023-06-21,32.700005,35.600006
2023,7,1,0.24739999999999998,0.28200833333333336,0.3238916666666667,27.25041666666667,240,2023-07-01,32.700005,35.600006
2023,7,2,0.24509999999999998,0.27817083333333337,0.3186833333333333,30.5975,240,2023-07-11,32.700005,35.600006
2023,7,3,0.24388257575757577,0.27482575757575756,0.3135454545454545,30.507575757575758,264,2023-07-21,32.700005,35.600006
2023,8,1,0.24479166666666666,0.2723833333333333,0.3090833333333333,28.776666666666664,240,2023-08-01,32.700005,35.600006
2023,8,2,0.24748333333333333,0.2706291666666667,0.30535833333333334,30.327083333333334,240,2023-08-11,32.700005,35.600006
2023,8,3,0.2537651515151515,0.26930681818181823,0.30203030303030304,28.42159090909091,264,2023-08-21,32.700005,35.600006
2023,9,1,0.2537333333333333,0.26844999999999997,0.29921666666666663,29.433333333333334,240,2023-09-01,32.700005,35.600006
2023,9,2,0.24647499999999997,0.2677541666666667,0.29687916666666664,27.805416666666666,240,2023-09-11,32.700005,35.600006
2023,9,3,0.24569583333333334,0.267,0.29477916666666665,27.964166666666664,240,2023-09-21,32.700005,35.600006
2023,10,1,0.2523875,0.2668416666666667,0.2932666666666667,26.230416666666667,240,2023-10-01,32.700005,35.600006
2023,10,2,0.31515,0.27258750000000004,0.29196666666666665,23.88125,240,2023-10-11,32.700005,35.600006
2023,10,3,0.30940151515151515,0.28464393939393934,0.2908560606060606,26.757575757575758,264,2023-10-21,32.700005,35.600006
2023,11,1,0.27138333333333337,0.28175,0.28993333333333327,24.646666666666665,240,2023-11-01,32.700005,35.600006
2023,11,2,0.328925,0.29497083333333335,0.28901666666666664,21.360833333333336,240,2023-11-11,32.700005,35.600006
2023,11,3,0.41801666666666665,0.40135,0.2925541666666666,17.60625,240,2023-11-21,32.700005,35.600006
2023,12,1,0.4111916666666667,0.392325,0.296775,17.86,240,2023-12-01,32.700005,35.600006
2023,12,2,0.4120125,0.39669583333333336,0.3008375,15.759166666666665,240,2023-12-11,32.700005,35.600006
2023,12,3,0.43776136363636364,0.4298598484848485,0.31378409090909093,15.48371212121212,264,2023-12-21,32.700005,35.600006
2024,1,1,0.40847083333333334,0.40684583333333335,0.3252541666666667,16.117083333333333,240,2024-01-01,32.700005,35.600006
2024,1,2,0.45867083333333336,0.4479875,0.3484791666666666,14.28125,240,2024-01-11,32.700005,35.600006
2024,1,3,0.46020833333333333,0.4573219696969697,0.3825909090909091,13.261363636363637,264,2024-01-21,32.700005,35.600006
2024,2,1,0.46795833333333337,0.46804166666666663,0.4294291666666667,13.269166666666667,240,2024-02-01,32.700005,35.600006
2024,2,2,0.4637333333333333,0.4595416666666667,0.434375,14.1625,240,2024-02-11,32.700005,35.600006
2024,2,3,0.4435787037037037,0.4526712962962963,0.4397129629629629,14.866203703703704,216,2024-02-21,32.700005,35.600006
2024,3,1,0.43469166666666664,0.43059166666666665,0.429825,15.580416666666668,240,2024-03-01,32.700005,35.600006
2024,3,2,0.40976250000000003,0.4127916666666666,0.41995,16.64875,240,2024-03-11,32.700005,35.600006
2024,3,3,0.4110568181818182,0.4185075757575758,0.4129356060606061,18.696590909090908,264,2024-03-21,32.700005,35.600006
2024,4,1,0.3564833333333333,0.37732916666666666,0.4013791666666667,20.770833333333332,240,2024-04-01,32.700005,35.600006
2024,4,2,0.3657375,0.3656416666666667,0.3919625,21.10875,240,2024-04-11,32.700005,35.600006
2024,4,3,0.3046666666666667,0.3426208333333333,0.38102083333333336,24.050416666666667,240,2024-04-21,32.700005,35.600006
2024,5,1,0.3461458333333333,0.3352333333333333,0.37205,22.435,240,2024-05-01,32.700005,35.600006
2024,5,2,0.3307833333333334,0.3357833333333334,0.3640833333333333,23.54375,240,2024-05-11,32.700005,35.600006
2024,5,3,0.2855946969696969,0.3192310606060606,0.355155303030303,24.682954545454546,264,2024-05-21,32.700005,35.600006
2024,6,1,0.2578166666666667,0.30566666666666664,0.346425,29.745833333333334,240,2024-06-01,32.700005,35.600006
2024,6,2,0.2477875,0.295425,0.33846666666666664,29.9525,240,2024-06-11,32.700005,35.600006
2024,6,3,0.24829166666666666,0.2881625,0.3314916666666667,28.63791666666667,240,2024-06-21,32.700005,35.600006
2024,7,1,0.24625,0.2828708333333333,0.32540833333333335,29.785416666666666,240,2024-07-01,32.700005,35.600006
2024,7,2,0.24655833333333332,0.2786916666666667,0.3199125,30.638333333333332,240,2024-07-11,32.700005,35.600006
2024,7,3,0.2467007575757576,0.27548106060606065,0.31485227272727273,30.4375,264,2024-07-21,32.700005,35.600006
2024,8,1,0.24567499999999998,0.272975,0.31035833333333335,29.254583333333336,240,2024-08-01,32.700005,35.600006
2024,8,2,0.24575,0.2711,0.3065375,29.771666666666665,240,2024-08-11,32.700005,35.600006
2024,8,3,0.24453409090909092,0.2695795454545455,0.30300757575757575,29.35151515151515,264,2024-08-21,32.700005,35.600006
2024,9,1,0.24557083333333332,0.26855,0.3001125,28.5125,240,2024-09-01,32.700005,35.600006
2024,9,2,0.24646249999999997,0.2679708333333333,0.29782083333333337,28.227916666666665,240,2024-09-11,32.700005,35.600006
2024,9,3,0.2526083333333333,0.2670291666666667,0.296,26.89125,240,2024-09-21,32.700005,35.600006
2024,10,1,0.25432083333333333,0.267,0.29435833333333333,25.91375,240,2024-10-01,32.700005,35.600006
2024,10,2,0.2521041666666667,0.26665,0.2927916666666667,24.653333333333332,240,2024-10-11,32.700005,35.600006
2024,10,3,0.2471590909090909,0.266,0.2914924242424242,21.706439393939394,264,2024-10-21,32.700005,35.600006
2024,11,1,0.2627541666666667,0.266,0.2904416666666666,21.81,240,2024-11-01,32.700005,35.600006
2024,11,2,0.28907916666666666,0.26667500000000005,0.28963749999999994,19.752083333333335,240,2024-11-11,32.700005,35.600006
2024,11,3,0.35065416666666666,0.2775166666666667,0.289,16.130833333333335,240,2024-11-21,32.700005,35.600006
2024,12,1,0.31926666666666664,0.2844583333333333,0.289,16.066666666666666,240,2024-12-01,32.700005,35.600006
2024,12,2,0.2954708333333333,0.2837375,0.28804583333333333,14.568333333333333,240,2024-12-11,32.700005,35.600006
2024,12,3,0.31373863636363636,0.28363636363636363,0.288,14.511363636363637,264,2024-12-21,32.700005,35.600006
