month,count,mean,median,std
1,38,0.47599259398568894,0.500033372202318,0.09287328679496568
2,29,0.5198846676499074,0.5266412470189031,0.14873196933701102
3,43,0.5863312631624719,0.6107960044255623,0.09456066101350552
4,42,0.4734074640314658,0.4706960127481736,0.08053462116700633
5,44,0.30376431710767465,0.28964924136663206,0.05177054865818006
6,42,0.24240752019780848,0.24201857276675476,0.014619932283376547
7,41,0.21825168264090739,0.2229303384863837,0.015612609109672444
8,41,0.19701051135800426,0.1992905650350601,0.014378723107347427
9,41,0.18947397215986547,0.1906729313234808,0.01682470294249494
10,41,0.18877601680210399,0.1920433393369814,0.02161209640543658
11,41,0.21563907972516408,0.2140158836118347,0.034574793455180525
12,43,0.32796843663990705,0.3117173412596157,0.109235943842887
