year,month,dekad,agricultural_aeti_weighted_mm,aeti_crop50_mm,aeti_crop90_mm,mixed_agricultural_pixels,crop_equivalent_pixel_weight,ret_mean_mm_dekad,aeti_ret_ratio,ret_minus_aeti_mm,high_demand_low_actual_et,precipitation_mean_mm,soil_moisture_0_7cm_mean,soil_moisture_7_28cm_mean,soil_moisture_28_100cm_mean,temperature_2m_mean_c,ret_minus_precip_mm,aeti_minus_precip_mm,ndvi_weighted,ndvi_mean,ndvi_median,ndvi_min,ndvi_max,ndvi_std,acquisition_count,mean_coverage_fraction,max_coverage_fraction,mean_agricultural_pixels,total_quality_weight,has_ndvi_observation,time_index,target_ndvi_t_plus_1,target_has_observation_t_plus_1,ndvi_t,target_ndvi_change_t_plus_1,valid_future_ndvi_target,split,valid_primary_target,baseline_persistence,baseline_climatology,baseline_training_mean
2018,1,1,4.616992538736199,4.731546843454231,5.065416422322486,286449,145327.48175272386,10.4,0.4439415902630961,5.783007461263801,0,156.55354322286752,0.4344958333333333,0.4002916666666666,0.2855625,13.523333333333332,-146.1535432228675,-151.9365506841313,,,,,,,,,,,,False,0,,False,,,False,train,False,,,0.5739985807105338
2018,1,2,6.981605092233993,7.16214436060081,7.632562203047022,286449,145327.48175272386,13.3,0.5249327137018039,6.318394907766008,0,43.42971760676458,0.4464083333333333,0.4344,0.3021958333333333,13.824583333333331,-30.129717606764576,-36.448112514530585,,,,,,,,,,,,False,1,,False,,,False,train,False,,,0.5739985807105338
2018,1,3,6.39358158466483,6.561600238332723,7.009210465563769,286449,145327.48175272386,12.43,0.5143669818716677,6.03641841533517,0,38.81408626666436,0.4659431818181818,0.4611666666666666,0.3541969696969697,12.381060606060606,-26.38408626666436,-32.42050468199953,,,,,,,,,,,,False,2,,False,,,False,train,False,,,0.5739985807105338
2018,2,1,14.346429398681998,14.649543951087502,15.18600476321553,286449,145327.48175272386,21.0,0.6831633046991428,6.653570601318002,0,31.972514897126416,0.4149458333333333,0.4231666666666667,0.3777708333333333,15.986666666666668,-10.972514897126416,-17.626085498444418,,,,,,,,,,,,False,3,,False,,,False,train,False,,,0.5739985807105338
2018,2,2,12.108389829132,12.425220865132662,13.17482676496284,286449,145327.48175272386,15.8,0.766353786653924,3.691610170868002,0,91.22251154092642,0.4486,0.4509916666666667,0.3939875,15.32125,-75.42251154092642,-79.11412171179443,,,,,,,,,,,,False,4,,False,,,False,train,False,,,0.5739985807105338
2018,2,3,11.04031715759985,11.30808857560062,11.930164994894392,286449,145327.48175272386,16.56,0.6666858186956431,5.519682842400149,0,41.34983215332032,0.4626614583333333,0.459859375,0.4290729166666667,15.5625,-24.78983215332032,-30.30951499572047,,,,,,,,,,,,False,5,0.6131889594835415,True,,,True,train,True,,0.6131889594835415,0.5739985807105338
2018,3,1,21.44613004392621,21.93824367473761,22.935181971588257,286449,145327.48175272386,28.8,0.7446572931918823,7.35386995607379,0,7.570098075041404,0.4194583333333333,0.4335583333333333,0.4254125,17.917916666666667,21.2299019249586,13.876031968884806,0.6131889594835415,0.6131889594835415,0.6131889594835415,0.6131889594835415,0.6131889594835415,,1.0,0.9863516035875282,0.9863516035875282,282610.0,144190.0788660685,True,6,0.6019691564714229,True,0.6131889594835415,-0.0112198030121185,True,train,True,0.6131889594835415,0.6019691564714229,0.5739985807105338
2018,3,2,21.146125142443047,21.66517275447816,22.80975860789641,286449,145327.48175272386,30.9,0.6843406194965388,9.753874857556951,0,4.570217144575256,0.3761083333333334,0.3958583333333333,0.4143333333333333,17.64375,26.329782855424742,16.57590799786779,0.6019691564714229,0.6019691564714229,0.6019691564714229,0.6019691564714229,0.6019691564714229,,1.0,0.793097882231405,0.793097882231405,232968.0,118923.84077023598,True,7,0.5522058672418652,True,0.6019691564714229,-0.0497632892295577,True,train,True,0.6019691564714229,0.5522058672418652,0.5739985807105338
2018,3,3,26.803109419147173,27.473381586994275,28.96158066440559,286449,145327.48175272386,37.40000000000001,0.7166606796563413,10.59689058085284,0,21.84240414546086,0.3459545454545454,0.3654772727272727,0.4011780303030303,19.77083333333333,15.557595854539152,4.960705273686312,0.5522058672418652,0.5522058672418652,0.5522058672418652,0.5522058672418652,0.5522058672418652,,1.0,0.9743584475957926,0.9743584475957926,280638.0,143730.94711141885,True,8,0.5286303396453055,True,0.5522058672418652,-0.0235755275965596,True,train,True,0.5522058672418652,0.5286303396453055,0.5739985807105338
2018,4,1,23.140201271031955,23.68861953922593,24.917756740907404,286449,145327.48175272386,38.8,0.5963969399750504,15.659798728968042,0,3.13406387278452,0.3478916666666666,0.3532625,0.3895583333333333,19.7325,35.665936127215474,20.00613739824744,0.5286303396453055,0.5321925152371161,0.5321925152371161,0.5183218430232538,0.5460631874509783,0.0196160927640756,2.0,0.7633776589500376,0.9870955813298272,224615.5,230160.07800078063,True,9,,False,0.5286303396453055,,False,train,False,0.5286303396453055,,0.5739985807105338
2018,4,2,23.156653826721627,23.6391056572975,24.66558157904185,286449,145327.48175272386,44.3,0.5227235626799465,21.14334617327837,0,0.1316902715211304,0.3315041666666666,0.3382375,0.3791624999999999,21.46291666666667,44.16830972847887,23.024963555200497,,,,,,,,,,,,False,10,,False,,,False,train,False,,,0.5739985807105338
2018,4,3,16.63025744054426,16.95361474247913,17.602654475388057,286449,145327.48175272386,42.0,0.395958510489149,25.36974255945574,1,43.54872403328236,0.3766625,0.3691,0.3699791666666667,20.81,-1.5487240332823615,-26.918466592738103,,,,,,,,,,,,False,11,,False,,,False,train,False,,,0.5739985807105338
2018,5,1,19.471430275668578,19.76739357665488,20.264645690965448,286449,145327.48175272386,49.0,0.3973761280748689,29.528569724331422,1,15.386531490546009,0.4020541666666666,0.39925,0.3660416666666666,24.02375,33.613468509453995,4.084898785122569,,,,,,,,,,,,False,12,,False,,,False,train,False,,,0.5739985807105338
2018,5,2,17.491384489773445,17.651985280430704,17.849216702370835,286449,145327.48175272386,57.9,0.3020964506005776,40.40861551022656,1,0.0142681578030953,0.4032291666666667,0.4011375,0.3639458333333333,25.017916666666668,57.8857318421969,17.47711633197035,,,,,,,,,,,,False,13,,False,,,False,train,False,,,0.5739985807105338
2018,5,3,17.460505231829423,17.539659777373835,17.594233861837765,286449,145327.48175272386,63.14000000000001,0.2765363514702157,45.679494768170585,1,7.011683032145867,0.3246060606060606,0.359590909090909,0.3576515151515151,26.90378787878788,56.12831696785414,10.448822199683557,,,,,,,,,,,,False,14,,False,,,False,train,False,,,0.5739985807105338
2018,6,1,14.733012959941048,14.753246753246753,14.776368227676915,286449,145327.48175272386,59.6,0.2471982040258565,44.86698704005895,1,0.0466954959440045,0.3027625,0.3343708333333334,0.3507708333333333,26.21916666666667,59.553304504056,14.686317463997044,,,,,,,,,,,,False,15,,False,,,False,train,False,,,0.5739985807105338
2018,6,2,14.789297404796146,14.78523461103395,14.777876180331988,286449,145327.48175272386,62.3,0.2373884013610938,47.51070259520385,1,0.0157220478527821,0.2823374999999999,0.31705,0.343825,26.91625,62.284277952147214,14.773575356943365,,,,,,,,,,,,False,16,,False,,,False,train,False,,,0.5739985807105338
2018,6,3,15.47139147794987,15.45718008562551,15.438287635985017,286449,145327.48175272386,64.6,0.239495224116871,49.12860852205012,1,0.0006901430181012,0.2577041666666667,0.3039249999999999,0.3369375,26.94708333333333,64.59930985698189,15.47070133493177,,,,,,,,,,,,False,17,,False,,,False,train,False,,,0.5739985807105338
2018,7,1,16.19695684778496,16.16202265209983,16.061407183120505,286449,145327.48175272386,66.6,0.2431975502670414,50.40304315221504,1,0.0294009815890324,0.2484375,0.2938791666666666,0.3303,28.2925,66.57059901841096,16.16755586619593,,,,,,,,,,,,False,18,,False,,,False,train,False,,,0.5739985807105338
2018,7,2,14.63680196807222,14.58777330717794,14.432997833814044,286449,145327.48175272386,65.1,0.2248356677123229,50.463198031927774,1,0.0304138805990358,0.2465833333333333,0.2866666666666667,0.3244041666666666,28.692083333333336,65.06958611940095,14.606388087473183,,,,,,,,,,,,False,19,,False,,,False,train,False,,,0.5739985807105338
2018,7,3,15.102963285230402,15.025098416272844,14.75312777672486,286449,145327.48175272386,70.72999999999999,0.2135298075106801,55.62703671476959,1,0.0336024922037792,0.2490681818181818,0.2814621212121212,0.3190265151515151,29.16212121212121,70.6963975077962,15.069360793026622,,,,,,,,,,,,False,20,,False,,,False,train,False,,,0.5739985807105338
2018,8,1,12.456570293217682,12.375742779822165,12.05736204028388,286449,145327.48175272386,61.0,0.2042060703806177,48.54342970678232,1,0.0225344585478664,0.2580083333333333,0.2778333333333334,0.3144166666666666,28.91583333333333,60.97746554145213,12.434035834669816,,,,,,,,,,,,False,21,,False,,,False,train,False,,,0.5739985807105338
2018,8,2,12.39254654738911,12.297398301808444,11.8805725432938,286449,145327.48175272386,59.3,0.2089805488598501,46.90745345261089,1,0.0252387628812217,0.2544041666666666,0.2751041666666667,0.3104416666666666,28.57208333333333,59.27476123711877,12.367307784507888,,,,,,,,,,,,False,22,,False,,,False,train,False,,,0.5739985807105338
2018,8,3,13.577772897801074,13.477555489036218,12.980215865116737,286449,145327.48175272386,61.05,0.222404142470124,47.47222710219892,1,0.046497019007802,0.2490871212121212,0.2729015151515152,0.3066022727272727,28.70151515151515,61.0035029809922,13.531275878793272,,,,,,,,,,,,False,23,,False,,,False,train,False,,,0.5739985807105338
2018,9,1,11.877868488659193,11.777080141468234,11.281640078030566,286449,145327.48175272386,52.2,0.2275453733459615,40.322131511340814,1,0.0176543123433545,0.2469583333333333,0.2712041666666666,0.3031708333333333,28.30333333333333,52.18234568765665,11.860214176315838,,,,,,,,,,,,False,24,,False,,,False,train,False,,,0.5739985807105338
2018,9,2,11.628533238691258,11.53383496327267,11.035173594073507,286449,145327.48175272386,48.0,0.2422611091394012,36.37146676130874,1,0.0961271203714064,0.2457124999999999,0.26985,0.3006166666666666,27.885,47.903872879628594,11.532406118319852,,,,,,,,,,,,False,25,,False,,,False,train,False,,,0.5739985807105338
2018,9,3,10.675001074890297,10.569216340440155,10.061203729190852,286449,145327.48175272386,44.8,0.238281273993087,34.1249989251097,1,2.691782042842645,0.2460416666666666,0.2689333333333333,0.2981041666666666,27.77,42.10821795715735,7.983219032047652,,,,,,,,,,,,False,26,,False,,,False,train,False,,,0.5739985807105338
2018,10,1,9.52331854221186,9.429695442374603,8.939239082303098,286449,145327.48175272386,36.1,0.2638038377344005,26.57668145778814,0,6.39513093324808,0.2452333333333333,0.268,0.2960833333333333,27.18125,29.70486906675192,3.1281876089637795,,,,,,,,,,,,False,27,,False,,,False,train,False,,,0.5739985807105338
2018,10,2,8.081971541279753,8.022272655679492,7.637852005217995,286449,145327.48175272386,30.6,0.264116717035286,22.51802845872025,0,5.280752498871432,0.2513458333333333,0.2677375,0.29445,25.145,25.31924750112857,2.801219042408321,,,,,,,,,,,,False,28,,False,,,False,train,False,,,0.5739985807105338
2018,10,3,9.719705621510077,9.657056203916255,9.145374988103445,286449,145327.48175272386,39.16,0.2482049443695116,29.44029437848992,0,17.04768476669605,0.3370795454545455,0.323560606060606,0.2935416666666666,22.509848484848487,22.112315233303946,-7.327979145185974,,,,,,,,,,,,False,29,,False,,,False,train,False,,,0.5739985807105338
2018,11,1,7.505103032293929,7.487370953192342,7.210311523869933,286449,145327.48175272386,27.0,0.2779667789738492,19.49489696770607,0,3.226114342075128,0.352,0.3552083333333333,0.294,19.81583333333333,23.773885657924872,4.278988690218801,,,,,,,,,,,,False,30,,False,,,False,train,False,,,0.5739985807105338
2018,11,2,6.814938375715292,6.837712452927447,6.727144344579149,286449,145327.48175272386,20.3,0.335711250035236,13.485061624284707,0,28.098725172189567,0.3728333333333333,0.3493958333333333,0.294,18.67625,-7.798725172189567,-21.28378679647428,,,,,,,,,,,,False,31,,False,,,False,train,False,,,0.5739985807105338
2018,11,3,6.537064923651736,6.5814659430976965,6.5428270521919165,286449,145327.48175272386,16.1,0.4060288772454494,9.562935076348264,0,45.39811451985286,0.3638166666666667,0.3465583333333333,0.2948208333333333,17.962083333333332,-29.29811451985286,-38.86104959620113,,,,,,,,,,,,False,32,,False,,,False,train,False,,,0.5739985807105338
2018,12,1,5.520517036854961,5.583892953793725,5.62486685735486,286449,145327.48175272386,12.8,0.4312903935042937,7.27948296314504,0,71.7023486504188,0.396825,0.3702333333333333,0.2957916666666666,15.730833333333331,-58.9023486504188,-66.18183161356384,,,,,,,,,,,,False,33,,False,,,False,train,False,,,0.5739985807105338
2018,12,2,6.470858963053042,6.570483540715073,6.69270079107675,286449,145327.48175272386,12.4,0.5218434647623421,5.929141036946958,0,16.64974668942965,0.4358916666666667,0.4217791666666666,0.3054125,14.793333333333331,-4.249746689429651,-10.178887726376608,,,,,,,,,,,,False,34,,False,,,False,train,False,,,0.5739985807105338
2018,12,3,4.596506225455502,4.669806264800358,4.780287701570524,286449,145327.48175272386,10.23,0.4493163465743403,5.633493774544498,0,41.217324253229,0.463560606060606,0.4558787878787879,0.3294583333333333,13.64507575757576,-30.987324253229,-36.6208180277735,,,,,,,,,,,,False,35,,False,,,False,train,False,,,0.5739985807105338
2019,1,1,6.6295955131943805,6.77300648634717,7.050037698816377,286449,145327.48175272386,12.2,0.5434094682946213,5.570404486805619,0,45.344569595043474,0.4586291666666666,0.4558083333333333,0.3607541666666666,12.27,-33.14456959504348,-38.71497408184909,,,,,,,,,,,,False,36,,False,,,False,train,False,,,0.5739985807105338
2019,1,2,7.518411922028166,7.693308896175489,8.04319207247747,286449,145327.48175272386,13.6,0.5528244060314829,6.081588077971833,0,80.81909098991981,0.4553833333333333,0.4537125,0.3897833333333333,11.435416666666669,-67.21909098991982,-73.30067906789165,,,,,,,,,,,,False,37,,False,,,False,train,False,,,0.5739985807105338
2019,1,3,11.287536413236095,11.532312171792114,11.958308702543436,286449,145327.48175272386,17.710000000000004,0.6373538347394745,6.422463586763909,0,19.365600138444165,0.4276628787878787,0.4304583333333333,0.3975378787878788,13.831060606060609,-1.6556001384441608,-8.07806372520807,,,,,,,,,,,,False,38,,False,,,False,train,False,,,0.5739985807105338
2019,2,1,12.211048140276729,12.522852560890048,13.170506360927272,286449,145327.48175272386,17.8,0.6860139404649848,5.588951859723272,0,66.72129331735464,0.4276458333333333,0.4222583333333333,0.3946458333333333,14.217916666666667,-48.92129331735464,-54.51024517707791,,,,,,,,,,,,False,39,,False,,,False,train,False,,,0.5739985807105338
2019,2,2,9.765755953432151,10.005211987571414,10.509903419222804,286449,145327.48175272386,16.2,0.6028244415698859,6.434244046567848,0,45.86738928648142,0.4682416666666666,0.4635499999999999,0.4056708333333333,12.315416666666666,-29.66738928648142,-36.101633333049264,,,,,,,,,,,,False,40,,False,,,False,train,False,,,0.5739985807105338
2019,2,3,10.666507332692154,10.925723437492165,11.43983625907126,286449,145327.48175272386,15.84,0.673390614437636,5.173492667307846,0,19.13278010258308,0.4439114583333333,0.4509583333333333,0.4189583333333333,13.702083333333334,-3.2927801025830803,-8.466272769890926,,,,,,,,,,,,False,41,,False,,,False,train,False,,0.6131889594835415,0.5739985807105338
2019,3,1,13.75748044890447,14.08108649894758,14.73638354656103,286449,145327.48175272386,20.8,0.6614173292742533,7.0425195510955305,0,23.680043919269856,0.4541416666666666,0.45825,0.4607583333333334,13.571666666666664,-2.8800439192698555,-9.922563470365386,,,,,,,,,,,,False,42,,False,,,False,train,False,,0.6019691564714229,0.5739985807105338
2019,3,2,17.914604029207872,18.308237517719327,19.050109506085665,286449,145327.48175272386,24.3,0.7372265032595832,6.385395970792128,0,25.207413086753625,0.44725,0.449975,0.4492875,15.465833333333334,-0.9074130867536248,-7.292809057545753,,,,,,,,,,,,False,43,,False,,,False,train,False,,0.5522058672418652,0.5739985807105338
2019,3,3,18.501278138690537,18.92505121240894,19.82099767015857,286449,145327.48175272386,26.51,0.6978980814292922,8.008721861309464,0,72.01494723099928,0.4493598484848485,0.4485,0.4447840909090909,15.817803030303027,-45.50494723099928,-53.513669092308746,,,,,,,,,,,,False,44,,False,,,False,train,False,,0.5286303396453055,0.5739985807105338
2019,4,1,22.42055556030673,22.87943699079311,23.75404813480618,286449,145327.48175272386,32.3,0.6941348470683201,9.879444439693264,0,13.825041111157493,0.4509999999999999,0.4618874999999999,0.4584166666666667,17.34375,18.474958888842504,8.595514449149238,,,,,,,,,,,,False,45,,False,,,False,train,False,,,0.5739985807105338
2019,4,2,21.77147441324585,22.228067412190896,23.070646385102386,286449,145327.48175272386,34.8,0.6256170808403981,13.028525586754146,0,13.430884159528292,0.4135166666666666,0.4169708333333333,0.4420291666666667,17.401666666666664,21.369115840471707,8.34059025371756,,,,,,,,,,,,False,46,,False,,,False,train,False,,,0.5739985807105338
2019,4,3,25.788988550168195,26.25254513953521,27.04641143171727,286449,145327.48175272386,42.3,0.6096687600512576,16.511011449831802,0,3.1221837805727355,0.4238208333333333,0.4327666666666667,0.432,19.97416666666667,39.177816219427264,22.66680476959546,,,,,,,,,,,,False,47,,False,,,False,train,False,,,0.5739985807105338
2019,5,1,24.59427694665988,25.004739472214663,25.655289203777063,286449,145327.48175272386,48.0,0.5123807697220808,23.40572305334012,0,8.773426156777601,0.3532791666666667,0.3866875,0.418025,21.77875,39.2265738432224,15.820850789882275,,,,,,,,,,,,False,48,,False,,,False,train,False,,,0.5739985807105338
2019,5,2,27.635183956617208,27.99631294835264,28.52322366767596,286449,145327.48175272386,60.4,0.4575361582221392,32.764816043382794,1,0.0127240237421714,0.3097416666666666,0.3563291666666666,0.4036,25.63791666666667,60.38727597625783,27.622459932875035,,,,,,,,,,,,False,49,,False,,,False,train,False,,,0.5739985807105338
2019,5,3,28.67624082119748,28.97383835864512,29.36577541986632,286449,145327.48175272386,71.50000000000001,0.4010663051915731,42.82375917880253,1,1.054135176514347,0.2731022727272727,0.331905303030303,0.3882310606060606,28.2814393939394,70.44586482348566,27.62210564468313,,,,,,,,,,,,False,50,,False,,,False,train,False,,,0.5739985807105338
2019,6,1,20.22760163481112,20.36566245221152,20.50502052491114,286449,145327.48175272386,63.6,0.31804405086181,43.372398365188886,1,0.9184091206031064,0.2561458333333333,0.3149208333333333,0.3742124999999999,28.179166666666667,62.68159087939689,19.30919251420801,,,,,,,,,,,,False,51,,False,,,False,train,False,,,0.5739985807105338
2019,6,2,17.127114873159698,17.20902361144919,17.29336859868114,286449,145327.48175272386,61.9,0.276690062571239,44.7728851268403,1,0.00056209374452,0.2527708333333333,0.3048125,0.3631458333333333,27.070833333333333,61.89943790625548,17.126552779415178,,,,,,,,,,,,False,52,,False,,,False,train,False,,,0.5739985807105338
2019,6,3,18.78021579495348,18.856584429903062,18.98798425027227,286449,145327.48175272386,66.0,0.2845487241659618,47.21978420504652,1,0.0007152613682242,0.2499375,0.2972041666666666,0.3538208333333333,27.742916666666662,65.99928473863177,18.779500533585257,,,,,,,,,,,,False,53,,False,,,False,train,False,,,0.5739985807105338
2019,7,1,19.83108143575,19.90659230515901,20.070574577833096,286449,145327.48175272386,66.9,0.2964287210127055,47.068918564250005,1,0.0293650871778551,0.2483333333333333,0.2909208333333333,0.3449291666666667,28.02541666666667,66.87063491282215,19.801716348572143,,,,,,,,,,,,False,54,,False,,,False,train,False,,,0.5739985807105338
2019,7,2,19.73385523869516,19.80399203883217,19.93416470193999,286449,145327.48175272386,66.3,0.2976448753951005,46.56614476130484,1,0.0303729170928888,0.2474416666666666,0.2859791666666666,0.3373,28.759166666666665,66.2696270829071,19.70348232160227,,,,,,,,,,,,False,55,,False,,,False,train,False,,,0.5739985807105338
2019,7,3,20.0493258071256,20.09881084565265,20.106907873943097,286449,145327.48175272386,72.82000000000001,0.2753271876836803,52.77067419287441,1,0.0335756587499278,0.246685606060606,0.2818825757575757,0.3303825757575758,28.9780303030303,72.78642434125008,20.01575014837568,,,,,,,,,,,,False,56,,False,,,False,train,False,,,0.5739985807105338
2019,8,1,16.960432301566644,16.991401652371884,16.897507090967842,286449,145327.48175272386,61.0,0.2780398737961745,44.03956769843336,1,0.0225313225409571,0.2480791666666666,0.2785166666666667,0.3242625,28.48333333333333,60.97746867745904,16.937900979025688,,,,,,,,,,,,False,57,,False,,,False,train,False,,,0.5739985807105338
2019,8,2,17.010546950796847,17.012321195893414,16.730698804408966,286449,145327.48175272386,61.9,0.2748068974280589,44.88945304920316,1,0.0252304140547774,0.2478125,0.2760625,0.3193416666666666,28.969583333333333,61.87476958594522,16.98531653674207,,,,,,,,,,,,False,58,,False,,,False,train,False,,,0.5739985807105338
2019,8,3,17.9766511095372,17.96015121772371,17.547459836453115,286449,145327.48175272386,64.46000000000001,0.2788807184228544,46.48334889046281,1,0.0464145789872138,0.2468446969696969,0.2738939393939394,0.314780303030303,29.18257575757576,64.4135854210128,17.930236530549987,,,,,,,,,,,,False,59,,False,,,False,train,False,,,0.5739985807105338
2019,9,1,14.454358013082112,14.42701069602944,13.978194525892505,286449,145327.48175272386,51.7,0.2795813929029422,37.24564198691789,1,0.0166096630754719,0.2474583333333333,0.2722458333333333,0.3107625,27.765416666666667,51.68339033692453,14.43774835000664,,,,,,,,,,,,False,60,,False,,,False,train,False,,,0.5739985807105338
2019,9,2,14.102024875816614,14.070898781483123,13.577689481431836,286449,145327.48175272386,48.5,0.2907633995013735,34.39797512418339,1,0.0803560246973155,0.2482125,0.2711125,0.307825,27.670416666666664,48.41964397530269,14.021668851119298,,,,,,,,,,,,False,61,,False,,,False,train,False,,,0.5739985807105338
2019,9,3,13.372123660080089,13.340855395982189,12.85411156456072,286449,145327.48175272386,44.1,0.3032227587319748,30.72787633991992,1,0.5582034921130309,0.24525,0.27005,0.3050625,26.35833333333333,43.54179650788697,12.813920167967058,,,,,,,,,,,,False,62,,False,,,False,train,False,,,0.5739985807105338
2019,10,1,12.124227694567974,12.089219490542533,11.638833371231614,286449,145327.48175272386,38.8,0.3124800952208241,26.675772305432023,0,0.8135472812761481,0.2454208333333333,0.2692083333333333,0.3026916666666667,26.035416666666663,37.98645271872385,11.310680413291823,,,,,,,,,,,,False,63,,False,,,False,train,False,,,0.5739985807105338
2019,10,2,11.70251576028681,11.666189378427529,11.21339923644937,286449,145327.48175272386,37.1,0.3154316916519356,25.3974842397132,0,4.845176662390049,0.2545958333333333,0.269,0.3005916666666666,27.07708333333333,32.25482333760995,6.8573390978967605,,,,,,,,,,,,False,64,,False,,,False,train,False,,,0.5739985807105338
2019,10,3,9.029570187191052,8.994873176074014,8.620104806757059,286449,145327.48175272386,30.910000000000004,0.2921245612161453,21.880429812808952,0,7.092413881191841,0.2681363636363636,0.2682916666666667,0.2991666666666666,23.57651515151515,23.81758611880816,1.9371563059992107,,,,,,,,,,,,False,65,,False,,,False,train,False,,,0.5739985807105338
2019,11,1,10.08431360792234,10.057439253139364,9.652644302691575,286449,145327.48175272386,32.6,0.3093347732491515,22.51568639207766,0,4.916861460300592,0.2777041666666667,0.269,0.2977499999999999,23.367916666666662,27.68313853969941,5.167452147621748,,,,,,,,,,,,False,66,,False,,,False,train,False,,,0.5739985807105338
2019,11,2,9.403252137892483,9.399332751041682,9.087556997019998,286449,145327.48175272386,31.0,0.303330714125564,21.59674786210752,0,15.274519100556006,0.2874833333333333,0.2693125,0.2966333333333333,20.173333333333336,15.725480899443994,-5.8712669626635225,,,,,,,,,,,,False,67,,False,,,False,train,False,,,0.5739985807105338
2019,11,3,7.267470691586459,7.289637595040021,7.134435175987649,286449,145327.48175272386,21.5,0.3380218926319283,14.23252930841354,0,7.614468968373078,0.2868041666666666,0.2706666666666667,0.29565,18.16958333333333,13.885531031626922,-0.3469982767866195,,,,,,,,,,,,False,68,,False,,,False,train,False,,,0.5739985807105338
2019,12,1,4.063699064252183,4.085238906628102,4.039853034455521,286449,145327.48175272386,13.5,0.3010147455001617,9.436300935747816,0,39.16509323120117,0.3805375,0.2918833333333334,0.295,16.15125,-25.66509323120117,-35.101394166948985,,,,,,,,,,,,False,69,,False,,,False,train,False,,,0.5739985807105338
2019,12,2,5.318981037790847,5.380331906241499,5.428318393432028,286449,145327.48175272386,15.5,0.3431600669542481,10.181018962209151,0,62.8277747300955,0.4103374999999999,0.3816125,0.2961083333333333,14.36125,-47.3277747300955,-57.50879369230465,,,,,,,,,,,,False,70,,False,,,False,train,False,,,0.5739985807105338
2019,12,3,5.72472528879431,5.808536766112712,5.935197518074931,286449,145327.48175272386,14.85,0.3855033864507953,9.125274711205693,0,94.80471908129178,0.4285984848484849,0.4203712121212121,0.3144734848484848,13.245454545454546,-79.95471908129178,-89.07999379249748,,,,,,,,,,,,False,71,,False,,,False,train,False,,,0.5739985807105338
2020,1,1,4.1755675611957175,4.254678617964175,4.428079035867731,286449,145327.48175272386,9.6,0.4349549542912206,5.424432438804282,0,162.28231070591852,0.4625041666666666,0.4542708333333333,0.3551874999999999,11.488333333333332,-152.68231070591852,-158.1067431447228,,,,,,,,,,,,False,72,,False,,,False,train,False,,,0.5739985807105338
2020,1,2,6.004543126334429,6.125703403542433,6.401881350455378,286449,145327.48175272386,11.2,0.5361199219941455,5.19545687366557,0,44.3474161698268,0.4614916666666666,0.4549041666666667,0.3867916666666666,13.068333333333332,-33.1474161698268,-38.342873043492375,,,,,,,,,,,,False,73,,False,,,False,train,False,,,0.5739985807105338
2020,1,3,7.099930562212365,7.261521481411412,7.634953368551428,286449,145327.48175272386,13.420000000000002,0.5290559286298334,6.3200694377876365,0,36.64722327452439,0.4587840909090909,0.4621325757575757,0.4293674242424242,11.434090909090909,-23.22722327452439,-29.54729271231203,,,,,,,,,,,,False,74,,False,,,False,train,False,,,0.5739985807105338
2020,2,1,7.874483963441976,8.052850126720028,8.443673181181708,286449,145327.48175272386,15.3,0.5146721544733317,7.425516036558025,0,23.30747621517915,0.4667374999999999,0.4672416666666666,0.4402625,12.561666666666667,-8.00747621517915,-15.432992251737176,,,,,,,,,,,,False,75,,False,,,False,train,False,,,0.5739985807105338
2020,2,2,10.830761245463574,11.079869413937772,11.577545866893258,286449,145327.48175272386,18.1,0.5983845991968825,7.269238754536428,0,20.383991800821743,0.458725,0.4600041666666666,0.4485083333333333,13.1175,-2.2839918008217417,-9.55323055535817,,,,,,,,,,,,False,76,,False,,,False,train,False,,,0.5739985807105338
2020,2,3,10.646827749597389,10.893332579932204,11.399540507181522,286449,145327.48175272386,17.19,0.619361707364595,6.543172250402613,0,21.65276324565594,0.4602361111111111,0.4594861111111111,0.4438333333333333,14.55925925925926,-4.462763245655939,-11.005935496058552,,,,,,,,,,,,False,77,,False,,,False,train,False,,0.6131889594835415,0.5739985807105338
2020,3,1,18.39022251491694,18.81292687466888,19.654726713500963,286449,145327.48175272386,26.5,0.6939706609402618,8.109777485083061,0,28.075129184356104,0.4561541666666667,0.4641291666666667,0.4433583333333333,15.965,-1.5751291843561042,-9.684906669439163,,,,,,,,,,,,False,78,,False,,,False,train,False,,0.6019691564714229,0.5739985807105338
2020,3,2,16.45820126570929,16.864989475794328,17.739543066409755,286449,145327.48175272386,22.4,0.7347411279334506,5.941798734290707,0,40.44870615005493,0.4544458333333334,0.4614833333333333,0.4451958333333333,16.123749999999998,-18.048706150054933,-23.99050488434564,,,,,,,,,,,,False,79,,False,,,False,train,False,,0.5522058672418652,0.5739985807105338
2020,3,3,24.327526507782373,24.888399710497527,25.988643629563747,286449,145327.48175272386,32.34,0.7522426254725532,8.01247349221763,0,2.082890167631782,0.4428863636363636,0.4507462121212121,0.4586742424242424,16.33939393939394,30.257109832368226,22.244636340150592,,,,,,,,,,,,False,80,,False,,,False,train,False,,0.5286303396453055,0.5739985807105338
2020,4,1,21.840886141890863,22.332901387476912,23.27613485405173,286449,145327.48175272386,32.0,0.6825276919340895,10.159113858109135,0,0.8683808288680246,0.4105083333333333,0.4163333333333333,0.4415958333333333,17.359166666666667,31.131619171131977,20.97250531302284,,,,,,,,,,,,False,81,,False,,,False,train,False,,,0.5739985807105338
2020,4,2,25.434033831194185,25.957538051804864,26.882942183180344,286449,145327.48175272386,40.1,0.6342651828227976,14.665966168805816,0,0.215442177424064,0.4256375,0.4159541666666666,0.4288291666666666,19.865,39.884557822575935,25.21859165377012,,,,,,,,,,,,False,82,,False,,,False,train,False,,,0.5739985807105338
2020,4,3,23.42632449389191,23.880238835034863,24.5876347882284,286449,145327.48175272386,40.4,0.5798595171755424,16.973675506108087,0,1.2611439377356035,0.3939375,0.3978375,0.416975,20.002916666666668,39.1388560622644,22.165180556156308,,,,,,,,,,,,False,83,,False,,,False,train,False,,,0.5739985807105338
2020,5,1,21.937078849911803,22.302617448703447,22.78879088526395,286449,145327.48175272386,44.6,0.4918627544823274,22.6629211500882,1,0.5351580369966821,0.3838999999999999,0.3803875,0.4060208333333334,20.62333333333333,44.06484196300332,21.40192081291512,,,,,,,,,,,,False,84,,False,,,False,train,False,,,0.5739985807105338
2020,5,2,32.71952079183168,33.15592290840362,33.61431118876934,286449,145327.48175272386,68.7,0.4762666781926008,35.980479208168326,1,0.1205872266911543,0.337725,0.3635083333333334,0.3950958333333333,28.50041666666667,68.57941277330885,32.59893356514052,,,,,,,,,,,,False,85,,False,,,False,train,False,,,0.5739985807105338
2020,5,3,23.05214688385649,23.31985350827137,23.575270761663948,286449,145327.48175272386,59.95000000000001,0.3845228838007754,36.89785311614352,1,0.3301249153625507,0.328340909090909,0.3409924242424242,0.3832537878787879,23.243939393939392,59.61987508463746,22.72202196849394,,,,,,,,,,,,False,86,,False,,,False,train,False,,,0.5739985807105338
2020,6,1,20.90843409746529,21.05206976044904,21.107208253048817,286449,145327.48175272386,62.1,0.3366897600235956,41.19156590253471,1,0.0052742018104674,0.2902541666666666,0.3265166666666667,0.3723708333333333,24.780416666666667,62.094725798189536,20.90315989565482,,,,,,,,,,,,False,87,,False,,,False,train,False,,,0.5739985807105338
2020,6,2,19.20916484234676,19.311781382894942,19.362339480833445,286449,145327.48175272386,64.0,0.3001432006616681,44.79083515765324,1,0.0006180869164661,0.2646583333333333,0.3126625,0.3621541666666666,25.285833333333336,63.99938191308353,19.20854675543029,,,,,,,,,,,,False,88,,False,,,False,train,False,,,0.5739985807105338
2020,6,3,18.35111511691707,18.408947722619168,18.41554866737676,286449,145327.48175272386,65.0,0.2823248479525703,46.64888488308293,1,0.0008071386613524,0.2628958333333334,0.3031708333333333,0.3535333333333333,26.142083333333336,64.99919286133864,18.35030797825572,,,,,,,,,,,,False,89,,False,,,False,train,False,,,0.5739985807105338
2020,7,1,18.16951436746716,18.206582282105988,18.188601792788155,286449,145327.48175272386,66.0,0.2752956722343508,47.83048563253284,1,0.02931882206064,0.2525125,0.2953,0.3454041666666666,27.410833333333336,65.97068117793935,18.14019554540652,,,,,,,,,,,,False,90,,False,,,False,train,False,,,0.5739985807105338
2020,7,2,21.945834330441176,21.977118801815603,22.005672774273847,286449,145327.48175272386,64.6,0.339718797684848,42.65416566955882,1,0.0303115880412336,0.2494041666666666,0.2892625,0.33815,27.889166666666664,64.56968841195877,21.915522742399943,,,,,,,,,,,,False,91,,False,,,False,train,False,,,0.5739985807105338
2020,7,3,18.915309370494715,18.9068672287295,18.712243147193227,286449,145327.48175272386,69.19000000000001,0.27338212704863,50.2746906295053,1,0.0334850559081622,0.2458295454545454,0.2839848484848484,0.3311136363636364,29.368181818181817,69.15651494409185,18.881824314586552,,,,,,,,,,,,False,92,,False,,,False,train,False,,,0.5739985807105338
2020,8,1,15.620018210153024,15.593593837254256,15.299831252917173,286449,145327.48175272386,63.1,0.2475438702084473,47.479981789846974,1,0.0231527282260895,0.2481749999999999,0.27985,0.3251458333333333,28.56208333333333,63.07684727177392,15.596865481926937,,,,,,,,,,,,False,93,,False,,,False,train,False,,,0.5739985807105338
2020,8,2,15.439117794174392,15.39342630908232,14.946683102552749,286449,145327.48175272386,60.0,0.2573186299029065,44.56088220582561,1,0.0253672532773075,0.2586666666666666,0.2775166666666667,0.3207083333333333,28.2725,59.97463274672269,15.413750540897084,,,,,,,,,,,,False,94,,False,,,False,train,False,,,0.5739985807105338
2020,8,3,17.95076671814745,17.87706727560232,17.220897138373406,286449,145327.48175272386,66.22,0.271077721506304,48.26923328185255,1,0.0467118096179687,0.2487651515151515,0.2750795454545455,0.3161628787878788,29.53219696969697,66.17328819038202,17.90405490852948,,,,,,,,,,,,False,95,,False,,,False,train,False,,,0.5739985807105338
2020,9,1,17.116033951429205,17.02913844699953,16.310674150579842,286449,145327.48175272386,57.7,0.2966383700421006,40.5839660485708,1,0.0165440756534315,0.2444375,0.273075,0.3121583333333333,31.8675,57.683455924346575,17.099489875775774,,,,,,,,,,,,False,96,,False,,,False,train,False,,,0.5739985807105338
2020,9,2,14.534635363075283,14.4439138590186,13.712352047105568,286449,145327.48175272386,51.2,0.2838795969350641,36.66536463692472,1,0.0801963467589722,0.24405,0.2714833333333333,0.3087958333333333,29.8275,51.11980365324103,14.45443901631631,,,,,,,,,,,,False,97,,False,,,False,train,False,,,0.5739985807105338
2020,9,3,11.86683630183686,11.77971477254829,11.117787857390764,286449,145327.48175272386,48.3,0.2456901925846141,36.433163698163135,1,0.5600752690233863,0.2445708333333333,0.2703416666666667,0.306075,27.692083333333336,47.73992473097661,11.306761032813474,,,,,,,,,,,,False,98,,False,,,False,train,False,,,0.5739985807105338
2020,10,1,12.667547006741598,12.584114892824926,11.867754945725672,286449,145327.48175272386,45.6,0.2777970834811754,32.9324529932584,1,1.0188156701015452,0.244825,0.2695416666666667,0.3037999999999999,27.666666666666668,44.581184329898456,11.648731336640052,,,,,,,,,,,,False,99,,False,,,False,train,False,,,0.5739985807105338
2020,10,2,11.17887332414967,11.13571213791721,10.619876252139258,286449,145327.48175272386,36.9,0.3029504965894219,25.72112667585033,0,0.6118965189000076,0.2441624999999999,0.269,0.3018833333333333,25.86458333333333,36.28810348109999,10.566976805249665,,,,,,,,,,,,False,100,,False,,,False,train,False,,,0.5739985807105338
2020,10,3,14.650035938128132,14.657197975517846,14.165141148188386,286449,145327.48175272386,39.49,0.3709809049918494,24.839964061871868,0,1.4779132235508698,0.2442083333333333,0.2680340909090909,0.3001666666666667,26.21780303030303,38.01208677644913,13.172122714577265,,,,,,,,,,,,False,101,,False,,,False,train,False,,,0.5739985807105338
2020,11,1,8.547760099445481,8.584558770887327,8.423124334286774,286449,145327.48175272386,25.3,0.3378561304128649,16.75223990055452,0,64.81896951381977,0.3435958333333334,0.29025,0.299,21.15625,-39.51896951381977,-56.27120941437428,,,,,,,,,,,,False,102,,False,,,False,train,False,,,0.5739985807105338
2020,11,2,9.45390665668332,9.531923423874913,9.469954641741566,286449,145327.48175272386,23.8,0.3972229687682067,14.346093343316682,0,18.58581968454214,0.3752333333333333,0.3214291666666666,0.2989208333333333,19.42,5.21418031545786,-9.131913027858822,,,,,,,,,,,,False,103,,False,,,False,train,False,,,0.5739985807105338
2020,11,3,7.319605323321719,7.401351680293246,7.427803774668789,286449,145327.48175272386,17.1,0.4280470949310946,9.780394676678284,0,18.641735488634843,0.4131958333333333,0.3607625,0.2991124999999999,17.342916666666667,-1.541735488634842,-11.322130165313125,,,,,,,,,,,,False,104,,False,,,False,train,False,,,0.5739985807105338
2020,12,1,8.3933725170036,8.516101318747404,8.630036980743684,286449,145327.48175272386,17.8,0.4715377818541348,9.4066274829964,0,15.7520778967784,0.3903625,0.3761583333333334,0.3007666666666667,16.14625,2.0479221032216,-7.3587053797748,,,,,,,,,,,,False,105,,False,,,False,train,False,,,0.5739985807105338
2020,12,2,9.27027759178886,9.423094546027292,9.592912622521151,286449,145327.48175272386,17.7,0.523744496711235,8.42972240821114,0,61.95182810563308,0.4136208333333334,0.3858875,0.3029,15.94875,-44.25182810563308,-52.68155051384422,,,,,,,,,,,,False,106,,False,,,False,train,False,,,0.5739985807105338
2020,12,3,10.973147729445046,11.213222554482966,11.612815211713688,286449,145327.48175272386,22.22000000000001,0.4938410319282196,11.246852270554964,0,15.622359349177431,0.4161136363636363,0.4057386363636363,0.3090568181818182,13.9375,6.597640650822578,-4.649211619732386,,,,,,,,,,,,False,107,,False,,,False,train,False,,,0.5739985807105338
2021,1,1,13.974678556735032,14.290718652901674,14.822085522457725,286449,145327.48175272386,24.3,0.5750896525405362,10.325321443264968,0,16.41371292884533,0.3700458333333333,0.382,0.3127333333333333,15.765416666666663,7.886287071154669,-2.4390343721102994,,,,,,,,,,,,False,108,,False,,,False,train,False,,,0.5739985807105338
2021,1,2,9.566672713986376,9.79439138590186,10.287157269887622,286449,145327.48175272386,18.2,0.5256413579113394,8.633327286013623,0,72.96750891758846,0.424375,0.4117333333333333,0.3191125,13.785,-54.76750891758846,-63.40083620360208,,,,,,,,,,,,False,109,,False,,,False,train,False,,,0.5739985807105338
2021,1,3,11.00115639088697,11.275098440773062,11.839971523115308,286449,145327.48175272386,20.46,0.5376909281958441,9.45884360911303,0,41.127439840023335,0.4440795454545454,0.4416098484848484,0.3621098484848484,11.57878787878788,-20.66743984002333,-30.126283449136366,,,,,,,,,,,,False,110,,False,,,False,train,False,,,0.5739985807105338
2021,2,1,15.740118960984004,16.09368690846089,16.79618703400074,286449,145327.48175272386,24.5,0.6424538351422042,8.759881039015996,0,60.81629796394935,0.4341208333333333,0.4328416666666667,0.3711458333333333,15.877916666666666,-36.31629796394935,-45.07617900296535,,,,,,,,,,,,False,111,,False,,,False,train,False,,,0.5739985807105338
2021,2,2,11.265154355238463,11.524270106960294,12.118948741577606,286449,145327.48175272386,18.5,0.6089272624453224,7.234845644761537,0,19.62802350605533,0.42975,0.4258,0.3747583333333333,12.9,-1.1280235060553316,-8.362869150816868,,,,,,,,,,,,False,112,,False,,,False,train,False,,,0.5739985807105338
2021,2,3,14.86590326227649,15.220103343241924,15.959318755666889,286449,145327.48175272386,22.160000000000004,0.6708440100305274,7.294096737723514,0,17.26088991898757,0.4221041666666666,0.4332135416666666,0.3914947916666667,14.272395833333334,4.899110081012434,-2.39498665671108,,,,,,,,,,,,False,113,,False,,,False,train,False,,0.6131889594835415,0.5739985807105338
2021,3,1,16.16060076058561,16.52232993026819,17.324281628110153,286449,145327.48175272386,23.7,0.6818818886323043,7.53939923941439,0,10.955188385339884,0.4200458333333333,0.415475,0.3890541666666667,15.032083333333333,12.744811614660115,5.205412375245725,,,,,,,,,,,,False,114,,False,,,False,train,False,,0.6019691564714229,0.5739985807105338
2021,3,2,20.118103906938508,20.576189521614,21.61865552856134,286449,145327.48175272386,29.7,0.6773772359238555,9.581896093061491,0,13.109418214714298,0.40395,0.4115,0.3856041666666667,16.311249999999998,16.5905817852857,7.00868569222421,,,,,,,,,,,,False,115,,False,,,False,train,False,,0.5522058672418652,0.5739985807105338
2021,3,3,21.977915454620625,22.47286185213281,23.56193494059444,286449,145327.48175272386,35.2,0.6243725981426314,13.222084545379378,0,21.450219204219486,0.3992992424242425,0.3911969696969697,0.3805189393939394,16.639772727272724,13.749780795780516,0.5276962504011387,,,,,,,,,,,,False,116,,False,,,False,train,False,,0.5286303396453055,0.5739985807105338
2021,4,1,21.91509260595716,22.376437234210112,23.31588017760331,286449,145327.48175272386,38.1,0.5751992809962508,16.184907394042842,0,1.0050275928125931,0.3841416666666666,0.3820916666666666,0.37525,17.59125,37.094972407187406,20.910065013144568,,,,,,,,,,,,False,117,,False,,,False,train,False,,,0.5739985807105338
2021,4,2,26.252358631430813,26.7400091639342,27.62388549134124,286449,145327.48175272386,50.0,0.5250471726286162,23.747641368569187,0,0.86430996927576,0.3380458333333333,0.3585791666666666,0.3687875,21.530416666666667,49.13569003072424,25.38804866215505,,,,,,,,,,,,False,118,,False,,,False,train,False,,,0.5739985807105338
2021,4,3,22.911439198019,23.27183951660248,23.83453211580119,286449,145327.48175272386,52.3,0.4380772313196749,29.388560801981,1,0.0,0.2888166666666666,0.3328666666666667,0.360375,22.535416666666663,52.3,22.911439198019,,,,,,,,,,,,False,119,,False,,,False,train,False,,,0.5739985807105338
2021,5,1,25.2827674558744,25.599213906270137,25.95740632143327,286449,145327.48175272386,61.1,0.4137932480503175,35.8172325441256,1,4.582433109243329,0.2634416666666667,0.3143333333333333,0.3518249999999999,26.18375,56.51756689075667,20.70033434663107,,,,,,,,,,,,False,120,,False,,,False,train,False,,,0.5739985807105338
2021,5,2,19.186241886806123,19.364201950199742,19.49523080053137,286449,145327.48175272386,59.7,0.3213775860436536,40.51375811319388,1,0.0150371154340413,0.2522875,0.3018333333333333,0.3438291666666667,23.845416666666665,59.68496288456596,19.17120477137208,,,,,,,,,,,,False,121,,False,,,False,train,False,,,0.5739985807105338
2021,5,3,19.782227060910472,19.905685931469343,19.921628344071404,286449,145327.48175272386,69.74000000000001,0.2836568262246984,49.95777293908954,1,0.1322548969290577,0.2485871212121212,0.2927386363636364,0.3364090909090909,25.2,69.60774510307095,19.649972163981413,,,,,,,,,,,,False,122,,False,,,False,train,False,,,0.5739985807105338
2021,6,1,16.387700962476575,16.45967868955741,16.454300657036512,286449,145327.48175272386,64.0,0.2560578275386965,47.61229903752343,1,0.0052741982338305,0.2454958333333333,0.2861958333333333,0.32985,24.381666666666668,63.99472580176617,16.382426764242744,,,,,,,,,,,,False,123,,False,,,False,train,False,,,0.5739985807105338
2021,6,2,14.592612511632996,14.633814917166626,14.636595378005431,286449,145327.48175272386,63.5,0.2298049214430393,48.90738748836701,1,0.0006180876642107,0.2450208333333333,0.2814875,0.3242625,24.984166666666667,63.49938191233579,14.591994423968783,,,,,,,,,,,,False,124,,False,,,False,train,False,,,0.5739985807105338
2021,6,3,18.090550677550315,18.10789100645771,18.045789102050097,286449,145327.48175272386,69.4,0.2606707590425117,51.309449322449694,1,0.0008071390876116,0.2445083333333333,0.2779625,0.3192708333333333,28.199166666666667,69.3991928609124,18.089743538462702,,,,,,,,,,,,False,125,,False,,,False,train,False,,,0.5739985807105338
2021,7,1,17.976878601961992,17.972286258394305,17.862524982945775,286449,145327.48175272386,70.9,0.2535525895904371,52.92312139803801,1,0.0293632605990681,0.2452958333333333,0.2748958333333334,0.3145708333333333,28.87125,70.87063673940094,17.947515341362923,,,,,,,,,,,,False,126,,False,,,False,train,False,,,0.5739985807105338
2021,7,2,17.687570595195098,17.658664929337476,17.463719377191616,286449,145327.48175272386,71.0,0.2491207126083816,53.3124294048049,1,0.0303732021067004,0.2450166666666667,0.2725916666666667,0.3103625,29.45125,70.9696267978933,17.657197393088396,,,,,,,,,,,,False,127,,False,,,False,train,False,,,0.5739985807105338
2021,7,3,16.90324476276167,16.85582769038104,16.54902521765877,286449,145327.48175272386,71.72,0.2356838366252324,54.816755237238326,1,0.0335771815092392,0.2517083333333333,0.2707310606060606,0.3064962121212121,29.26628787878788,71.68642281849075,16.86966758125243,,,,,,,,,,,,False,128,,False,,,False,train,False,,,0.5739985807105338
2021,8,1,16.907079670100604,16.829600939303255,16.314073027992865,286449,145327.48175272386,70.7,0.239138326309768,53.7929203298994,1,0.0225189551484968,0.2462291666666666,0.2694375,0.303,31.480416666666667,70.6774810448515,16.88456071495211,,,,,,,,,,,,False,129,,False,,,False,train,False,,,0.5739985807105338
2021,8,2,15.874441013945242,15.807528744684202,15.267948825352754,286449,145327.48175272386,65.1,0.2438470201834907,49.22555898605475,1,0.0252315204550261,0.2453416666666666,0.2683291666666667,0.2999875,29.596666666666668,65.07476847954497,15.849209493490216,,,,,,,,,,,,False,130,,False,,,False,train,False,,,0.5739985807105338
2021,8,3,17.968366393931838,17.914868488129674,17.29939802200833,286449,145327.48175272386,67.65,0.2656077811372038,49.68163360606817,1,0.0464259605371178,0.2445795454545454,0.2673371212121212,0.297125,29.44242424242424,67.60357403946288,17.92194043339472,,,,,,,,,,,,False,131,,False,,,False,train,False,,,0.5739985807105338
2021,9,1,15.743701028590683,15.731790260456192,15.235827040224038,286449,145327.48175272386,56.0,0.2811375183676908,40.25629897140932,1,0.0160962373461538,0.2441374999999999,0.2667416666666666,0.2946833333333333,28.09958333333333,55.983903762653846,15.727604791244527,,,,,,,,,,,,False,132,,False,,,False,train,False,,,0.5739985807105338
2021,9,2,15.64005979326504,15.669318002835093,15.28501501968716,286449,145327.48175272386,50.2,0.311554975961455,34.559940206734964,1,0.0762703989816005,0.2454708333333333,0.266,0.2928708333333333,27.267916666666668,50.1237296010184,15.56378939428344,,,,,,,,,,,,False,133,,False,,,False,train,False,,,0.5739985807105338
2021,9,3,15.636660816978347,15.699129426251808,15.44031020740333,286449,145327.48175272386,47.9,0.3264438583920323,32.26333918302165,1,0.5575217603777464,0.2572458333333333,0.266,0.2914374999999999,26.47833333333333,47.34247823962225,15.0791390566006,,,,,,,,,,,,False,134,,False,,,False,train,False,,,0.5739985807105338
2021,10,1,14.488217426480618,14.54618479646043,14.329750948454349,286449,145327.48175272386,42.0,0.3449575577733481,27.511782573519383,1,1.0681981943476089,0.2530958333333333,0.266,0.2900833333333333,25.510416666666668,40.93180180565239,13.42001923213301,,,,,,,,,,,,False,135,,False,,,False,train,False,,,0.5739985807105338
2021,10,2,11.869709133080356,11.895581265482038,11.647282693251311,286449,145327.48175272386,33.5,0.3543196756143389,21.630290866919644,0,9.09521001439828,0.2502416666666666,0.2652333333333334,0.28895,24.81791666666667,24.40478998560172,2.774499118682076,,,,,,,,,,,,False,136,,False,,,False,train,False,,,0.5739985807105338
2021,10,3,11.139919036179062,11.15032285888006,10.876238944470368,286449,145327.48175272386,34.980000000000004,0.3184653812515455,23.84008096382094,0,10.622157630553613,0.2513333333333333,0.265,0.288,23.49886363636364,24.35784236944639,0.5177614056254498,,,,,,,,,,,,False,137,,False,,,False,train,False,,,0.5739985807105338
2021,11,1,9.932685913072625,9.933088961754894,9.65975322235121,286449,145327.48175272386,33.7,0.2947384543938464,23.76731408692737,0,13.3035406094331,0.2476041666666666,0.265,0.2871416666666667,22.327916666666667,20.396459390566903,-3.370854696360474,,,,,,,,,,,,False,138,,False,,,False,train,False,,,0.5739985807105338
2021,11,2,8.485023616919058,8.494995632812612,8.297928360281006,286449,145327.48175272386,28.8,0.2946188755874673,20.314976383080943,0,20.43496652933268,0.2548458333333333,0.2650083333333333,0.2864374999999999,20.223333333333336,8.365033470667324,-11.94994291241362,,,,,,,,,,,,False,139,,False,,,False,train,False,,,0.5739985807105338
2021,11,3,7.401182366831503,7.423008634144246,7.327776248548894,286449,145327.48175272386,23.7,0.3122861758156752,16.298817633168497,0,8.757977427427585,0.3539916666666666,0.2822291666666666,0.286,18.95958333333333,14.942022572572414,-1.356795060596082,,,,,,,,,,,,False,140,,False,,,False,train,False,,,0.5739985807105338
2021,12,1,6.012657615181772,6.051819184123484,6.0603659777158105,286449,145327.48175272386,21.6,0.2783637784806376,15.587342384818228,0,82.62934830005352,0.3600333333333333,0.2916291666666666,0.286,16.365,-61.02934830005352,-76.61669068487176,,,,,,,,,,,,False,141,,False,,,False,train,False,,,0.5739985807105338
2021,12,2,5.944674942834253,6.000014318647175,6.0507557715092695,286449,145327.48175272386,20.2,0.2942908387541709,14.255325057165743,0,36.84590523793147,0.390225,0.321575,0.286,15.073333333333332,-16.64590523793147,-30.90123029509721,,,,,,,,,,,,False,142,,False,,,False,train,False,,,0.5739985807105338
2021,12,3,5.184829744839464,5.263828938726717,5.398342435986582,286449,145327.48175272386,15.510000000000002,0.3342894741998364,10.325170255160538,0,54.83792416499211,0.4489280303030303,0.4321704545454545,0.297935606060606,12.311363636363636,-39.32792416499211,-49.65309442015265,,,,,,,,,,,,False,143,,False,,,False,train,False,,,0.5739985807105338
2022,1,1,7.422390971597366,7.553057747104053,7.740883468769821,286449,145327.48175272386,16.8,0.4418089864046051,9.377609028402636,0,32.87949387843792,0.4244916666666666,0.4120416666666667,0.3092666666666667,14.030416666666667,-16.07949387843792,-25.45710290684056,,,,,,,,,,,,False,144,,False,,,False,train,False,,,0.5739985807105338
2022,1,2,5.710372780955314,5.82498317558957,6.042378256758859,286449,145327.48175272386,15.1,0.3781703828447228,9.389627219044684,0,51.913777960263765,0.4387625,0.4339833333333333,0.3237208333333333,11.157083333333333,-36.81377796026376,-46.20340517930845,,,,,,,,,,,,False,145,,False,,,False,train,False,,,0.5739985807105338
2022,1,3,6.050130389775741,6.19103006364796,6.505056406686157,286449,145327.48175272386,14.52,0.41667564667877,8.469869610224258,0,42.3850213270921,0.4701212121212121,0.4670265151515151,0.3738333333333333,10.03939393939394,-27.86502132709209,-36.33489093731636,,,,,,,,,,,,False,146,,False,,,False,train,False,,,0.5739985807105338
2022,2,1,8.59182600702581,8.783681037815548,9.15846667544311,286449,145327.48175272386,16.6,0.5175798799413138,8.008173992974191,0,30.975833839178087,0.4652833333333334,0.4598125,0.4120083333333333,12.282916666666669,-14.375833839178084,-22.38400783215228,,,,,,,,,,,,False,147,,False,,,False,train,False,,,0.5739985807105338
2022,2,2,11.432132110880453,11.674701814172597,12.105389135560156,286449,145327.48175272386,19.2,0.5954235474416902,7.767867889119547,0,11.863529262175929,0.4482583333333333,0.4512208333333333,0.4290583333333334,13.40125,7.3364707378240706,-0.4313971512954762,,,,,,,,,,,,False,148,,False,,,False,train,False,,,0.5739985807105338
2022,2,3,10.852565074691611,11.093812884115987,11.533597384487893,286449,145327.48175272386,16.16,0.6715696209586393,5.307434925308389,0,31.22802391235645,0.4518489583333333,0.4502447916666667,0.4262864583333333,14.277083333333332,-15.068023912356448,-20.37545883766484,,,,,,,,,,,,False,149,,False,,,False,train,False,,0.6131889594835415,0.5739985807105338
2022,3,1,16.82545314349699,17.212273944357737,17.98513589525713,286449,145327.48175272386,22.9,0.7347359451308729,6.074546856503009,0,45.13710377216339,0.4474666666666666,0.44565,0.42695,14.965416666666666,-22.2371037721634,-28.311650628666403,,,,,,,,,,,,False,150,,False,,,False,train,False,,0.6019691564714229,0.5739985807105338
2022,3,2,12.492111265189545,12.828885006944544,13.560048828943115,286449,145327.48175272386,20.1,0.6214980728950021,7.607888734810457,0,32.98067200367267,0.454275,0.4547208333333333,0.428675,10.85375,-12.880672003672672,-20.48856073848313,,,,,,,,,,,,False,151,,False,,,False,train,False,,0.5522058672418652,0.5739985807105338
2022,3,3,21.63358317664172,22.17415336230467,23.356000023971777,286449,145327.48175272386,30.690000000000005,0.7049065877041941,9.056416823358283,0,8.92289059016352,0.4445189393939394,0.4464734848484848,0.4264393939393939,13.79431818181818,21.76710940983649,12.7106925864782,,,,,,,,,,,,False,152,,False,,,False,train,False,,0.5286303396453055,0.5739985807105338
2022,4,1,32.60104877052538,33.29193573791148,34.642591284991084,286449,145327.48175272386,44.2,0.7375802889259135,11.598951229474622,0,0.2737537865383694,0.3817083333333333,0.4071999999999999,0.4186041666666666,20.95958333333333,43.92624621346163,32.32729498398701,,,,,,,,,,,,False,153,,False,,,False,train,False,,,0.5739985807105338
2022,4,2,27.454968531754947,28.062815905153283,29.314611582512537,286449,145327.48175272386,45.6,0.6020826432402401,18.14503146824505,0,8.856310978302588,0.3329916666666667,0.370525,0.405525,19.223333333333336,36.74368902169741,18.59865755345236,,,,,,,,,,,,False,154,,False,,,False,train,False,,,0.5739985807105338
2022,4,3,27.14264049232856,27.65098297512851,28.61322211185179,286449,145327.48175272386,50.7,0.5353578006376442,23.557359507671443,0,0.4985520696983888,0.2985125,0.3445625,0.3925083333333333,23.15333333333333,50.20144793030161,26.644088422630173,,,,,,,,,,,,False,155,,False,,,False,train,False,,,0.5739985807105338
2022,5,1,19.6215041865457,19.962757198699865,20.523295474945247,286449,145327.48175272386,49.3,0.398002113317357,29.678495813454298,1,0.222628738788458,0.2925041666666666,0.3271291666666667,0.3806083333333333,21.1775,49.07737126121154,19.39887544775724,,,,,,,,,,,,False,156,,False,,,False,train,False,,,0.5739985807105338
2022,5,2,19.901596247897107,20.13482438179241,20.378603827327453,286449,145327.48175272386,58.5,0.3401982264597796,38.5984037521029,1,0.5078889148166547,0.2731,0.315425,0.3699166666666666,23.582083333333333,57.99211108518335,19.393707333080453,,,,,,,,,,,,False,157,,False,,,False,train,False,,,0.5739985807105338
2022,5,3,21.678080782350182,21.825885955056595,21.84449895525914,286449,145327.48175272386,71.72,0.3022599105179891,50.04191921764982,1,0.1237922274579222,0.256655303030303,0.3044015151515151,0.3593030303030303,26.39469696969697,71.59620777254207,21.55428855489226,,,,,,,,,,,,False,158,,False,,,False,train,False,,,0.5739985807105338
2022,6,1,16.27685272393554,16.326794484457107,16.267948825352754,286449,145327.48175272386,66.1,0.246245880846226,49.82314727606445,1,0.0052742002003539,0.2480333333333333,0.2955,0.3491749999999999,26.227500000000003,66.09472579979965,16.271578523735187,,,,,,,,,,,,False,159,,False,,,False,train,False,,,0.5739985807105338
2022,6,2,16.664633378385467,16.714994487320837,16.724870447718324,286449,145327.48175272386,64.9,0.2567740119936127,48.23536662161454,1,0.0006180874627226,0.25555,0.2896166666666666,0.3412166666666667,26.41333333333333,64.89938191253728,16.664015290922745,,,,,,,,,,,,False,160,,False,,,False,train,False,,,0.5739985807105338
2022,6,3,16.524132545136318,16.553007631838945,16.560635254975644,286449,145327.48175272386,66.2,0.2496092529476785,49.675867454863685,1,0.000807138872691,0.2541333333333334,0.2851708333333332,0.3344041666666666,27.01,66.19919286112732,16.523325406263627,,,,,,,,,,,,False,161,,False,,,False,train,False,,,0.5739985807105338
2022,7,1,16.74091597527748,16.74608027033606,16.726222817956604,286449,145327.48175272386,67.3,0.2487506088451334,50.55908402472252,1,0.0294076469771635,0.2473999999999999,0.281325,0.3281708333333333,27.44458333333333,67.27059235302283,16.71150832830032,,,,,,,,,,,,False,162,,False,,,False,train,False,,,0.5739985807105338
2022,7,2,16.651100918852656,16.642499176677788,16.627810955395717,286449,145327.48175272386,67.9,0.2452297631642511,51.24889908114735,1,0.0303964384227023,0.2466208333333333,0.2780166666666667,0.3226,27.859583333333333,67.8696035615773,16.620704480429954,,,,,,,,,,,,False,163,,False,,,False,train,False,,,0.5739985807105338
2022,7,3,17.41894327283321,17.37831941165268,17.33158561309309,286449,145327.48175272386,75.46000000000001,0.2308367780656401,58.0410567271668,1,0.0336097311201648,0.2457992424242424,0.2750340909090909,0.3170416666666666,28.95833333333333,75.42639026887984,17.385333541713045,,,,,,,,,,,,False,164,,False,,,False,train,False,,,0.5739985807105338
2022,8,1,13.170304987910423,13.117276879680407,13.058702442643945,286449,145327.48175272386,63.8,0.2064311126631728,50.62969501208957,1,0.0225280773232673,0.2440999999999999,0.2727666666666666,0.3122625,28.945833333333333,63.77747192267673,13.147776910587156,,,,,,,,,,,,False,165,,False,,,False,train,False,,,0.5739985807105338
2022,8,2,12.708967812525954,12.645942811323186,12.479181875845232,286449,145327.48175272386,61.1,0.2080027465225196,48.391032187474046,1,0.0252466554838555,0.2470916666666666,0.2711333333333333,0.3083625,28.08,61.07475334451615,12.6837211570421,,,,,,,,,,,,False,166,,False,,,False,train,False,,,0.5739985807105338
2022,8,3,16.830268948542226,16.742148370934586,16.307703724750013,286449,145327.48175272386,67.21,0.2504131669177537,50.37973105145777,1,0.046491705529535,0.2447992424242424,0.2696742424242424,0.304780303030303,30.025378787878783,67.16350829447046,16.78377724301269,,,,,,,,,,,,False,167,,False,,,False,train,False,,,0.5739985807105338
2022,9,1,14.082278454803545,14.01108979223643,13.536208815539092,286449,145327.48175272386,54.9,0.2565078042769316,40.817721545196456,1,0.0166399227885099,0.245925,0.2686416666666666,0.3016166666666666,28.642916666666668,54.88336007721149,14.065638532015036,,,,,,,,,,,,False,168,,False,,,False,train,False,,,0.5739985807105338
2022,9,2,12.71422428770921,12.641940749437993,12.082925428150842,286449,145327.48175272386,50.6,0.2512692546978105,37.8857757122908,1,0.0806063719143052,0.2468708333333333,0.268,0.2990916666666666,27.1775,50.519393628085695,12.633617915794906,,,,,,,,,,,,False,169,,False,,,False,train,False,,,0.5739985807105338
2022,9,3,12.859833911041788,12.76441529804264,12.016527639814738,286449,145327.48175272386,49.8,0.2582295966072648,36.94016608895821,1,0.5643386263113755,0.2461375,0.2672333333333334,0.2971708333333333,27.523333333333333,49.23566137368862,12.295495284730412,,,,,,,,,,,,False,170,,False,,,False,train,False,,,0.5739985807105338
2022,10,1,11.06010397194824,10.977247669640173,10.306006678076043,286449,145327.48175272386,41.7,0.2652303110778954,30.63989602805176,1,1.117152326324811,0.2441208333333333,0.267,0.2953458333333333,26.285416666666663,40.58284767367519,9.94295164562343,,,,,,,,,,,,False,171,,False,,,False,train,False,,,0.5739985807105338
2022,10,2,9.916840267627853,9.84587408181675,9.206972485847984,286449,145327.48175272386,34.5,0.2874446454384884,24.583159732372145,0,0.7102396141652068,0.2519458333333333,0.2663541666666666,0.2937833333333333,25.01833333333333,33.7897603858348,9.206600653462646,,,,,,,,,,,,False,172,,False,,,False,train,False,,,0.5739985807105338
2022,10,3,10.787891025249312,10.71460068197782,9.961228810013306,286449,145327.48175272386,34.760000000000005,0.3103535968138466,23.972108974750693,0,1.9228335903241085,0.2581401515151515,0.266,0.2926666666666666,24.34772727272728,32.837166409675895,8.865057434925204,,,,,,,,,,,,False,173,,False,,,False,train,False,,,0.5739985807105338
2022,11,1,7.363107740982992,7.318546943684761,6.816556362722453,286449,145327.48175272386,24.3,0.3030085490116457,16.936892259017007,0,9.084195747742283,0.2667374999999999,0.2660416666666667,0.2915458333333333,21.10666666666667,15.215804252257715,-1.7210880067592915,,,,,,,,,,,,False,174,,False,,,False,train,False,,,0.5739985807105338
2022,11,2,7.979589076103253,7.947536476753676,7.431956628409349,286449,145327.48175272386,25.7,0.3104898473191927,17.720410923896747,0,8.375235229272109,0.2980291666666667,0.2673416666666667,0.291,19.94,17.32476477072789,-0.3956461531688555,,,,,,,,,,,,False,175,,False,,,False,train,False,,,0.5739985807105338
2022,11,3,6.045345769964076,6.033806325978322,5.711909235611619,286449,145327.48175272386,21.5,0.2811788730215849,15.454654230035924,0,55.85077682641836,0.3425708333333333,0.2767958333333333,0.2901541666666666,18.07375,-34.35077682641836,-49.80543105645428,,,,,,,,,,,,False,176,,False,,,False,train,False,,,0.5739985807105338
2022,12,1,6.046168293409608,6.0609902776385685,5.840779348229352,286449,145327.48175272386,17.8,0.3396723760342476,11.753831706590391,0,5.698753274862582,0.3421458333333333,0.2953583333333333,0.29,17.058333333333334,12.101246725137418,0.3474150185470259,,,,,,,,,,,,False,177,,False,,,False,train,False,,,0.5739985807105338
2022,12,2,7.42898729069926,7.477476767994959,7.324880022020896,286449,145327.48175272386,19.2,0.3869264213905865,11.77101270930074,0,13.054895131404583,0.3107791666666666,0.2949916666666666,0.2899416666666666,16.72041666666667,6.145104868595416,-5.625907840705324,,,,,,,,,,,,False,178,,False,,,False,train,False,,,0.5739985807105338
2022,12,3,5.944823579703871,6.014474700091025,6.017068568369353,286449,145327.48175272386,16.500000000000004,0.3602923381638709,10.555176420296132,0,35.113440586970405,0.3707840909090909,0.3108446969696969,0.289,14.315530303030304,-18.6134405869704,-29.168617007266533,,,,,,,,,,,,False,179,,False,,,False,train,False,,,0.5739985807105338
2023,1,1,7.071189480281144,7.182068758143731,7.312086360209198,286449,145327.48175272386,17.7,0.3995022305243584,10.628810519718854,0,38.41806084559514,0.3687916666666667,0.3322708333333333,0.2893999999999999,14.421666666666663,-20.718060845595144,-31.346871365314,,,,,,,,,,,,False,180,,False,,,False,validation,False,,,0.5739985807105338
2023,1,2,8.005179864215355,8.144718566989791,8.314491903730387,286449,145327.48175272386,18.7,0.4280844847173987,10.694820135784644,0,47.600236302155714,0.3576916666666667,0.336275,0.29,13.255833333333332,-28.900236302155715,-39.59505643794036,,,,,,,,,,,,False,181,,False,,,False,validation,False,,,0.5739985807105338
2023,1,3,12.046263601694603,12.268144585222608,12.588343285567822,286449,145327.48175272386,23.54,0.5117359219071624,11.493736398305396,0,20.15897807433055,0.331905303030303,0.3279962121212121,0.28975,15.10909090909091,3.381021925669451,-8.112714472635945,,,,,,,,,,,,False,182,,False,,,False,validation,False,,,0.5739985807105338
2023,2,1,6.197878009070473,6.345337132547717,6.692269947461015,286449,145327.48175272386,16.7,0.3711304197048187,10.502121990929528,0,52.83288384400881,0.4695708333333333,0.4539999999999999,0.3198625,11.602916666666664,-36.132883844008816,-46.63500583493834,,,,,,,,,,,,False,183,,False,,,False,validation,False,,,0.5739985807105338
2023,2,2,10.928635668892822,11.175696960151203,11.710820158694066,286449,145327.48175272386,21.7,0.5036237635434481,10.771364331107176,0,6.389013792491124,0.4232458333333333,0.4287625,0.3621958333333333,11.9775,15.310986207508876,4.539621876401698,,,,,,,,,,,,False,184,,False,,,False,validation,False,,,0.5739985807105338
2023,2,3,12.419797336972454,12.70576035810327,13.328357847222236,286449,145327.48175272386,21.440000000000005,0.579281592209536,9.02020266302755,0,13.151805255963252,0.3793020833333334,0.3946510416666666,0.3622395833333333,15.376041666666666,8.288194744036753,-0.7320079189907975,,,,,,,,,,,,False,185,,False,,,False,validation,False,,0.6131889594835415,0.5739985807105338
2023,3,1,19.82135388726527,20.30677701570756,21.376617159543784,286449,145327.48175272386,32.3,0.6136642070360766,12.478646112734726,0,5.927068133766834,0.3396041666666666,0.3658791666666666,0.3580333333333333,17.3925,26.372931866233163,13.894285753498435,,,,,,,,,,,,False,186,,False,,,False,validation,False,,0.6019691564714229,0.5739985807105338
2023,3,2,16.735223120734137,17.1486561949627,18.09132687865768,286449,145327.48175272386,29.5,0.5672956990079369,12.764776879265863,0,39.518855520395135,0.4036125,0.3805166666666666,0.3546541666666666,16.441666666666666,-10.018855520395135,-22.783632399661,,,,,,,,,,,,False,187,,False,,,False,validation,False,,0.5522058672418652,0.5739985807105338
2023,3,3,21.1765335709558,21.719349489052743,22.892840790557702,286449,145327.48175272386,34.43000000000001,0.6150605161474236,13.253466429044206,0,29.071666783552903,0.4194166666666666,0.4251969696969697,0.3695946969696969,16.59886363636364,5.358333216447104,-7.895133212597102,,,,,,,,,,,,False,188,,False,,,False,validation,False,,0.5286303396453055,0.5739985807105338
2023,4,1,28.640574583355804,29.26722891221237,30.33421496702849,286449,145327.48175272386,43.4,0.6599210733492121,14.759425416644197,0,37.10325142787053,0.3558125,0.3817291666666666,0.3660666666666666,20.18791666666667,6.2967485721294665,-8.462676844514728,,,,,,,,,,,,False,189,,False,,,False,validation,False,,,0.5739985807105338
2023,4,2,23.96549293107442,24.446376666332565,25.18280933973216,286449,145327.48175272386,41.2,0.5816867216280198,17.234507068925584,0,20.448343501225686,0.4151166666666667,0.421525,0.3736125,20.0625,20.75165649877432,3.5171494298487325,,,,,,,,,,,,False,190,,False,,,False,validation,False,,,0.5739985807105338
2023,4,3,22.27750382516068,22.69484099142313,23.178967650825182,286449,145327.48175272386,43.9,0.5074602238077603,21.62249617483932,0,5.352892613468262,0.3589,0.3853583333333333,0.3728833333333333,18.75375,38.547107386531735,16.924611211692415,,,,,,,,,,,,False,191,,False,,,False,validation,False,,,0.5739985807105338
2023,5,1,24.45758224286869,24.84779993986168,25.149000083775142,286449,145327.48175272386,53.0,0.4614638159031828,28.54241775713131,1,0.0175574316428257,0.32905,0.3546291666666666,0.3660083333333333,21.89333333333333,52.98244256835717,24.440024811225864,,,,,,,,,,,,False,192,,False,,,False,validation,False,,,0.5739985807105338
2023,5,2,22.24806246179428,22.51301565028136,22.606544035807893,286449,145327.48175272386,56.4,0.3944691925850049,34.15193753820572,1,0.3765757860508389,0.2932583333333333,0.3316041666666667,0.3583125,23.727500000000003,56.02342421394916,21.87148667574344,,,,,,,,,,,,False,193,,False,,,False,validation,False,,,0.5739985807105338
2023,5,3,21.53517777193035,21.703323345596104,21.699608637788195,286449,145327.48175272386,65.12000000000002,0.3306999043601097,43.58482222806967,1,7.88656193109659,0.2698068181818182,0.314280303030303,0.3503446969696969,25.354924242424243,57.23343806890343,13.64861584083376,,,,,,,,,,,,False,194,,False,,,False,validation,False,,,0.5739985807105338
2023,6,1,19.35827297848175,19.46064519824167,19.468183395765763,286449,145327.48175272386,61.4,0.3152813188677809,42.04172702151825,1,3.609485657398517,0.2529416666666667,0.3017583333333333,0.3424416666666667,27.18208333333333,57.79051434260148,15.748787321083231,,,,,,,,,,,,False,195,,False,,,False,validation,False,,,0.5739985807105338
2023,6,2,16.724729880934525,16.799087902175003,16.909726294625226,286449,145327.48175272386,62.2,0.2688863324909087,45.47527011906548,1,0.0007172676134639,0.2494125,0.2931625,0.335675,25.43125,62.199282732386536,16.72401261332106,,,,,,,,,,,,False,196,,False,,,False,validation,False,,,0.5739985807105338
2023,6,3,18.76216584130689,18.82339380575324,18.95867491652405,286449,145327.48175272386,65.5,0.2864452800199525,46.73783415869311,1,0.0009287916195507,0.2485666666666666,0.2869875,0.3296458333333333,26.27208333333333,65.49907120838044,18.76123704968733,,,,,,,,,,,,False,197,,False,,,False,validation,False,,,0.5739985807105338
2023,7,1,18.46388928017242,18.512163690774496,18.62386155558481,286449,145327.48175272386,65.2,0.283188485892215,46.73611071982758,1,0.0293976738301213,0.2473999999999999,0.2820083333333333,0.3238916666666667,27.25041666666667,65.17060232616988,18.4344916063423,,,,,,,,,,,,False,198,,False,,,False,validation,False,,,0.5739985807105338
2023,7,2,22.008000113015324,22.031701484843712,22.020596718407795,286449,145327.48175272386,74.7,0.294618475408505,52.69199988698468,1,0.03040846926787,0.2450999999999999,0.2781708333333333,0.3186833333333333,30.5975,74.66959153073213,21.977591643747456,,,,,,,,,,,,False,199,,False,,,False,validation,False,,,0.5739985807105338
2023,7,3,21.68748111634876,21.68618680529769,21.565052601802524,286449,145327.48175272386,78.86999999999999,0.2749775721611355,57.18251888365123,1,0.0336077088214761,0.2438825757575757,0.2748257575757575,0.3135454545454545,30.50757575757576,78.83639229117851,21.65387340752729,,,,,,,,,,,,False,200,,False,,,False,validation,False,,,0.5739985807105338
2023,8,1,16.75001988542139,16.726936239064134,16.524492262766735,286449,145327.48175272386,66.0,0.2537881800821422,49.249980114578605,1,0.0224859239128328,0.2447916666666666,0.2723833333333333,0.3090833333333333,28.776666666666664,65.97751407608716,16.72753396150856,,,,,,,,,,,,False,201,,False,,,False,validation,False,,,0.5739985807105338
2023,8,2,14.618780606212368,14.573762510917968,14.291932453295356,286449,145327.48175272386,61.7,0.2369332351087904,47.081219393787634,1,0.025194911168924,0.2474833333333333,0.2706291666666667,0.3053583333333333,30.32708333333333,61.67480508883108,14.593585695043444,,,,,,,,,,,,False,202,,False,,,False,validation,False,,,0.5739985807105338
2023,8,3,11.834830139710368,11.755630768340218,11.361080414499265,286449,145327.48175272386,63.580000000000005,0.1861407697343562,51.74516986028964,1,0.0465855478201634,0.2537651515151515,0.2693068181818182,0.302030303030303,28.42159090909091,63.53341445217984,11.788244591890203,,,,,,,,,,,,False,203,,False,,,False,validation,False,,,0.5739985807105338
2023,9,1,9.4753576451826,9.377346468305674,8.901300908361957,286449,145327.48175272386,57.8,0.1639335232730553,48.3246423548174,1,0.0166263602004619,0.2537333333333333,0.2684499999999999,0.2992166666666666,29.433333333333334,57.783373639799535,9.458731284982138,,,,,,,,,,,,False,204,,False,,,False,validation,False,,,0.5739985807105338
2023,9,2,12.075375554607549,11.967110067440828,11.259607214236988,286449,145327.48175272386,51.6,0.2340189060970455,39.524624445392455,1,0.0815550713226772,0.2464749999999999,0.2677541666666667,0.2968791666666666,27.805416666666662,51.518444928677326,11.993820483284871,,,,,,,,,,,,False,205,,False,,,False,validation,False,,,0.5739985807105338
2023,9,3,9.905924574194891,9.828555678059535,9.25565781442608,286449,145327.48175272386,46.0,0.2153461863955411,36.09407542580511,1,0.5633660127767004,0.2456958333333333,0.267,0.2947791666666666,27.964166666666664,45.4366339872233,9.34255856141819,,,,,,,,,,,,False,206,,False,,,False,validation,False,,,0.5739985807105338
2023,10,1,8.39804211299814,8.32503329085468,7.777947987601278,286449,145327.48175272386,37.8,0.2221704262697921,29.401957887001856,0,5.440169056333028,0.2523875,0.2668416666666667,0.2932666666666667,26.230416666666667,32.35983094366697,2.957873056665113,,,,,,,,,,,,False,207,,False,,,False,validation,False,,,0.5739985807105338
2023,10,2,6.142815467963919,6.089906785606896,5.693155570448915,286449,145327.48175272386,33.7,0.1822793907407691,27.55718453203608,0,0.5172193103692665,0.31515,0.2725875,0.2919666666666666,23.88125,33.18278068963074,5.625596157594653,,,,,,,,,,,,False,208,,False,,,False,validation,False,,,0.5739985807105338
2023,10,3,12.66894244629776,12.543644630580726,11.549716913196628,286449,145327.48175272386,45.10000000000001,0.2809078147737862,32.431057553702246,1,7.454880043176504,0.3094015151515151,0.2846439393939393,0.2908560606060606,26.75757575757576,37.64511995682351,5.214062403121255,,,,,,,,,,,,False,209,,False,,,False,validation,False,,,0.5739985807105338
2023,11,1,9.531504052147168,9.465492060310142,8.820637409193724,286449,145327.48175272386,28.7,0.332108155127079,19.16849594785284,0,6.085413389022534,0.2713833333333333,0.28175,0.2899333333333332,24.646666666666665,22.614586610977465,3.446090663124634,,,,,,,,,,,,False,210,,False,,,False,validation,False,,,0.5739985807105338
2023,11,2,6.922557743500137,6.909062271796561,6.551060952403748,286449,145327.48175272386,20.9,0.3312228585406764,13.97744225649986,0,99.09096240997314,0.328925,0.2949708333333333,0.2890166666666666,21.360833333333336,-78.19096240997314,-92.168404666473,,,,,,,,,,,,False,211,,False,,,False,validation,False,,,0.5739985807105338
2023,11,3,8.046790544142477,8.098268875556638,7.876694950752181,286449,145327.48175272386,23.3,0.3453558173451707,15.253209455857524,0,31.856787318449754,0.4180166666666666,0.40135,0.2925541666666666,17.60625,-8.556787318449754,-23.80999677430728,,,,,,,,,,,,False,212,,False,,,False,validation,False,,,0.5739985807105338
2023,12,1,8.63712488211276,8.729578029467776,8.66068671685197,286449,145327.48175272386,19.7,0.4384327351326274,11.06287511788724,0,33.80355769670927,0.4111916666666667,0.392325,0.296775,17.86,-14.10355769670927,-25.16643281459651,,,,,,,,,,,,False,213,,False,,,False,validation,False,,,0.5739985807105338
2023,12,2,8.595082979276869,8.727251249301966,8.81814809052503,286449,145327.48175272386,19.1,0.4500043444647575,10.504917020723132,0,21.530333436452427,0.4120125,0.3966958333333333,0.3008375,15.759166666666664,-2.4303334364524254,-12.935250457175558,,,,,,,,,,,,False,214,,False,,,False,validation,False,,,0.5739985807105338
2023,12,3,9.572386662108654,9.733745448189634,9.905371164721164,286449,145327.48175272386,18.7,0.5118923348721206,9.127613337891344,0,58.794723701477054,0.4377613636363636,0.4298598484848485,0.3137840909090909,15.48371212121212,-40.09472370147705,-49.2223370393684,,,,,,,,,,,,False,215,,False,,,False,validation,False,,,0.5739985807105338
2024,1,1,9.302570036667015,9.45680780079898,9.615005325705804,286449,145327.48175272386,16.0,0.5814106272916885,6.697429963332985,0,15.958486973322357,0.4084708333333333,0.4068458333333333,0.3252541666666667,16.117083333333333,0.0415130266776433,-6.655916936655341,,,,,,,,,,,,False,216,,False,,,False,test,False,,,0.5739985807105338
2024,1,2,7.550889997768526,7.677651455490485,7.844597101379897,286449,145327.48175272386,13.5,0.5593251850198908,5.949110002231474,0,49.58132035182073,0.4586708333333333,0.4479875,0.3484791666666666,14.28125,-36.08132035182073,-42.0304303540522,,,,,,,,,,,,False,217,,False,,,False,test,False,,,0.5739985807105338
2024,1,3,8.16352374531278,8.318987203201827,8.578162174018155,286449,145327.48175272386,13.53,0.6033646522773674,5.366476254687219,0,47.90179696083069,0.4602083333333333,0.4573219696969697,0.3825909090909091,13.261363636363637,-34.371796960830686,-39.73827321551791,,,,,,,,,,,,False,218,,False,,,False,test,False,,,0.5739985807105338
2024,2,1,9.406819569513482,9.59321439310414,9.916093205835535,286449,145327.48175272386,15.1,0.6229681834114889,5.6931804304865175,0,37.52480066372798,0.4679583333333333,0.4680416666666666,0.4294291666666667,13.269166666666669,-22.42480066372798,-28.1179810942145,,,,,,,,,,,,False,219,,False,,,False,test,False,,,0.5739985807105338
2024,2,2,12.044478565941471,12.299259725941091,12.761875127158708,286449,145327.48175272386,16.6,0.7255709979482814,4.55552143405853,0,78.14331338589008,0.4637333333333333,0.4595416666666667,0.434375,14.1625,-61.54331338589008,-66.0988348199486,,,,,,,,,,,,False,220,,False,,,False,test,False,,,0.5739985807105338
2024,2,3,16.68584199939247,17.04557271146609,17.667808830289378,286449,145327.48175272386,21.87,0.7629557384267247,5.184158000607532,0,18.211500672193672,0.4435787037037037,0.4526712962962963,0.4397129629629629,14.866203703703704,3.6584993278063287,-1.5256586728012032,,,,,,,,,,,,False,221,,False,,,False,test,False,,0.6131889594835415,0.5739985807105338
2024,3,1,20.260045959040543,20.699730809433124,21.48247304235432,286449,145327.48175272386,26.0,0.7792325368861748,5.739954040959457,0,7.405622650109804,0.4346916666666666,0.4305916666666666,0.429825,15.580416666666668,18.594377349890195,12.854423308930738,,,,,,,,,,,,False,222,,False,,,False,test,False,,0.6019691564714229,0.5739985807105338
2024,3,2,20.25802867773916,20.674551468377267,21.44509735868928,286449,145327.48175272386,28.7,0.7058546577609464,8.44197132226084,0,17.233254095224233,0.4097625,0.4127916666666666,0.41995,16.64875,11.466745904775768,3.024774582514926,,,,,,,,,,,,False,223,,False,,,False,test,False,,0.5522058672418652,0.5739985807105338
2024,3,3,29.3725009254558,29.950976450942985,30.98755691206049,286449,145327.48175272386,37.73,0.778491940775399,8.357499074544197,0,16.906342852115632,0.4110568181818182,0.4185075757575758,0.4129356060606061,18.696590909090908,20.823657147884365,12.466158073340168,,,,,,,,,,,,False,224,,False,,,False,test,False,,0.5286303396453055,0.5739985807105338
2024,4,1,27.39011933506873,27.878277180372,28.6823605442991,286449,145327.48175272386,40.6,0.6746334811593283,13.209880664931273,0,5.477445843242682,0.3564833333333333,0.3773291666666666,0.4013791666666667,20.77083333333333,35.12255415675732,21.912673491826048,,,,,,,,,,,,False,225,,False,,,False,test,False,,,0.5739985807105338
2024,4,2,25.085278510807807,25.508218903478,26.11809902222435,286449,145327.48175272386,43.7,0.5740338331992633,18.614721489192195,0,0.0035253406430666,0.3657375,0.3656416666666667,0.3919625,21.10875,43.69647465935694,25.081753170164745,,,,,,,,,,,,False,226,,False,,,False,test,False,,,0.5739985807105338
2024,4,3,25.8935277796476,26.29450593507925,26.72518161255191,286449,145327.48175272386,47.0,0.5509261229712255,21.1064722203524,0,12.94996515237368,0.3046666666666667,0.3426208333333333,0.3810208333333333,24.050416666666667,34.05003484762632,12.943562627273918,,,,,,,,,,,,False,227,,False,,,False,test,False,,,0.5739985807105338
2024,5,1,20.31228184354552,20.57422786695113,20.70982682480223,286449,145327.48175272386,50.4,0.4030214651497127,30.08771815645448,1,3.2860868429048704,0.3461458333333333,0.3352333333333333,0.37205,22.435,47.113913157095126,17.026195000640648,,,,,,,,,,,,False,228,,False,,,False,test,False,,,0.5739985807105338
2024,5,2,19.229159862473374,19.40042096822692,19.38620342999389,286449,145327.48175272386,53.3,0.3607722300651665,34.07084013752662,1,0.0891552893015054,0.3307833333333334,0.3357833333333334,0.3640833333333333,23.54375,53.21084471069849,19.14000457317187,,,,,,,,,,,,False,229,,False,,,False,test,False,,,0.5739985807105338
2024,5,3,19.560556182695155,19.68968340665109,19.649988620938664,286449,145327.48175272386,64.13000000000001,0.3050141304022322,44.56944381730486,1,0.2283167268328655,0.2855946969696969,0.3192310606060606,0.355155303030303,24.682954545454542,63.90168327316714,19.33223945586229,,,,,,,,,,,,False,230,,False,,,False,test,False,,,0.5739985807105338
2024,6,1,22.94940880637516,23.05673048010424,23.00230980049547,286449,145327.48175272386,72.2,0.3178588477337279,49.25059119362484,1,0.0052742017424092,0.2578166666666667,0.3056666666666666,0.346425,29.745833333333334,72.1947257982576,22.94413460463275,,,,,,,,,,,,False,231,,False,,,False,test,False,,,0.5739985807105338
2024,6,2,22.17498432729972,22.253783702515783,22.29977141352609,286449,145327.48175272386,72.6,0.3054405554724479,50.42501567270028,1,0.0006180878674898,0.2477875,0.295425,0.3384666666666666,29.9525,72.5993819121325,22.174366239432228,,,,,,,,,,,,False,232,,False,,,False,test,False,,,0.5739985807105338
2024,6,3,18.35315552529645,18.41395924913014,18.572579197434088,286449,145327.48175272386,68.2,0.269107852277074,49.84684447470355,1,0.0008071399723681,0.2482916666666666,0.2881625,0.3314916666666667,28.63791666666667,68.19919286002764,18.35234838532408,,,,,,,,,,,,False,233,,False,,,False,test,False,,,0.5739985807105338
2024,7,1,16.6867153782545,16.71620441300706,16.929581004583696,286449,145327.48175272386,70.7,0.2360214339215629,54.0132846217455,1,0.0293976864961083,0.24625,0.2828708333333333,0.3254083333333333,29.785416666666663,70.67060231350389,16.657317691758394,,,,,,,,,,,,False,234,,False,,,False,test,False,,,0.5739985807105338
2024,7,2,15.1441590052579,15.141890634172883,15.313582344986058,286449,145327.48175272386,72.3,0.2094627801557109,57.1558409947421,1,0.0304084922809404,0.2465583333333333,0.2786916666666667,0.3199125,30.63833333333333,72.26959150771906,15.113750512976958,,,,,,,,,,,,False,235,,False,,,False,test,False,,,0.5739985807105338
2024,7,3,16.30981879572797,16.28665929610695,16.30541304748928,286449,145327.48175272386,75.68,0.2155102906412258,59.37018120427204,1,0.0336076917426768,0.2467007575757576,0.2754810606060606,0.3148522727272727,30.4375,75.64639230825733,16.276211103985293,,,,,,,,,,,,False,236,,False,,,False,test,False,,,0.5739985807105338
2024,8,1,15.101255856088311,15.06316671200905,14.884833107938292,286449,145327.48175272386,66.4,0.2274285520495227,51.29874414391169,1,0.0225197006677402,0.2456749999999999,0.272975,0.3103583333333333,29.254583333333336,66.37748029933226,15.078736155420572,,,,,,,,,,,,False,237,,False,,,False,test,False,,,0.5739985807105338
2024,8,2,15.642710137163174,15.602349690001288,15.270079107675,286449,145327.48175272386,63.0,0.2482969863041773,47.35728986283682,1,0.0252322711612438,0.24575,0.2711,0.3065375,29.771666666666665,62.97476772883876,15.61747786600193,,,,,,,,,,,,False,238,,False,,,False,test,False,,,0.5739985807105338
2024,8,3,16.281157197372995,16.225216557869693,15.701418179981882,286449,145327.48175272386,65.45000000000002,0.2487571764304506,49.16884280262703,1,0.0465144038003367,0.2445340909090909,0.2695795454545455,0.3030075757575757,29.35151515151515,65.40348559619969,16.234642793572657,,,,,,,,,,,,False,239,,False,,,False,test,False,,,0.5739985807105338
2024,9,1,12.768574808283518,12.700146050201177,12.108620462678171,286449,145327.48175272386,54.4,0.2347164486816823,41.63142519171648,1,0.0177436692261835,0.2455708333333333,0.26855,0.3001125,28.5125,54.38225633077381,12.750831139057334,,,,,,,,,,,,False,240,,False,,,False,test,False,,,0.5739985807105338
2024,9,2,12.146360189813704,12.080477956442676,11.390799095228408,286449,145327.48175272386,52.8,0.2300447005646535,40.65363981018629,1,0.1805234717858883,0.2464624999999999,0.2679708333333333,0.2978208333333333,28.227916666666665,52.61947652821411,11.965836718027816,,,,,,,,,,,,False,241,,False,,,False,test,False,,,0.5739985807105338
2024,9,3,11.562268373959126,11.506171336932086,10.855068994817907,286449,145327.48175272386,45.8,0.2524512745405923,34.23773162604087,1,0.6778715301878178,0.2526083333333333,0.2670291666666667,0.296,26.89125,45.12212846981218,10.88439684377131,,,,,,,,,,,,False,242,,False,,,False,test,False,,,0.5739985807105338
2024,10,1,11.16861136704695,11.133492747605208,10.520530895077613,286449,145327.48175272386,39.5,0.2827496548619481,28.33138863295305,0,0.9661699938910224,0.2543208333333333,0.267,0.2943583333333333,25.91375,38.53383000610898,10.202441373155928,,,,,,,,,,,,False,243,,False,,,False,test,False,,,0.5739985807105338
2024,10,2,9.920468880962014,9.87574993914575,9.269097741661382,286449,145327.48175272386,34.9,0.284254122663668,24.979531119037983,0,0.3617314866157987,0.2521041666666667,0.26665,0.2927916666666667,24.65333333333333,34.5382685133842,9.558737394346217,,,,,,,,,,,,False,244,,False,,,False,test,False,,,0.5739985807105338
2024,10,3,11.088153637601078,11.02962669377751,10.17007310326814,286449,145327.48175272386,40.48,0.2739168388735444,29.39184636239892,1,1.1872618567485076,0.2471590909090909,0.266,0.2914924242424242,21.706439393939394,39.29273814325149,9.90089178085257,,,,,,,,,,,,False,245,,False,,,False,test,False,,,0.5739985807105338
2024,11,1,8.555114690811239,8.520074743338249,7.893832952355877,286449,145327.48175272386,30.0,0.2851704896937079,21.444885309188763,0,8.925095107005193,0.2627541666666667,0.266,0.2904416666666666,21.81,21.07490489299481,-0.3699804161939539,,,,,,,,,,,,False,246,,False,,,False,test,False,,,0.5739985807105338
2024,11,2,5.849382408839004,5.836230472944917,5.465095683186328,286449,145327.48175272386,20.0,0.2924691204419501,14.150617591160996,0,13.764696572377131,0.2890791666666666,0.266675,0.2896374999999999,19.75208333333333,6.235303427622869,-7.915314163538127,,,,,,,,,,,,False,247,,False,,,False,test,False,,,0.5739985807105338
2024,11,3,5.020605410637098,5.02512206646716,4.725504745263712,286449,145327.48175272386,18.8,0.2670534792892073,13.779394589362902,0,5.619600390012447,0.3506541666666666,0.2775166666666667,0.289,16.130833333333335,13.180399609987552,-0.5989949793753491,,,,,,,,,,,,False,248,,False,,,False,test,False,,,0.5739985807105338
2024,12,1,6.380380242706564,6.414145391543407,6.12089950572663,286449,145327.48175272386,20.5,0.3112380606198324,14.119619757293435,0,4.769092554770984,0.3192666666666666,0.2844583333333333,0.289,16.066666666666666,15.730907445229017,1.6112876879355795,,,,,,,,,,,,False,249,,False,,,False,test,False,,,0.5739985807105338
2024,12,2,6.878311934391227,6.944636950700898,6.731967399499743,286449,145327.48175272386,20.1,0.3422045738503098,13.221688065608774,0,9.72407356775724,0.2954708333333333,0.2837375,0.2880458333333333,14.568333333333332,10.375926432242762,-2.8457616333660125,,,,,,,,,,,,False,250,,False,,,False,test,False,,,0.5739985807105338
2024,12,3,4.716202517147987,4.766939675879302,4.667835132533604,286449,145327.48175272386,16.060000000000002,0.2936614269706093,11.343797482852017,0,117.4760509124169,0.3137386363636363,0.2836363636363636,0.288,14.511363636363637,-101.41605091241688,-112.7598483952689,,,,,,,,,,,,False,251,,False,,,False,test,False,,,0.5739985807105338
