year,month,dekad,agricultural_aeti_weighted_mm,aeti_crop50_mm,aeti_crop90_mm,mixed_agricultural_pixels,crop_equivalent_pixel_weight,ret_mean_mm_dekad,aeti_ret_ratio,ret_minus_aeti_mm,high_demand_low_actual_et
2018,1,1,4.616992538736199,4.731546843454231,5.065416422322486,286449,145327.48175272386,10.4,0.4439415902630961,5.783007461263801,0
2018,1,2,6.981605092233993,7.16214436060081,7.632562203047022,286449,145327.48175272386,13.3,0.5249327137018039,6.318394907766008,0
2018,1,3,6.39358158466483,6.561600238332723,7.009210465563769,286449,145327.48175272386,12.43,0.5143669818716677,6.03641841533517,0
2018,2,1,14.346429398681998,14.649543951087502,15.18600476321553,286449,145327.48175272386,21.0,0.6831633046991428,6.653570601318002,0
2018,2,2,12.108389829132,12.425220865132662,13.17482676496284,286449,145327.48175272386,15.8,0.766353786653924,3.6916101708680014,0
2018,2,3,11.04031715759985,11.30808857560062,11.930164994894392,286449,145327.48175272386,16.56,0.6666858186956431,5.519682842400149,0
2018,3,1,21.44613004392621,21.93824367473761,22.935181971588257,286449,145327.48175272386,28.8,0.7446572931918823,7.35386995607379,0
2018,3,2,21.146125142443047,21.66517275447816,22.80975860789641,286449,145327.48175272386,30.9,0.6843406194965388,9.753874857556951,0
2018,3,3,26.803109419147173,27.473381586994275,28.96158066440559,286449,145327.48175272386,37.40000000000001,0.7166606796563413,10.59689058085284,0
2018,4,1,23.140201271031955,23.68861953922593,24.917756740907404,286449,145327.48175272386,38.8,0.5963969399750504,15.659798728968042,0
2018,4,2,23.156653826721627,23.6391056572975,24.66558157904185,286449,145327.48175272386,44.3,0.5227235626799465,21.14334617327837,0
2018,4,3,16.63025744054426,16.95361474247913,17.602654475388057,286449,145327.48175272386,42.0,0.39595851048914904,25.36974255945574,1
2018,5,1,19.471430275668578,19.76739357665488,20.264645690965448,286449,145327.48175272386,49.0,0.39737612807486894,29.528569724331422,1
2018,5,2,17.491384489773445,17.651985280430704,17.849216702370835,286449,145327.48175272386,57.9,0.30209645060057766,40.408615510226554,1
2018,5,3,17.460505231829423,17.539659777373835,17.594233861837765,286449,145327.48175272386,63.14000000000001,0.2765363514702157,45.679494768170585,1
2018,6,1,14.733012959941048,14.753246753246753,14.776368227676915,286449,145327.48175272386,59.6,0.24719820402585652,44.86698704005895,1
2018,6,2,14.789297404796146,14.78523461103395,14.777876180331988,286449,145327.48175272386,62.3,0.23738840136109385,47.51070259520385,1
2018,6,3,15.47139147794987,15.45718008562551,15.438287635985017,286449,145327.48175272386,64.6,0.23949522411687107,49.12860852205012,1
2018,7,1,16.19695684778496,16.16202265209983,16.061407183120505,286449,145327.48175272386,66.6,0.24319755026704148,50.403043152215034,1
2018,7,2,14.63680196807222,14.58777330717794,14.432997833814044,286449,145327.48175272386,65.1,0.2248356677123229,50.463198031927774,1
2018,7,3,15.102963285230402,15.025098416272844,14.75312777672486,286449,145327.48175272386,70.72999999999999,0.2135298075106801,55.62703671476959,1
2018,8,1,12.456570293217682,12.375742779822165,12.05736204028388,286449,145327.48175272386,61.0,0.20420607038061775,48.54342970678232,1
2018,8,2,12.39254654738911,12.297398301808444,11.8805725432938,286449,145327.48175272386,59.3,0.2089805488598501,46.90745345261089,1
2018,8,3,13.577772897801074,13.477555489036218,12.980215865116737,286449,145327.48175272386,61.05,0.22240414247012408,47.47222710219892,1
2018,9,1,11.877868488659193,11.777080141468234,11.281640078030566,286449,145327.48175272386,52.2,0.22754537334596153,40.322131511340814,1
2018,9,2,11.628533238691258,11.53383496327267,11.035173594073507,286449,145327.48175272386,48.0,0.24226110913940122,36.37146676130874,1
2018,9,3,10.675001074890297,10.569216340440155,10.061203729190852,286449,145327.48175272386,44.8,0.238281273993087,34.1249989251097,1
2018,10,1,9.52331854221186,9.429695442374603,8.939239082303098,286449,145327.48175272386,36.1,0.2638038377344005,26.57668145778814,0
2018,10,2,8.081971541279753,8.022272655679492,7.637852005217995,286449,145327.48175272386,30.6,0.26411671703528605,22.51802845872025,0
2018,10,3,9.719705621510077,9.657056203916255,9.145374988103445,286449,145327.48175272386,39.16,0.24820494436951168,29.44029437848992,0
2018,11,1,7.505103032293929,7.487370953192342,7.210311523869933,286449,145327.48175272386,27.0,0.27796677897384925,19.49489696770607,0
2018,11,2,6.814938375715292,6.837712452927447,6.727144344579149,286449,145327.48175272386,20.3,0.33571125003523605,13.485061624284707,0
2018,11,3,6.537064923651736,6.5814659430976965,6.5428270521919165,286449,145327.48175272386,16.1,0.40602887724544945,9.562935076348264,0
2018,12,1,5.520517036854961,5.583892953793725,5.62486685735486,286449,145327.48175272386,12.8,0.43129039350429377,7.27948296314504,0
2018,12,2,6.470858963053042,6.570483540715073,6.69270079107675,286449,145327.48175272386,12.4,0.5218434647623421,5.929141036946958,0
2018,12,3,4.596506225455502,4.669806264800358,4.780287701570524,286449,145327.48175272386,10.23,0.44931634657434033,5.633493774544498,0
2019,1,1,6.6295955131943805,6.77300648634717,7.050037698816377,286449,145327.48175272386,12.2,0.5434094682946213,5.570404486805619,0
2019,1,2,7.518411922028166,7.693308896175489,8.04319207247747,286449,145327.48175272386,13.6,0.5528244060314829,6.081588077971833,0
2019,1,3,11.287536413236095,11.532312171792114,11.958308702543436,286449,145327.48175272386,17.710000000000004,0.6373538347394745,6.422463586763909,0
2019,2,1,12.211048140276729,12.522852560890048,13.170506360927272,286449,145327.48175272386,17.8,0.6860139404649848,5.588951859723272,0
2019,2,2,9.765755953432151,10.005211987571414,10.509903419222804,286449,145327.48175272386,16.2,0.6028244415698859,6.434244046567848,0
2019,2,3,10.666507332692154,10.925723437492165,11.43983625907126,286449,145327.48175272386,15.84,0.673390614437636,5.173492667307846,0
2019,3,1,13.75748044890447,14.08108649894758,14.73638354656103,286449,145327.48175272386,20.8,0.6614173292742533,7.0425195510955305,0
2019,3,2,17.914604029207872,18.308237517719327,19.050109506085665,286449,145327.48175272386,24.3,0.7372265032595832,6.385395970792128,0
2019,3,3,18.501278138690537,18.92505121240894,19.82099767015857,286449,145327.48175272386,26.51,0.6978980814292922,8.008721861309464,0
2019,4,1,22.420555560306735,22.87943699079311,23.75404813480618,286449,145327.48175272386,32.3,0.6941348470683201,9.879444439693263,0
2019,4,2,21.77147441324585,22.228067412190896,23.070646385102386,286449,145327.48175272386,34.8,0.6256170808403981,13.028525586754146,0
2019,4,3,25.788988550168195,26.25254513953521,27.04641143171727,286449,145327.48175272386,42.3,0.6096687600512576,16.511011449831802,0
2019,5,1,24.59427694665988,25.004739472214663,25.655289203777063,286449,145327.48175272386,48.0,0.5123807697220808,23.40572305334012,0
2019,5,2,27.635183956617208,27.99631294835264,28.52322366767596,286449,145327.48175272386,60.4,0.4575361582221392,32.764816043382794,1
2019,5,3,28.67624082119748,28.97383835864512,29.365775419866317,286449,145327.48175272386,71.50000000000001,0.4010663051915731,42.82375917880253,1
2019,6,1,20.22760163481112,20.36566245221152,20.50502052491114,286449,145327.48175272386,63.6,0.31804405086181003,43.372398365188886,1
2019,6,2,17.127114873159698,17.20902361144919,17.29336859868114,286449,145327.48175272386,61.9,0.27669006257123907,44.7728851268403,1
2019,6,3,18.78021579495348,18.856584429903062,18.98798425027227,286449,145327.48175272386,66.0,0.28454872416596183,47.21978420504652,1
2019,7,1,19.83108143575,19.90659230515901,20.070574577833096,286449,145327.48175272386,66.9,0.2964287210127055,47.068918564250005,1
2019,7,2,19.73385523869516,19.80399203883217,19.93416470193999,286449,145327.48175272386,66.3,0.2976448753951005,46.56614476130484,1
2019,7,3,20.0493258071256,20.09881084565265,20.106907873943097,286449,145327.48175272386,72.82000000000001,0.2753271876836803,52.77067419287441,1
2019,8,1,16.960432301566644,16.991401652371884,16.897507090967842,286449,145327.48175272386,61.0,0.2780398737961745,44.03956769843336,1
2019,8,2,17.010546950796847,17.012321195893414,16.730698804408966,286449,145327.48175272386,61.9,0.2748068974280589,44.889453049203155,1
2019,8,3,17.9766511095372,17.96015121772371,17.547459836453115,286449,145327.48175272386,64.46000000000001,0.27888071842285445,46.48334889046281,1
2019,9,1,14.454358013082112,14.42701069602944,13.978194525892505,286449,145327.48175272386,51.7,0.2795813929029422,37.24564198691789,1
2019,9,2,14.102024875816614,14.070898781483123,13.577689481431836,286449,145327.48175272386,48.5,0.2907633995013735,34.39797512418339,1
2019,9,3,13.372123660080089,13.340855395982189,12.85411156456072,286449,145327.48175272386,44.1,0.3032227587319748,30.727876339919913,1
2019,10,1,12.124227694567974,12.089219490542533,11.638833371231614,286449,145327.48175272386,38.8,0.3124800952208241,26.675772305432023,0
2019,10,2,11.70251576028681,11.666189378427529,11.21339923644937,286449,145327.48175272386,37.1,0.3154316916519356,25.397484239713194,0
2019,10,3,9.029570187191052,8.994873176074014,8.620104806757059,286449,145327.48175272386,30.910000000000004,0.2921245612161453,21.880429812808952,0
2019,11,1,10.08431360792234,10.057439253139364,9.652644302691575,286449,145327.48175272386,32.6,0.30933477324915154,22.51568639207766,0
2019,11,2,9.403252137892483,9.399332751041682,9.087556997019998,286449,145327.48175272386,31.0,0.303330714125564,21.596747862107517,0
2019,11,3,7.267470691586459,7.289637595040021,7.134435175987649,286449,145327.48175272386,21.5,0.33802189263192833,14.232529308413541,0
2019,12,1,4.063699064252183,4.085238906628102,4.039853034455521,286449,145327.48175272386,13.5,0.3010147455001617,9.436300935747816,0
2019,12,2,5.318981037790847,5.380331906241499,5.428318393432028,286449,145327.48175272386,15.5,0.34316006695424817,10.181018962209153,0
2019,12,3,5.72472528879431,5.808536766112712,5.935197518074931,286449,145327.48175272386,14.85,0.3855033864507953,9.125274711205691,0
2020,1,1,4.1755675611957175,4.254678617964175,4.428079035867731,286449,145327.48175272386,9.6,0.4349549542912206,5.424432438804282,0
2020,1,2,6.004543126334429,6.125703403542433,6.401881350455378,286449,145327.48175272386,11.2,0.5361199219941455,5.19545687366557,0
2020,1,3,7.099930562212365,7.261521481411412,7.634953368551428,286449,145327.48175272386,13.420000000000002,0.5290559286298334,6.3200694377876365,0
2020,2,1,7.874483963441976,8.052850126720028,8.443673181181708,286449,145327.48175272386,15.3,0.5146721544733317,7.425516036558025,0
2020,2,2,10.830761245463574,11.079869413937772,11.577545866893258,286449,145327.48175272386,18.1,0.5983845991968825,7.269238754536428,0
2020,2,3,10.646827749597389,10.893332579932204,11.399540507181522,286449,145327.48175272386,17.19,0.619361707364595,6.543172250402613,0
2020,3,1,18.39022251491694,18.81292687466888,19.654726713500963,286449,145327.48175272386,26.5,0.6939706609402618,8.109777485083061,0
2020,3,2,16.45820126570929,16.864989475794328,17.739543066409755,286449,145327.48175272386,22.4,0.7347411279334506,5.941798734290707,0
2020,3,3,24.327526507782373,24.888399710497527,25.988643629563747,286449,145327.48175272386,32.34,0.7522426254725532,8.01247349221763,0
2020,4,1,21.840886141890863,22.332901387476912,23.27613485405173,286449,145327.48175272386,32.0,0.6825276919340895,10.159113858109137,0
2020,4,2,25.434033831194185,25.957538051804864,26.882942183180344,286449,145327.48175272386,40.1,0.6342651828227976,14.665966168805816,0
2020,4,3,23.42632449389191,23.880238835034863,24.5876347882284,286449,145327.48175272386,40.4,0.5798595171755424,16.973675506108087,0
2020,5,1,21.937078849911803,22.302617448703447,22.78879088526395,286449,145327.48175272386,44.6,0.4918627544823274,22.6629211500882,1
2020,5,2,32.71952079183168,33.15592290840362,33.61431118876934,286449,145327.48175272386,68.7,0.4762666781926008,35.980479208168326,1
2020,5,3,23.05214688385649,23.31985350827137,23.575270761663948,286449,145327.48175272386,59.95000000000001,0.38452288380077543,36.89785311614352,1
2020,6,1,20.90843409746529,21.052069760449037,21.107208253048817,286449,145327.48175272386,62.1,0.33668976002359563,41.19156590253471,1
2020,6,2,19.20916484234676,19.311781382894942,19.362339480833445,286449,145327.48175272386,64.0,0.3001432006616681,44.79083515765324,1
2020,6,3,18.35111511691707,18.408947722619168,18.41554866737676,286449,145327.48175272386,65.0,0.28232484795257035,46.64888488308293,1
2020,7,1,18.16951436746716,18.206582282105988,18.188601792788155,286449,145327.48175272386,66.0,0.27529567223435086,47.83048563253284,1
2020,7,2,21.945834330441176,21.977118801815603,22.005672774273847,286449,145327.48175272386,64.6,0.339718797684848,42.65416566955882,1
2020,7,3,18.915309370494715,18.9068672287295,18.712243147193227,286449,145327.48175272386,69.19000000000001,0.27338212704863,50.2746906295053,1
2020,8,1,15.620018210153024,15.593593837254256,15.299831252917173,286449,145327.48175272386,63.1,0.2475438702084473,47.479981789846974,1
2020,8,2,15.439117794174392,15.39342630908232,14.946683102552749,286449,145327.48175272386,60.0,0.25731862990290655,44.56088220582561,1
2020,8,3,17.95076671814745,17.87706727560232,17.220897138373406,286449,145327.48175272386,66.22,0.271077721506304,48.26923328185255,1
2020,9,1,17.116033951429205,17.02913844699953,16.310674150579842,286449,145327.48175272386,57.7,0.2966383700421006,40.5839660485708,1
2020,9,2,14.534635363075283,14.4439138590186,13.712352047105568,286449,145327.48175272386,51.2,0.2838795969350641,36.66536463692472,1
2020,9,3,11.86683630183686,11.77971477254829,11.117787857390764,286449,145327.48175272386,48.3,0.2456901925846141,36.433163698163135,1
2020,10,1,12.667547006741598,12.584114892824926,11.867754945725672,286449,145327.48175272386,45.6,0.2777970834811754,32.9324529932584,1
2020,10,2,11.17887332414967,11.13571213791721,10.619876252139258,286449,145327.48175272386,36.9,0.30295049658942197,25.72112667585033,0
2020,10,3,14.650035938128132,14.657197975517846,14.165141148188386,286449,145327.48175272386,39.49,0.3709809049918494,24.839964061871868,0
2020,11,1,8.547760099445481,8.584558770887327,8.423124334286774,286449,145327.48175272386,25.3,0.3378561304128649,16.75223990055452,0
2020,11,2,9.45390665668332,9.531923423874913,9.469954641741566,286449,145327.48175272386,23.8,0.3972229687682067,14.346093343316682,0
2020,11,3,7.319605323321719,7.401351680293246,7.427803774668789,286449,145327.48175272386,17.1,0.42804709493109466,9.780394676678283,0
2020,12,1,8.3933725170036,8.516101318747404,8.630036980743684,286449,145327.48175272386,17.8,0.4715377818541348,9.4066274829964,0
2020,12,2,9.27027759178886,9.423094546027292,9.592912622521151,286449,145327.48175272386,17.7,0.523744496711235,8.42972240821114,0
2020,12,3,10.973147729445046,11.213222554482966,11.612815211713688,286449,145327.48175272386,22.22000000000001,0.49384103192821965,11.246852270554964,0
2021,1,1,13.974678556735032,14.290718652901674,14.822085522457725,286449,145327.48175272386,24.3,0.5750896525405362,10.325321443264968,0
2021,1,2,9.566672713986376,9.79439138590186,10.287157269887622,286449,145327.48175272386,18.2,0.5256413579113394,8.633327286013623,0
2021,1,3,11.00115639088697,11.275098440773062,11.839971523115308,286449,145327.48175272386,20.46,0.5376909281958441,9.45884360911303,0
2021,2,1,15.740118960984004,16.09368690846089,16.79618703400074,286449,145327.48175272386,24.5,0.6424538351422042,8.759881039015996,0
2021,2,2,11.265154355238463,11.524270106960294,12.118948741577606,286449,145327.48175272386,18.5,0.6089272624453224,7.234845644761537,0
2021,2,3,14.86590326227649,15.220103343241924,15.959318755666889,286449,145327.48175272386,22.160000000000004,0.6708440100305274,7.294096737723514,0
2021,3,1,16.16060076058561,16.52232993026819,17.324281628110153,286449,145327.48175272386,23.7,0.6818818886323043,7.53939923941439,0
2021,3,2,20.118103906938508,20.576189521614,21.61865552856134,286449,145327.48175272386,29.7,0.6773772359238555,9.581896093061491,0
2021,3,3,21.977915454620625,22.47286185213281,23.56193494059444,286449,145327.48175272386,35.2,0.6243725981426314,13.222084545379378,0
2021,4,1,21.91509260595716,22.376437234210112,23.31588017760331,286449,145327.48175272386,38.1,0.5751992809962508,16.184907394042842,0
2021,4,2,26.252358631430813,26.740009163934197,27.62388549134124,286449,145327.48175272386,50.0,0.5250471726286162,23.747641368569187,0
2021,4,3,22.911439198019,23.271839516602476,23.83453211580119,286449,145327.48175272386,52.3,0.43807723131967496,29.388560801980997,1
2021,5,1,25.2827674558744,25.599213906270137,25.95740632143327,286449,145327.48175272386,61.1,0.4137932480503175,35.8172325441256,1
2021,5,2,19.186241886806123,19.364201950199742,19.49523080053137,286449,145327.48175272386,59.7,0.32137758604365363,40.51375811319388,1
2021,5,3,19.782227060910472,19.905685931469343,19.921628344071404,286449,145327.48175272386,69.74000000000001,0.28365682622469846,49.95777293908954,1
2021,6,1,16.387700962476575,16.45967868955741,16.454300657036512,286449,145327.48175272386,64.0,0.2560578275386965,47.61229903752343,1
2021,6,2,14.592612511632996,14.633814917166626,14.636595378005431,286449,145327.48175272386,63.5,0.22980492144303932,48.90738748836701,1
2021,6,3,18.090550677550315,18.10789100645771,18.045789102050097,286449,145327.48175272386,69.4,0.26067075904251175,51.309449322449694,1
2021,7,1,17.976878601961992,17.972286258394305,17.862524982945775,286449,145327.48175272386,70.9,0.2535525895904371,52.92312139803801,1
2021,7,2,17.687570595195098,17.658664929337476,17.463719377191616,286449,145327.48175272386,71.0,0.24912071260838164,53.3124294048049,1
2021,7,3,16.90324476276167,16.85582769038104,16.54902521765877,286449,145327.48175272386,71.72,0.23568383662523243,54.816755237238326,1
2021,8,1,16.907079670100604,16.829600939303255,16.314073027992865,286449,145327.48175272386,70.7,0.23913832630976808,53.7929203298994,1
2021,8,2,15.874441013945242,15.807528744684202,15.267948825352754,286449,145327.48175272386,65.1,0.2438470201834907,49.22555898605475,1
2021,8,3,17.968366393931838,17.914868488129674,17.29939802200833,286449,145327.48175272386,67.65,0.2656077811372038,49.68163360606817,1
2021,9,1,15.743701028590683,15.731790260456192,15.235827040224038,286449,145327.48175272386,56.0,0.2811375183676908,40.256298971409315,1
2021,9,2,15.64005979326504,15.669318002835093,15.28501501968716,286449,145327.48175272386,50.2,0.311554975961455,34.559940206734964,1
2021,9,3,15.636660816978347,15.699129426251808,15.44031020740333,286449,145327.48175272386,47.9,0.3264438583920323,32.26333918302165,1
2021,10,1,14.488217426480618,14.54618479646043,14.329750948454349,286449,145327.48175272386,42.0,0.3449575577733481,27.511782573519383,1
2021,10,2,11.869709133080356,11.895581265482038,11.647282693251311,286449,145327.48175272386,33.5,0.35431967561433897,21.630290866919644,0
2021,10,3,11.139919036179062,11.15032285888006,10.876238944470368,286449,145327.48175272386,34.980000000000004,0.3184653812515455,23.84008096382094,0
2021,11,1,9.932685913072625,9.933088961754894,9.65975322235121,286449,145327.48175272386,33.7,0.2947384543938464,23.767314086927378,0
2021,11,2,8.485023616919058,8.494995632812612,8.297928360281006,286449,145327.48175272386,28.8,0.2946188755874673,20.314976383080943,0
2021,11,3,7.401182366831503,7.423008634144246,7.327776248548894,286449,145327.48175272386,23.7,0.31228617581567525,16.298817633168497,0
2021,12,1,6.012657615181772,6.051819184123484,6.0603659777158105,286449,145327.48175272386,21.6,0.2783637784806376,15.587342384818228,0
2021,12,2,5.944674942834253,6.000014318647175,6.0507557715092695,286449,145327.48175272386,20.2,0.29429083875417095,14.255325057165745,0
2021,12,3,5.184829744839464,5.263828938726717,5.398342435986582,286449,145327.48175272386,15.510000000000002,0.33428947419983646,10.325170255160538,0
2022,1,1,7.422390971597366,7.553057747104053,7.740883468769821,286449,145327.48175272386,16.8,0.4418089864046051,9.377609028402635,0
2022,1,2,5.710372780955314,5.82498317558957,6.042378256758859,286449,145327.48175272386,15.1,0.3781703828447228,9.389627219044685,0
2022,1,3,6.050130389775741,6.19103006364796,6.505056406686157,286449,145327.48175272386,14.52,0.41667564667877005,8.469869610224258,0
2022,2,1,8.59182600702581,8.783681037815548,9.15846667544311,286449,145327.48175272386,16.6,0.5175798799413138,8.008173992974191,0
2022,2,2,11.432132110880453,11.674701814172597,12.105389135560156,286449,145327.48175272386,19.2,0.5954235474416902,7.767867889119547,0
2022,2,3,10.852565074691611,11.093812884115987,11.533597384487893,286449,145327.48175272386,16.16,0.6715696209586393,5.307434925308389,0
2022,3,1,16.82545314349699,17.212273944357737,17.98513589525713,286449,145327.48175272386,22.9,0.7347359451308729,6.074546856503009,0
2022,3,2,12.492111265189545,12.828885006944544,13.560048828943115,286449,145327.48175272386,20.1,0.6214980728950021,7.607888734810457,0
2022,3,3,21.63358317664172,22.17415336230467,23.356000023971777,286449,145327.48175272386,30.690000000000005,0.7049065877041941,9.056416823358283,0
2022,4,1,32.60104877052538,33.29193573791148,34.642591284991084,286449,145327.48175272386,44.2,0.7375802889259135,11.598951229474622,0
2022,4,2,27.454968531754947,28.062815905153283,29.314611582512537,286449,145327.48175272386,45.6,0.6020826432402401,18.145031468245055,0
2022,4,3,27.14264049232856,27.65098297512851,28.61322211185179,286449,145327.48175272386,50.7,0.5353578006376442,23.557359507671443,0
2022,5,1,19.6215041865457,19.962757198699865,20.523295474945247,286449,145327.48175272386,49.3,0.398002113317357,29.678495813454298,1
2022,5,2,19.901596247897107,20.13482438179241,20.378603827327453,286449,145327.48175272386,58.5,0.3401982264597796,38.5984037521029,1
2022,5,3,21.678080782350182,21.825885955056595,21.84449895525914,286449,145327.48175272386,71.72,0.30225991051798917,50.04191921764982,1
2022,6,1,16.27685272393554,16.326794484457107,16.267948825352754,286449,145327.48175272386,66.1,0.24624588084622606,49.823147276064454,1
2022,6,2,16.664633378385467,16.714994487320837,16.724870447718324,286449,145327.48175272386,64.9,0.2567740119936127,48.23536662161454,1
2022,6,3,16.524132545136318,16.553007631838945,16.560635254975644,286449,145327.48175272386,66.2,0.24960925294767852,49.675867454863685,1
2022,7,1,16.74091597527748,16.74608027033606,16.726222817956604,286449,145327.48175272386,67.3,0.24875060884513345,50.559084024722516,1
2022,7,2,16.651100918852656,16.642499176677788,16.627810955395717,286449,145327.48175272386,67.9,0.24522976316425116,51.24889908114735,1
2022,7,3,17.41894327283321,17.37831941165268,17.33158561309309,286449,145327.48175272386,75.46000000000001,0.23083677806564018,58.0410567271668,1
2022,8,1,13.170304987910423,13.117276879680407,13.058702442643945,286449,145327.48175272386,63.8,0.2064311126631728,50.62969501208957,1
2022,8,2,12.708967812525954,12.645942811323186,12.479181875845232,286449,145327.48175272386,61.1,0.20800274652251968,48.391032187474046,1
2022,8,3,16.830268948542226,16.742148370934586,16.307703724750013,286449,145327.48175272386,67.21,0.2504131669177537,50.37973105145777,1
2022,9,1,14.082278454803545,14.01108979223643,13.536208815539092,286449,145327.48175272386,54.9,0.2565078042769316,40.817721545196456,1
2022,9,2,12.71422428770921,12.641940749437993,12.082925428150842,286449,145327.48175272386,50.6,0.2512692546978105,37.885775712290794,1
2022,9,3,12.859833911041788,12.76441529804264,12.016527639814738,286449,145327.48175272386,49.8,0.25822959660726486,36.94016608895821,1
2022,10,1,11.06010397194824,10.977247669640173,10.306006678076043,286449,145327.48175272386,41.7,0.26523031107789546,30.639896028051762,1
2022,10,2,9.916840267627853,9.84587408181675,9.206972485847984,286449,145327.48175272386,34.5,0.28744464543848847,24.583159732372145,0
2022,10,3,10.787891025249312,10.71460068197782,9.961228810013306,286449,145327.48175272386,34.760000000000005,0.31035359681384667,23.972108974750693,0
2022,11,1,7.363107740982992,7.318546943684761,6.816556362722453,286449,145327.48175272386,24.3,0.30300854901164576,16.936892259017007,0
2022,11,2,7.979589076103253,7.947536476753676,7.431956628409349,286449,145327.48175272386,25.7,0.31048984731919277,17.720410923896747,0
2022,11,3,6.045345769964076,6.033806325978322,5.711909235611619,286449,145327.48175272386,21.5,0.2811788730215849,15.454654230035924,0
2022,12,1,6.046168293409608,6.0609902776385685,5.840779348229352,286449,145327.48175272386,17.8,0.33967237603424766,11.753831706590393,0
2022,12,2,7.42898729069926,7.477476767994959,7.324880022020896,286449,145327.48175272386,19.2,0.3869264213905865,11.77101270930074,0
2022,12,3,5.944823579703871,6.014474700091025,6.017068568369353,286449,145327.48175272386,16.500000000000004,0.3602923381638709,10.555176420296132,0
2023,1,1,7.071189480281144,7.182068758143731,7.312086360209198,286449,145327.48175272386,17.7,0.39950223052435846,10.628810519718854,0
2023,1,2,8.005179864215355,8.144718566989791,8.314491903730387,286449,145327.48175272386,18.7,0.4280844847173987,10.694820135784644,0
2023,1,3,12.046263601694603,12.268144585222608,12.588343285567822,286449,145327.48175272386,23.54,0.5117359219071624,11.493736398305396,0
2023,2,1,6.197878009070473,6.345337132547717,6.692269947461015,286449,145327.48175272386,16.7,0.37113041970481875,10.502121990929528,0
2023,2,2,10.928635668892822,11.175696960151203,11.710820158694066,286449,145327.48175272386,21.7,0.5036237635434481,10.771364331107177,0
2023,2,3,12.419797336972454,12.70576035810327,13.328357847222236,286449,145327.48175272386,21.440000000000005,0.579281592209536,9.02020266302755,0
2023,3,1,19.82135388726527,20.30677701570756,21.376617159543784,286449,145327.48175272386,32.3,0.6136642070360766,12.478646112734726,0
2023,3,2,16.735223120734137,17.1486561949627,18.09132687865768,286449,145327.48175272386,29.5,0.5672956990079369,12.764776879265863,0
2023,3,3,21.1765335709558,21.719349489052743,22.892840790557702,286449,145327.48175272386,34.43000000000001,0.6150605161474236,13.253466429044206,0
2023,4,1,28.640574583355804,29.26722891221237,30.33421496702849,286449,145327.48175272386,43.4,0.6599210733492121,14.759425416644195,0
2023,4,2,23.96549293107442,24.446376666332565,25.18280933973216,286449,145327.48175272386,41.2,0.5816867216280198,17.234507068925584,0
2023,4,3,22.27750382516068,22.69484099142313,23.178967650825182,286449,145327.48175272386,43.9,0.5074602238077603,21.62249617483932,0
2023,5,1,24.45758224286869,24.84779993986168,25.149000083775142,286449,145327.48175272386,53.0,0.4614638159031828,28.54241775713131,1
2023,5,2,22.248062461794277,22.51301565028136,22.606544035807893,286449,145327.48175272386,56.4,0.3944691925850049,34.15193753820572,1
2023,5,3,21.53517777193035,21.703323345596104,21.699608637788195,286449,145327.48175272386,65.12000000000002,0.3306999043601097,43.58482222806967,1
2023,6,1,19.35827297848175,19.46064519824167,19.468183395765763,286449,145327.48175272386,61.4,0.31528131886778094,42.04172702151825,1
2023,6,2,16.724729880934525,16.799087902175003,16.909726294625226,286449,145327.48175272386,62.2,0.26888633249090876,45.47527011906548,1
2023,6,3,18.76216584130689,18.823393805753238,18.95867491652405,286449,145327.48175272386,65.5,0.2864452800199525,46.73783415869311,1
2023,7,1,18.46388928017242,18.512163690774496,18.62386155558481,286449,145327.48175272386,65.2,0.283188485892215,46.73611071982758,1
2023,7,2,22.008000113015324,22.031701484843712,22.020596718407795,286449,145327.48175272386,74.7,0.294618475408505,52.691999886984675,1
2023,7,3,21.68748111634876,21.686186805297694,21.565052601802524,286449,145327.48175272386,78.86999999999999,0.27497757216113555,57.18251888365123,1
2023,8,1,16.75001988542139,16.726936239064134,16.524492262766735,286449,145327.48175272386,66.0,0.25378818008214227,49.249980114578605,1
2023,8,2,14.618780606212368,14.573762510917968,14.291932453295356,286449,145327.48175272386,61.7,0.2369332351087904,47.081219393787634,1
2023,8,3,11.834830139710368,11.755630768340218,11.361080414499265,286449,145327.48175272386,63.580000000000005,0.1861407697343562,51.745169860289636,1
2023,9,1,9.4753576451826,9.377346468305674,8.901300908361957,286449,145327.48175272386,57.8,0.16393352327305535,48.3246423548174,1
2023,9,2,12.075375554607549,11.967110067440828,11.259607214236988,286449,145327.48175272386,51.6,0.2340189060970455,39.524624445392455,1
2023,9,3,9.905924574194891,9.828555678059535,9.25565781442608,286449,145327.48175272386,46.0,0.21534618639554112,36.09407542580511,1
2023,10,1,8.39804211299814,8.32503329085468,7.777947987601278,286449,145327.48175272386,37.8,0.2221704262697921,29.401957887001856,0
2023,10,2,6.142815467963919,6.089906785606896,5.693155570448915,286449,145327.48175272386,33.7,0.1822793907407691,27.557184532036082,0
2023,10,3,12.66894244629776,12.543644630580726,11.549716913196628,286449,145327.48175272386,45.10000000000001,0.2809078147737862,32.431057553702246,1
2023,11,1,9.531504052147168,9.465492060310142,8.820637409193724,286449,145327.48175272386,28.7,0.33210815512707903,19.168495947852833,0
2023,11,2,6.922557743500137,6.909062271796561,6.551060952403748,286449,145327.48175272386,20.9,0.33122285854067646,13.977442256499861,0
2023,11,3,8.046790544142477,8.098268875556638,7.876694950752181,286449,145327.48175272386,23.3,0.3453558173451707,15.253209455857524,0
2023,12,1,8.63712488211276,8.729578029467776,8.66068671685197,286449,145327.48175272386,19.7,0.4384327351326274,11.06287511788724,0
2023,12,2,8.595082979276869,8.727251249301966,8.81814809052503,286449,145327.48175272386,19.1,0.4500043444647575,10.504917020723132,0
2023,12,3,9.572386662108654,9.733745448189634,9.905371164721164,286449,145327.48175272386,18.7,0.5118923348721206,9.127613337891345,0
2024,1,1,9.302570036667015,9.45680780079898,9.615005325705804,286449,145327.48175272386,16.0,0.5814106272916885,6.697429963332985,0
2024,1,2,7.550889997768526,7.677651455490485,7.844597101379897,286449,145327.48175272386,13.5,0.5593251850198908,5.949110002231474,0
2024,1,3,8.16352374531278,8.318987203201827,8.578162174018155,286449,145327.48175272386,13.53,0.6033646522773674,5.366476254687219,0
2024,2,1,9.406819569513482,9.59321439310414,9.916093205835535,286449,145327.48175272386,15.1,0.6229681834114889,5.6931804304865175,0
2024,2,2,12.044478565941471,12.299259725941091,12.761875127158708,286449,145327.48175272386,16.6,0.7255709979482814,4.55552143405853,0
2024,2,3,16.68584199939247,17.04557271146609,17.667808830289378,286449,145327.48175272386,21.87,0.7629557384267247,5.184158000607532,0
2024,3,1,20.260045959040543,20.699730809433124,21.48247304235432,286449,145327.48175272386,26.0,0.7792325368861748,5.739954040959457,0
2024,3,2,20.25802867773916,20.674551468377267,21.44509735868928,286449,145327.48175272386,28.7,0.7058546577609464,8.44197132226084,0
2024,3,3,29.3725009254558,29.950976450942985,30.987556912060494,286449,145327.48175272386,37.73,0.778491940775399,8.357499074544197,0
2024,4,1,27.39011933506873,27.878277180372,28.6823605442991,286449,145327.48175272386,40.6,0.6746334811593283,13.209880664931273,0
2024,4,2,25.085278510807807,25.508218903478,26.11809902222435,286449,145327.48175272386,43.7,0.5740338331992633,18.614721489192195,0
2024,4,3,25.8935277796476,26.29450593507925,26.72518161255191,286449,145327.48175272386,47.0,0.5509261229712255,21.1064722203524,0
2024,5,1,20.31228184354552,20.57422786695113,20.70982682480223,286449,145327.48175272386,50.4,0.4030214651497127,30.08771815645448,1
2024,5,2,19.229159862473374,19.40042096822692,19.38620342999389,286449,145327.48175272386,53.3,0.3607722300651665,34.07084013752662,1
2024,5,3,19.560556182695155,19.68968340665109,19.649988620938664,286449,145327.48175272386,64.13000000000001,0.30501413040223224,44.56944381730486,1
2024,6,1,22.94940880637516,23.05673048010424,23.00230980049547,286449,145327.48175272386,72.2,0.31785884773372797,49.25059119362484,1
2024,6,2,22.17498432729972,22.253783702515783,22.29977141352609,286449,145327.48175272386,72.6,0.3054405554724479,50.425015672700276,1
2024,6,3,18.35315552529645,18.41395924913014,18.572579197434088,286449,145327.48175272386,68.2,0.26910785227707407,49.84684447470355,1
2024,7,1,16.6867153782545,16.71620441300706,16.929581004583696,286449,145327.48175272386,70.7,0.23602143392156294,54.0132846217455,1
2024,7,2,15.1441590052579,15.141890634172883,15.313582344986058,286449,145327.48175272386,72.3,0.20946278015571093,57.1558409947421,1
2024,7,3,16.30981879572797,16.28665929610695,16.30541304748928,286449,145327.48175272386,75.68,0.21551029064122582,59.370181204272036,1
2024,8,1,15.101255856088311,15.06316671200905,14.884833107938292,286449,145327.48175272386,66.4,0.22742855204952275,51.29874414391169,1
2024,8,2,15.642710137163174,15.602349690001288,15.270079107675,286449,145327.48175272386,63.0,0.24829698630417738,47.35728986283682,1
2024,8,3,16.281157197372995,16.225216557869693,15.701418179981882,286449,145327.48175272386,65.45000000000002,0.2487571764304506,49.168842802627026,1
2024,9,1,12.768574808283518,12.700146050201177,12.108620462678171,286449,145327.48175272386,54.4,0.23471644868168232,41.63142519171648,1
2024,9,2,12.146360189813704,12.080477956442676,11.390799095228408,286449,145327.48175272386,52.8,0.2300447005646535,40.65363981018629,1
2024,9,3,11.562268373959126,11.506171336932086,10.855068994817907,286449,145327.48175272386,45.8,0.2524512745405923,34.23773162604087,1
2024,10,1,11.16861136704695,11.133492747605208,10.520530895077613,286449,145327.48175272386,39.5,0.2827496548619481,28.33138863295305,0
2024,10,2,9.920468880962014,9.87574993914575,9.269097741661382,286449,145327.48175272386,34.9,0.28425412266366806,24.979531119037986,0
2024,10,3,11.088153637601078,11.02962669377751,10.17007310326814,286449,145327.48175272386,40.48,0.27391683887354445,29.39184636239892,1
2024,11,1,8.555114690811239,8.520074743338249,7.893832952355877,286449,145327.48175272386,30.0,0.28517048969370795,21.444885309188763,0
2024,11,2,5.849382408839004,5.836230472944917,5.465095683186328,286449,145327.48175272386,20.0,0.29246912044195017,14.150617591160996,0
2024,11,3,5.020605410637098,5.02512206646716,4.725504745263712,286449,145327.48175272386,18.8,0.26705347928920736,13.779394589362902,0
2024,12,1,6.380380242706564,6.414145391543407,6.12089950572663,286449,145327.48175272386,20.5,0.3112380606198324,14.119619757293435,0
2024,12,2,6.878311934391227,6.944636950700898,6.731967399499743,286449,145327.48175272386,20.1,0.3422045738503098,13.221688065608774,0
2024,12,3,4.716202517147987,4.766939675879302,4.667835132533604,286449,145327.48175272386,16.060000000000002,0.2936614269706093,11.343797482852015,0
