time,agricultural_aeti_mm,ret_mm,aeti_ret_ratio,ret_minus_aeti_mm,dekads
2018-01-01,17.992179215635023,36.13,0.4979844787056469,18.13782078436498,3
2018-02-01,37.49513638541384,53.36,0.7026824659935128,15.864863614586156,3
2018-03-01,69.39536460551643,97.10000000000001,0.7146793471216933,27.704635394483574,3
2018-04-01,62.92711253829784,125.1,0.5030144887154104,62.17288746170215,3
2018-05-01,54.42331999727145,170.04000000000002,0.3200618677797662,115.61668000272857,3
2018-06-01,44.99370184268707,186.5,0.24125309299027917,141.50629815731293,3
2018-07-01,45.93672210108758,202.42999999999998,0.2269264540882655,156.4932778989124,3
2018-08-01,38.426889738407866,181.35,0.21189351937363038,142.92311026159211,3
2018-09-01,34.18140280224075,145.0,0.23573381242924654,110.81859719775926,3
2018-10-01,27.32499570500169,105.86,0.25812389670320884,78.53500429499832,3
2018-11-01,20.857106331660958,63.400000000000006,0.32897644056247566,42.54289366833905,3
2018-12-01,16.587882225363504,35.43,0.46818747460805826,18.842117774636495,3
2019-01-01,25.435543848458643,43.510000000000005,0.5845907572617477,18.074456151541362,3
2019-02-01,32.643311426401034,49.84,0.6549621072712888,17.19668857359897,3
2019-03-01,50.173362616802876,71.61,0.7006474321575601,21.436637383197123,3
2019-04-01,69.98101852372078,109.39999999999999,0.6396802424471735,39.418981476279214,3
2019-05-01,80.90570172447457,179.9,0.44972596845177637,98.99429827552544,3
2019-06-01,56.1349323029243,191.5,0.2931328057593958,135.3650676970757,3
2019-07-01,59.61426248157076,206.02,0.2893615303444848,146.40573751842925,3
2019-08-01,51.94763036190069,187.36,0.2772610501809388,135.41236963809934,3
2019-09-01,41.92850654897882,144.3,0.2905648409492641,102.3714934510212,3
2019-10-01,32.85631364204583,106.81,0.30761458329787317,73.95368635795417,3
2019-11-01,26.75503643740128,85.1,0.31439525778379884,58.344963562598714,3
2019-12-01,15.10740539083734,43.85,0.34452463833152425,28.742594609162662,3
2020-01-01,17.28004124974251,34.22,0.5049690604834164,16.93995875025749,3
2020-02-01,29.352072958502937,50.59,0.5801951563254187,21.237927041497066,3
2020-03-01,59.1759502884086,81.24000000000001,0.7284090385082299,22.06404971159141,3
2020-04-01,70.70124446697696,112.5,0.6284555063731285,41.79875553302304,3
2020-05-01,77.70874652559996,173.25,0.4485353334810965,95.54125347440004,3
2020-06-01,58.46871405672912,191.1,0.30595873394416073,132.63128594327088,3
2020-07-01,59.03065806840305,199.79000000000002,0.2954635270454129,140.75934193159696,3
2020-08-01,49.00990272247486,189.32,0.2588733505307145,140.31009727752513,3
2020-09-01,43.51750561634135,157.2,0.276828916134487,113.68249438365864,3
2020-10-01,38.496456269019404,121.99000000000001,0.31557058995835235,83.4935437309806,3
2020-11-01,25.32127207945052,66.2,0.38249655709139757,40.87872792054948,3
2020-12-01,28.636797838237506,57.72000000000001,0.4961330186804834,29.083202161762507,3
2021-01-01,34.54250766160838,62.96,0.548642116607503,28.417492338391618,3
2021-02-01,41.87117657849896,65.16,0.6425901869014574,23.288823421501036,3
2021-03-01,58.25662012214474,88.6,0.6575239291438458,30.343379877855256,3
2021-04-01,71.07889043540698,140.4,0.5062599033860895,69.32110956459303,3
2021-05-01,64.251236403591,190.54000000000002,0.33720602709977426,126.28876359640903,3
2021-06-01,49.07086415165989,196.9,0.2492171871592681,147.82913584834012,3
2021-07-01,52.567693959918756,213.62,0.2460803949064636,161.05230604008125,3
2021-08-01,50.74988707797768,203.45,0.2494464835486738,152.7001129220223,3
2021-09-01,47.02042163883407,154.1,0.30512927734480255,107.07957836116591,3
2021-10-01,37.49784559574004,110.48,0.33940845035970346,72.98215440425997,3
2021-11-01,25.818891896823185,86.2,0.2995231078517771,60.381108103176814,3
2021-12-01,17.14216230285549,57.31,0.29911293496519786,40.16783769714451,3
2022-01-01,19.182894142328422,46.42,0.4132463193091,27.23710585767158,3
2022-02-01,30.876523192597872,51.96,0.5942363970861793,21.08347680740213,3
2022-03-01,50.95114758532826,73.69,0.6914255337946568,22.73885241467174,3
2022-04-01,87.19865779460889,140.5,0.6206310163317359,53.30134220539111,3
2022-05-01,61.20118121679299,179.51999999999998,0.34091567077090573,118.31881878320699,3
2022-06-01,49.465618647457326,197.2,0.2508398511534347,147.73438135254267,3
2022-07-01,50.81096016696335,210.66000000000003,0.24119889949189852,159.84903983303667,3
2022-08-01,42.7095417489786,192.10999999999999,0.22231816016333666,149.40045825102138,3
2022-09-01,39.65633665355455,155.3,0.25535310143950124,115.64366334644546,3
2022-10-01,31.764835264825408,110.96000000000001,0.28627284845733064,79.1951647351746,3
2022-11-01,21.38804258705032,71.5,0.29913346275594854,50.11195741294968,3
2022-12-01,19.41997916381274,53.5,0.3629902647441634,34.08002083618726,3
2023-01-01,27.122632946191104,59.94,0.4524963788153337,32.817367053808894,3
2023-02-01,29.546311014935746,59.84,0.49375519744210805,30.293688985064257,3
2023-03-01,57.733110578955205,96.23,0.5999491902624463,38.4968894210448,3
2023-04-01,74.8835713395909,128.5,0.5827515279345595,53.6164286604091,3
2023-05-01,68.24082247659332,174.52,0.3910200691989074,106.27917752340669,3
2023-06-01,54.845168700723164,189.1,0.29003262136818175,134.25483129927682,3
2023-07-01,62.1593705095365,218.76999999999998,0.2841311446246583,156.61062949046348,3
2023-08-01,43.203630631344126,191.28,0.2258659066883319,148.0763693686559,3
2023-09-01,31.45665777398504,155.4,0.2024237951993889,123.94334222601496,3
2023-10-01,27.209800027259817,116.60000000000001,0.2333602060656931,89.39019997274019,3
2023-11-01,24.50085233978978,72.9,0.33608850946213686,48.399147660210225,3
2023-12-01,26.80459452349828,57.5,0.466166861278231,30.69540547650172,3
2024-01-01,25.016983779748323,43.03,0.5813847032244556,18.01301622025168,3
2024-02-01,38.13714013484742,53.57000000000001,0.7119122668442676,15.432859865152587,3
2024-03-01,69.8905755622355,92.42999999999999,0.7561460084630045,22.539424437764495,3
2024-04-01,78.36892562552413,131.3,0.5968691974525828,52.931074374475884,3
2024-05-01,59.10199788871405,167.83,0.3521539527421441,108.72800211128596,3
2024-06-01,63.47754865897133,213.0,0.2980166603707574,149.52245134102867,3
2024-07-01,48.14069317924037,218.68,0.22014218574739514,170.53930682075963,3
2024-08-01,47.025123190624484,194.85000000000002,0.2413401241499845,147.82487680937555,3
2024-09-01,36.47720337205635,153.0,0.23841309393500884,116.52279662794365,3
2024-10-01,32.17723388561004,114.88,0.28009430610732977,82.70276611438996,3
2024-11-01,19.425102510287342,68.8,0.2823416062541765,49.37489748971265,3
2024-12-01,17.974894694245776,56.660000000000004,0.3172413465274581,38.68510530575423,3
