file,type,status,rows,columns,column_names,numeric_columns,date_candidates,selected_date_column,overall_missing_fraction,date_start,date_end,unique_dates,median_interval_days,min_interval_days,max_interval_days,error
chirps_dekad\processed\chirps_2018_2024_dekadal.csv,csv,ok,252.0,10.0,date | year | month | dekad | days | precipitation_mean_mm | precipitation_median_mm | precipitation_min_mm | precipitation_max_mm | valid_pixels,year | month | dekad | days | precipitation_mean_mm | precipitation_median_mm | precipitation_min_mm | precipitation_max_mm | valid_pixels,date | year | month | dekad,date,0.0,2018-01-01 00:00:00,2024-12-21 00:00:00,252.0,10.0,8.0,11.0,
era5land\processed\era5land_2018_2024_dekadal.csv,csv,ok,252.0,11.0,year | month | dekad | soil_moisture_0_7cm_mean | soil_moisture_7_28cm_mean | soil_moisture_28_100cm_mean | temperature_2m_mean_c | observations | date | source_lat | source_lon,year | month | dekad | soil_moisture_0_7cm_mean | soil_moisture_7_28cm_mean | soil_moisture_28_100cm_mean | temperature_2m_mean_c | observations | source_lat | source_lon,year | month | dekad | date,date,0.0,2018-01-01 00:00:00,2024-12-21 00:00:00,252.0,10.0,8.0,11.0,
processed_v1\baseline_metrics.csv,csv,read_error,,,,,,,,,,,,,,No columns to parse from file
processed_v1\baseline_predictions.csv,csv,ok,252.0,42.0,year | month | dekad | agricultural_aeti_weighted_mm | aeti_crop50_mm | aeti_crop90_mm | mixed_agricultural_pixels | crop_equivalent_pixel_weight | ret_mean_mm_dekad | aeti_ret_ratio | ret_minus_aeti_mm | high_demand_low_actual_et | precipitation_mean_mm | soil_moisture_0_7cm_mean | soil_moisture_7_28cm_mean | soil_moisture_28_100cm_mean | temperature_2m_mean_c | ret_minus_precip_mm | aeti_minus_precip_mm | ndvi_weighted | ndvi_mean | ndvi_median | ndvi_min | ndvi_max | ndvi_std | acquisition_count | mean_coverage_fraction | max_coverage_fraction | mean_agricultural_pixels | total_quality_weight | has_ndvi_observation | time_index | target_ndvi_t_plus_1 | target_has_observation_t_plus_1 | ndvi_t | target_ndvi_change_t_plus_1 | valid_future_ndvi_target | split | valid_primary_target | baseline_persistence | baseline_climatology | baseline_training_mean,year | month | dekad | agricultural_aeti_weighted_mm | aeti_crop50_mm | aeti_crop90_mm | mixed_agricultural_pixels | crop_equivalent_pixel_weight | ret_mean_mm_dekad | aeti_ret_ratio | ret_minus_aeti_mm | high_demand_low_actual_et | precipitation_mean_mm | soil_moisture_0_7cm_mean | soil_moisture_7_28cm_mean | soil_moisture_28_100cm_mean | temperature_2m_mean_c | ret_minus_precip_mm | aeti_minus_precip_mm | ndvi_weighted | ndvi_mean | ndvi_median | ndvi_min | ndvi_max | ndvi_std | acquisition_count | mean_coverage_fraction | max_coverage_fraction | mean_agricultural_pixels | total_quality_weight | time_index | target_ndvi_t_plus_1 | ndvi_t | target_ndvi_change_t_plus_1 | baseline_persistence | baseline_climatology | baseline_training_mean,year | month | dekad | ret_mean_mm_dekad | time_index,time_index,0.373015873015873,1970-01-01 00:00:00,1970-01-01 00:00:00.000000251,252.0,1.1574074074074075e-14,1.1574074074074075e-14,1.1574074074074075e-14,
processed_v1\forecast_dataset_dekadal.csv,csv,ok,252.0,37.0,year | month | dekad | agricultural_aeti_weighted_mm | aeti_crop50_mm | aeti_crop90_mm | mixed_agricultural_pixels | crop_equivalent_pixel_weight | ret_mean_mm_dekad | aeti_ret_ratio | ret_minus_aeti_mm | high_demand_low_actual_et | precipitation_mean_mm | soil_moisture_0_7cm_mean | soil_moisture_7_28cm_mean | soil_moisture_28_100cm_mean | temperature_2m_mean_c | ret_minus_precip_mm | aeti_minus_precip_mm | ndvi_weighted | ndvi_mean | ndvi_median | ndvi_min | ndvi_max | ndvi_std | acquisition_count | mean_coverage_fraction | max_coverage_fraction | mean_agricultural_pixels | total_quality_weight | has_ndvi_observation | time_index | target_ndvi_t_plus_1 | target_has_observation_t_plus_1 | ndvi_t | target_ndvi_change_t_plus_1 | valid_future_ndvi_target,year | month | dekad | agricultural_aeti_weighted_mm | aeti_crop50_mm | aeti_crop90_mm | mixed_agricultural_pixels | crop_equivalent_pixel_weight | ret_mean_mm_dekad | aeti_ret_ratio | ret_minus_aeti_mm | high_demand_low_actual_et | precipitation_mean_mm | soil_moisture_0_7cm_mean | soil_moisture_7_28cm_mean | soil_moisture_28_100cm_mean | temperature_2m_mean_c | ret_minus_precip_mm | aeti_minus_precip_mm | ndvi_weighted | ndvi_mean | ndvi_median | ndvi_min | ndvi_max | ndvi_std | acquisition_count | mean_coverage_fraction | max_coverage_fraction | mean_agricultural_pixels | total_quality_weight | time_index | target_ndvi_t_plus_1 | ndvi_t | target_ndvi_change_t_plus_1,year | month | dekad | ret_mean_mm_dekad | time_index,time_index,0.3728013728013727,1970-01-01 00:00:00,1970-01-01 00:00:00.000000251,252.0,1.1574074074074075e-14,1.1574074074074075e-14,1.1574074074074075e-14,
processed_v1\forecast_dataset_frozen.csv,csv,ok,252.0,39.0,year | month | dekad | agricultural_aeti_weighted_mm | aeti_crop50_mm | aeti_crop90_mm | mixed_agricultural_pixels | crop_equivalent_pixel_weight | ret_mean_mm_dekad | aeti_ret_ratio | ret_minus_aeti_mm | high_demand_low_actual_et | precipitation_mean_mm | soil_moisture_0_7cm_mean | soil_moisture_7_28cm_mean | soil_moisture_28_100cm_mean | temperature_2m_mean_c | ret_minus_precip_mm | aeti_minus_precip_mm | ndvi_weighted | ndvi_mean | ndvi_median | ndvi_min | ndvi_max | ndvi_std | acquisition_count | mean_coverage_fraction | max_coverage_fraction | mean_agricultural_pixels | total_quality_weight | has_ndvi_observation | time_index | target_ndvi_t_plus_1 | target_has_observation_t_plus_1 | ndvi_t | target_ndvi_change_t_plus_1 | valid_future_ndvi_target | split | valid_primary_target,year | month | dekad | agricultural_aeti_weighted_mm | aeti_crop50_mm | aeti_crop90_mm | mixed_agricultural_pixels | crop_equivalent_pixel_weight | ret_mean_mm_dekad | aeti_ret_ratio | ret_minus_aeti_mm | high_demand_low_actual_et | precipitation_mean_mm | soil_moisture_0_7cm_mean | soil_moisture_7_28cm_mean | soil_moisture_28_100cm_mean | temperature_2m_mean_c | ret_minus_precip_mm | aeti_minus_precip_mm | ndvi_weighted | ndvi_mean | ndvi_median | ndvi_min | ndvi_max | ndvi_std | acquisition_count | mean_coverage_fraction | max_coverage_fraction | mean_agricultural_pixels | total_quality_weight | time_index | target_ndvi_t_plus_1 | ndvi_t | target_ndvi_change_t_plus_1,year | month | dekad | ret_mean_mm_dekad | time_index,time_index,0.35368335368335363,1970-01-01 00:00:00,1970-01-01 00:00:00.000000251,252.0,1.1574074074074075e-14,1.1574074074074075e-14,1.1574074074074075e-14,
processed_v1\water_demand_diagnostics_dekadal.csv,csv,ok,252.0,12.0,year | month | dekad | agricultural_aeti_weighted_mm | aeti_crop50_mm | aeti_crop90_mm | mixed_agricultural_pixels | crop_equivalent_pixel_weight | ret_mean_mm_dekad | aeti_ret_ratio | ret_minus_aeti_mm | high_demand_low_actual_et,year | month | dekad | agricultural_aeti_weighted_mm | aeti_crop50_mm | aeti_crop90_mm | mixed_agricultural_pixels | crop_equivalent_pixel_weight | ret_mean_mm_dekad | aeti_ret_ratio | ret_minus_aeti_mm | high_demand_low_actual_et,year | month | dekad | ret_mean_mm_dekad,,0.0,,,,,,,
processed_v1\water_demand_diagnostics_monthly.csv,csv,ok,84.0,6.0,time | agricultural_aeti_mm | ret_mm | aeti_ret_ratio | ret_minus_aeti_mm | dekads,agricultural_aeti_mm | ret_mm | aeti_ret_ratio | ret_minus_aeti_mm | dekads,time | dekads,time,0.0,2018-01-01 00:00:00,2024-12-01 00:00:00,84.0,31.0,28.0,31.0,
processed_v1\water_state_dekadal.csv,csv,ok,252.0,19.0,year | month | dekad | agricultural_aeti_weighted_mm | aeti_crop50_mm | aeti_crop90_mm | mixed_agricultural_pixels | crop_equivalent_pixel_weight | ret_mean_mm_dekad | aeti_ret_ratio | ret_minus_aeti_mm | high_demand_low_actual_et | precipitation_mean_mm | soil_moisture_0_7cm_mean | soil_moisture_7_28cm_mean | soil_moisture_28_100cm_mean | temperature_2m_mean_c | ret_minus_precip_mm | aeti_minus_precip_mm,year | month | dekad | agricultural_aeti_weighted_mm | aeti_crop50_mm | aeti_crop90_mm | mixed_agricultural_pixels | crop_equivalent_pixel_weight | ret_mean_mm_dekad | aeti_ret_ratio | ret_minus_aeti_mm | high_demand_low_actual_et | precipitation_mean_mm | soil_moisture_0_7cm_mean | soil_moisture_7_28cm_mean | soil_moisture_28_100cm_mean | temperature_2m_mean_c | ret_minus_precip_mm | aeti_minus_precip_mm,year | month | dekad | ret_mean_mm_dekad,,0.0,,,,,,,
processed_v1\water_vegetation_state_dekadal.csv,csv,ok,252.0,32.0,year | month | dekad | agricultural_aeti_weighted_mm | aeti_crop50_mm | aeti_crop90_mm | mixed_agricultural_pixels | crop_equivalent_pixel_weight | ret_mean_mm_dekad | aeti_ret_ratio | ret_minus_aeti_mm | high_demand_low_actual_et | precipitation_mean_mm | soil_moisture_0_7cm_mean | soil_moisture_7_28cm_mean | soil_moisture_28_100cm_mean | temperature_2m_mean_c | ret_minus_precip_mm | aeti_minus_precip_mm | ndvi_weighted | ndvi_mean | ndvi_median | ndvi_min | ndvi_max | ndvi_std | acquisition_count | mean_coverage_fraction | max_coverage_fraction | mean_agricultural_pixels | total_quality_weight | has_ndvi_observation | time_index,year | month | dekad | agricultural_aeti_weighted_mm | aeti_crop50_mm | aeti_crop90_mm | mixed_agricultural_pixels | crop_equivalent_pixel_weight | ret_mean_mm_dekad | aeti_ret_ratio | ret_minus_aeti_mm | high_demand_low_actual_et | precipitation_mean_mm | soil_moisture_0_7cm_mean | soil_moisture_7_28cm_mean | soil_moisture_28_100cm_mean | temperature_2m_mean_c | ret_minus_precip_mm | aeti_minus_precip_mm | ndvi_weighted | ndvi_mean | ndvi_median | ndvi_min | ndvi_max | ndvi_std | acquisition_count | mean_coverage_fraction | max_coverage_fraction | mean_agricultural_pixels | total_quality_weight | time_index,year | month | dekad | ret_mean_mm_dekad | time_index,time_index,0.33866567460317454,1970-01-01 00:00:00,1970-01-01 00:00:00.000000251,252.0,1.1574074074074075e-14,1.1574074074074075e-14,1.1574074074074075e-14,
sentinel2\agricultural_ndvi_dekadal.csv,csv,ok,4.0,15.0,date | year | month | dekad | ndvi_weighted | ndvi_mean | ndvi_median | ndvi_min | ndvi_max | ndvi_std | acquisition_count | mean_coverage_fraction | max_coverage_fraction | mean_agricultural_pixels | total_quality_weight,year | month | dekad | ndvi_weighted | ndvi_mean | ndvi_median | ndvi_min | ndvi_max | ndvi_std | acquisition_count | mean_coverage_fraction | max_coverage_fraction | mean_agricultural_pixels | total_quality_weight,date | year | month | dekad,date,0.05,2018-03-01 00:00:00,2018-04-01 00:00:00,4.0,10.0,10.0,11.0,
sentinel2\agricultural_ndvi_model_candidate.csv,csv,ok,481.0,41.0,date | year | month | dekad | scene_count | usable_scene_count | coverage_fraction | valid_pixels | agricultural_pixels | crop_equivalent_weight | agricultural_ndvi_weighted | agricultural_ndvi_mean | agricultural_ndvi_median | qa_ndvi_missing | qa_ndvi_outside_physical_range | qa_ndvi_negative | qa_ndvi_very_low | qa_coverage_missing | qa_coverage_lt_005 | qa_coverage_lt_010 | qa_coverage_lt_025 | qa_coverage_lt_050 | qa_pixels_missing | qa_pixels_bottom_1pct | qa_pixels_bottom_5pct | days_since_previous | ndvi_rolling_median_7 | ndvi_robust_z | qa_temporal_outlier | qa_flag_count | qa_any_flag | qa_severe | local_ndvi_reference | absolute_local_deviation | coverage_class | qa_extreme_low_support | qa_large_local_deviation | qa_strong_observation_anomaly | qa_quality_tier | qa_high_priority_anomaly_v1 | model_candidate_v1,year | month | dekad | scene_count | usable_scene_count | coverage_fraction | valid_pixels | agricultural_pixels | crop_equivalent_weight | agricultural_ndvi_weighted | agricultural_ndvi_mean | agricultural_ndvi_median | days_since_previous | ndvi_rolling_median_7 | ndvi_robust_z | qa_flag_count | local_ndvi_reference | absolute_local_deviation,date | year | month | dekad | model_candidate_v1,date,5.0707367780538514e-05,2018-03-02 00:00:00,2024-12-30 00:00:00,481.0,5.0,5.0,15.0,
sentinel2\agricultural_ndvi_observations.before_reduced_read.csv,csv,ok,34.0,13.0,date | year | month | dekad | scene_count | usable_scene_count | coverage_fraction | valid_pixels | agricultural_pixels | crop_equivalent_weight | agricultural_ndvi_weighted | agricultural_ndvi_mean | agricultural_ndvi_median,year | month | dekad | scene_count | usable_scene_count | coverage_fraction | valid_pixels | agricultural_pixels | crop_equivalent_weight | agricultural_ndvi_weighted | agricultural_ndvi_mean | agricultural_ndvi_median,date | year | month | dekad,date,0.0,2018-03-02 00:00:00,2018-08-29 00:00:00,34.0,5.0,5.0,15.0,
sentinel2\agricultural_ndvi_observations.csv,csv,ok,486.0,13.0,date | year | month | dekad | scene_count | usable_scene_count | coverage_fraction | valid_pixels | agricultural_pixels | crop_equivalent_weight | agricultural_ndvi_weighted | agricultural_ndvi_mean | agricultural_ndvi_median,year | month | dekad | scene_count | usable_scene_count | coverage_fraction | valid_pixels | agricultural_pixels | crop_equivalent_weight | agricultural_ndvi_weighted | agricultural_ndvi_mean | agricultural_ndvi_median,date | year | month | dekad,date,0.0,2018-03-02 00:00:00,2024-12-30 00:00:00,486.0,5.0,5.0,15.0,
sentinel2\agricultural_ndvi_observations.pre_overview.csv,csv,ok,34.0,13.0,date | year | month | dekad | scene_count | usable_scene_count | coverage_fraction | valid_pixels | agricultural_pixels | crop_equivalent_weight | agricultural_ndvi_weighted | agricultural_ndvi_mean | agricultural_ndvi_median,year | month | dekad | scene_count | usable_scene_count | coverage_fraction | valid_pixels | agricultural_pixels | crop_equivalent_weight | agricultural_ndvi_weighted | agricultural_ndvi_mean | agricultural_ndvi_median,date | year | month | dekad,date,0.0,2018-03-02 00:00:00,2018-08-29 00:00:00,34.0,5.0,5.0,15.0,
sentinel2\agricultural_ndvi_qa_final.csv,csv,ok,486.0,41.0,date | year | month | dekad | scene_count | usable_scene_count | coverage_fraction | valid_pixels | agricultural_pixels | crop_equivalent_weight | agricultural_ndvi_weighted | agricultural_ndvi_mean | agricultural_ndvi_median | qa_ndvi_missing | qa_ndvi_outside_physical_range | qa_ndvi_negative | qa_ndvi_very_low | qa_coverage_missing | qa_coverage_lt_005 | qa_coverage_lt_010 | qa_coverage_lt_025 | qa_coverage_lt_050 | qa_pixels_missing | qa_pixels_bottom_1pct | qa_pixels_bottom_5pct | days_since_previous | ndvi_rolling_median_7 | ndvi_robust_z | qa_temporal_outlier | qa_flag_count | qa_any_flag | qa_severe | local_ndvi_reference | absolute_local_deviation | coverage_class | qa_extreme_low_support | qa_large_local_deviation | qa_strong_observation_anomaly | qa_quality_tier | qa_high_priority_anomaly_v1 | model_candidate_v1,year | month | dekad | scene_count | usable_scene_count | coverage_fraction | valid_pixels | agricultural_pixels | crop_equivalent_weight | agricultural_ndvi_weighted | agricultural_ndvi_mean | agricultural_ndvi_median | days_since_previous | ndvi_rolling_median_7 | ndvi_robust_z | qa_flag_count | local_ndvi_reference | absolute_local_deviation,date | year | month | dekad | model_candidate_v1,date,5.018568704205561e-05,2018-03-02 00:00:00,2024-12-30 00:00:00,486.0,5.0,5.0,15.0,
sentinel2\qa\agricultural_ndvi_observations_raw_backup.csv,csv,ok,486.0,13.0,date | year | month | dekad | scene_count | usable_scene_count | coverage_fraction | valid_pixels | agricultural_pixels | crop_equivalent_weight | agricultural_ndvi_weighted | agricultural_ndvi_mean | agricultural_ndvi_median,year | month | dekad | scene_count | usable_scene_count | coverage_fraction | valid_pixels | agricultural_pixels | crop_equivalent_weight | agricultural_ndvi_weighted | agricultural_ndvi_mean | agricultural_ndvi_median,date | year | month | dekad,date,0.0,2018-03-02 00:00:00,2024-12-30 00:00:00,486.0,5.0,5.0,15.0,
sentinel2\sentinel2_observation_ledger.csv,csv,ok,2208.0,11.0,scene_id | datetime | date | year | month | day | dekad | cloud_cover | has_red | has_nir | has_scl,year | month | day | dekad | cloud_cover,datetime | date | year | month | dekad,datetime,0.0,2018-03-02 08:29:50.118000+00:00,2024-12-30 08:31:14.894000+00:00,1846.0,0.0001691087962962963,3.2175925925925925e-09,14.994631377314816,
wapor\processed\aeti_2018_01_D1_statistics.csv,csv,ok,1.0,7.0,period | valid_pixels | aeti_min_mm_day | aeti_mean_mm_day | aeti_median_mm_day | aeti_max_mm_day | regional_mean_dekad_total_mm,valid_pixels | aeti_min_mm_day | aeti_mean_mm_day | aeti_median_mm_day | aeti_max_mm_day | regional_mean_dekad_total_mm,regional_mean_dekad_total_mm,,0.0,,,,,,,
wapor\processed\aeti_2018_2024_dekadal.csv,csv,ok,252.0,11.0,date | year | month | dekad | days | valid_pixels | aeti_mean_mm_dekad | aeti_median_mm_dekad | aeti_min_mm_dekad | aeti_max_mm_dekad | raster,year | month | dekad | days | valid_pixels | aeti_mean_mm_dekad | aeti_median_mm_dekad | aeti_min_mm_dekad | aeti_max_mm_dekad,date | year | month | dekad | aeti_mean_mm_dekad | aeti_median_mm_dekad | aeti_min_mm_dekad | aeti_max_mm_dekad,date,0.0,2018-01-01 00:00:00,2024-12-21 00:00:00,252.0,10.0,8.0,11.0,
wapor\processed\aeti_2018_2024_monthly.csv,csv,ok,84.0,4.0,time | aeti_mm | dekads | mean_valid_pixels,aeti_mm | dekads | mean_valid_pixels,time | dekads,time,0.0,2018-01-01 00:00:00,2024-12-01 00:00:00,84.0,31.0,28.0,31.0,
wapor\processed\aeti_box_vs_agriculture.csv,csv,ok,252.0,17.0,date | year | month | dekad | days | valid_pixels | aeti_mean_mm_dekad | aeti_median_mm_dekad | aeti_min_mm_dekad | aeti_max_mm_dekad | raster | agricultural_aeti_weighted_mm | aeti_crop50_mm | aeti_crop90_mm | mixed_agricultural_pixels | crop_equivalent_pixel_weight | difference_mm,year | month | dekad | days | valid_pixels | aeti_mean_mm_dekad | aeti_median_mm_dekad | aeti_min_mm_dekad | aeti_max_mm_dekad | agricultural_aeti_weighted_mm | aeti_crop50_mm | aeti_crop90_mm | mixed_agricultural_pixels | crop_equivalent_pixel_weight | difference_mm,date | year | month | dekad | aeti_mean_mm_dekad | aeti_median_mm_dekad | aeti_min_mm_dekad | aeti_max_mm_dekad,date,0.0,2018-01-01 00:00:00,2024-12-21 00:00:00,252.0,10.0,8.0,11.0,
wapor\processed\agricultural_aeti_2018_2024_dekadal.csv,csv,ok,252.0,8.0,year | month | dekad | agricultural_aeti_weighted_mm | aeti_crop50_mm | aeti_crop90_mm | mixed_agricultural_pixels | crop_equivalent_pixel_weight,year | month | dekad | agricultural_aeti_weighted_mm | aeti_crop50_mm | aeti_crop90_mm | mixed_agricultural_pixels | crop_equivalent_pixel_weight,year | month | dekad,,0.0,,,,,,,
wapor_ret\processed\ret_2018_2024_dekadal.csv,csv,ok,252.0,11.0,date | year | month | dekad | days | valid_pixels | ret_mean_mm_dekad | ret_median_mm_dekad | ret_min_mm_dekad | ret_max_mm_dekad | raster,year | month | dekad | days | valid_pixels | ret_mean_mm_dekad | ret_median_mm_dekad | ret_min_mm_dekad | ret_max_mm_dekad,date | year | month | dekad | ret_mean_mm_dekad | ret_median_mm_dekad | ret_min_mm_dekad | ret_max_mm_dekad,date,0.0,2018-01-01 00:00:00,2024-12-21 00:00:00,252.0,10.0,8.0,11.0,
chirps_dekad\processed\chirps_v3_2018_01_D1_northern_jordan_valley.tif,raster,not_tabular,,,,,,,,,,,,,,
chirps_dekad\processed\rasters\chirps-v3.0.2018.01.1_NJValley.tif,raster,not_tabular,,,,,,,,,,,,,,
chirps_dekad\processed\rasters\chirps-v3.0.2018.01.2_NJValley.tif,raster,not_tabular,,,,,,,,,,,,,,
chirps_dekad\processed\rasters\chirps-v3.0.2018.01.3_NJValley.tif,raster,not_tabular,,,,,,,,,,,,,,
chirps_dekad\processed\rasters\chirps-v3.0.2018.02.1_NJValley.tif,raster,not_tabular,,,,,,,,,,,,,,
chirps_dekad\processed\rasters\chirps-v3.0.2018.02.2_NJValley.tif,raster,not_tabular,,,,,,,,,,,,,,
chirps_dekad\processed\rasters\chirps-v3.0.2018.02.3_NJValley.tif,raster,not_tabular,,,,,,,,,,,,,,
chirps_dekad\processed\rasters\chirps-v3.0.2018.03.1_NJValley.tif,raster,not_tabular,,,,,,,,,,,,,,
chirps_dekad\processed\rasters\chirps-v3.0.2018.03.2_NJValley.tif,raster,not_tabular,,,,,,,,,,,,,,
chirps_dekad\processed\rasters\chirps-v3.0.2018.03.3_NJValley.tif,raster,not_tabular,,,,,,,,,,,,,,
chirps_dekad\processed\rasters\chirps-v3.0.2018.04.1_NJValley.tif,raster,not_tabular,,,,,,,,,,,,,,
chirps_dekad\processed\rasters\chirps-v3.0.2018.04.2_NJValley.tif,raster,not_tabular,,,,,,,,,,,,,,
chirps_dekad\processed\rasters\chirps-v3.0.2018.04.3_NJValley.tif,raster,not_tabular,,,,,,,,,,,,,,
chirps_dekad\processed\rasters\chirps-v3.0.2018.05.1_NJValley.tif,raster,not_tabular,,,,,,,,,,,,,,
chirps_dekad\processed\rasters\chirps-v3.0.2018.05.2_NJValley.tif,raster,not_tabular,,,,,,,,,,,,,,
chirps_dekad\processed\rasters\chirps-v3.0.2018.05.3_NJValley.tif,raster,not_tabular,,,,,,,,,,,,,,
chirps_dekad\processed\rasters\chirps-v3.0.2018.06.1_NJValley.tif,raster,not_tabular,,,,,,,,,,,,,,
chirps_dekad\processed\rasters\chirps-v3.0.2018.06.2_NJValley.tif,raster,not_tabular,,,,,,,,,,,,,,
chirps_dekad\processed\rasters\chirps-v3.0.2018.06.3_NJValley.tif,raster,not_tabular,,,,,,,,,,,,,,
chirps_dekad\processed\rasters\chirps-v3.0.2018.07.1_NJValley.tif,raster,not_tabular,,,,,,,,,,,,,,
chirps_dekad\processed\rasters\chirps-v3.0.2018.07.2_NJValley.tif,raster,not_tabular,,,,,,,,,,,,,,
chirps_dekad\processed\rasters\chirps-v3.0.2018.07.3_NJValley.tif,raster,not_tabular,,,,,,,,,,,,,,
chirps_dekad\processed\rasters\chirps-v3.0.2018.08.1_NJValley.tif,raster,not_tabular,,,,,,,,,,,,,,
chirps_dekad\processed\rasters\chirps-v3.0.2018.08.2_NJValley.tif,raster,not_tabular,,,,,,,,,,,,,,
chirps_dekad\processed\rasters\chirps-v3.0.2018.08.3_NJValley.tif,raster,not_tabular,,,,,,,,,,,,,,
chirps_dekad\processed\rasters\chirps-v3.0.2018.09.1_NJValley.tif,raster,not_tabular,,,,,,,,,,,,,,
chirps_dekad\processed\rasters\chirps-v3.0.2018.09.2_NJValley.tif,raster,not_tabular,,,,,,,,,,,,,,
chirps_dekad\processed\rasters\chirps-v3.0.2018.09.3_NJValley.tif,raster,not_tabular,,,,,,,,,,,,,,
chirps_dekad\processed\rasters\chirps-v3.0.2018.10.1_NJValley.tif,raster,not_tabular,,,,,,,,,,,,,,
chirps_dekad\processed\rasters\chirps-v3.0.2018.10.2_NJValley.tif,raster,not_tabular,,,,,,,,,,,,,,
chirps_dekad\processed\rasters\chirps-v3.0.2018.10.3_NJValley.tif,raster,not_tabular,,,,,,,,,,,,,,
chirps_dekad\processed\rasters\chirps-v3.0.2018.11.1_NJValley.tif,raster,not_tabular,,,,,,,,,,,,,,
chirps_dekad\processed\rasters\chirps-v3.0.2018.11.2_NJValley.tif,raster,not_tabular,,,,,,,,,,,,,,
chirps_dekad\processed\rasters\chirps-v3.0.2018.11.3_NJValley.tif,raster,not_tabular,,,,,,,,,,,,,,
chirps_dekad\processed\rasters\chirps-v3.0.2018.12.1_NJValley.tif,raster,not_tabular,,,,,,,,,,,,,,
chirps_dekad\processed\rasters\chirps-v3.0.2018.12.2_NJValley.tif,raster,not_tabular,,,,,,,,,,,,,,
chirps_dekad\processed\rasters\chirps-v3.0.2018.12.3_NJValley.tif,raster,not_tabular,,,,,,,,,,,,,,
chirps_dekad\processed\rasters\chirps-v3.0.2019.01.1_NJValley.tif,raster,not_tabular,,,,,,,,,,,,,,
chirps_dekad\processed\rasters\chirps-v3.0.2019.01.2_NJValley.tif,raster,not_tabular,,,,,,,,,,,,,,
chirps_dekad\processed\rasters\chirps-v3.0.2019.01.3_NJValley.tif,raster,not_tabular,,,,,,,,,,,,,,
chirps_dekad\processed\rasters\chirps-v3.0.2019.02.1_NJValley.tif,raster,not_tabular,,,,,,,,,,,,,,
chirps_dekad\processed\rasters\chirps-v3.0.2019.02.2_NJValley.tif,raster,not_tabular,,,,,,,,,,,,,,
chirps_dekad\processed\rasters\chirps-v3.0.2019.02.3_NJValley.tif,raster,not_tabular,,,,,,,,,,,,,,
chirps_dekad\processed\rasters\chirps-v3.0.2019.03.1_NJValley.tif,raster,not_tabular,,,,,,,,,,,,,,
chirps_dekad\processed\rasters\chirps-v3.0.2019.03.2_NJValley.tif,raster,not_tabular,,,,,,,,,,,,,,
chirps_dekad\processed\rasters\chirps-v3.0.2019.03.3_NJValley.tif,raster,not_tabular,,,,,,,,,,,,,,
chirps_dekad\processed\rasters\chirps-v3.0.2019.04.1_NJValley.tif,raster,not_tabular,,,,,,,,,,,,,,
chirps_dekad\processed\rasters\chirps-v3.0.2019.04.2_NJValley.tif,raster,not_tabular,,,,,,,,,,,,,,
chirps_dekad\processed\rasters\chirps-v3.0.2019.04.3_NJValley.tif,raster,not_tabular,,,,,,,,,,,,,,
chirps_dekad\processed\rasters\chirps-v3.0.2019.05.1_NJValley.tif,raster,not_tabular,,,,,,,,,,,,,,
chirps_dekad\processed\rasters\chirps-v3.0.2019.05.2_NJValley.tif,raster,not_tabular,,,,,,,,,,,,,,
chirps_dekad\processed\rasters\chirps-v3.0.2019.05.3_NJValley.tif,raster,not_tabular,,,,,,,,,,,,,,
chirps_dekad\processed\rasters\chirps-v3.0.2019.06.1_NJValley.tif,raster,not_tabular,,,,,,,,,,,,,,
chirps_dekad\processed\rasters\chirps-v3.0.2019.06.2_NJValley.tif,raster,not_tabular,,,,,,,,,,,,,,
chirps_dekad\processed\rasters\chirps-v3.0.2019.06.3_NJValley.tif,raster,not_tabular,,,,,,,,,,,,,,
chirps_dekad\processed\rasters\chirps-v3.0.2019.07.1_NJValley.tif,raster,not_tabular,,,,,,,,,,,,,,
chirps_dekad\processed\rasters\chirps-v3.0.2019.07.2_NJValley.tif,raster,not_tabular,,,,,,,,,,,,,,
chirps_dekad\processed\rasters\chirps-v3.0.2019.07.3_NJValley.tif,raster,not_tabular,,,,,,,,,,,,,,
chirps_dekad\processed\rasters\chirps-v3.0.2019.08.1_NJValley.tif,raster,not_tabular,,,,,,,,,,,,,,
chirps_dekad\processed\rasters\chirps-v3.0.2019.08.2_NJValley.tif,raster,not_tabular,,,,,,,,,,,,,,
chirps_dekad\processed\rasters\chirps-v3.0.2019.08.3_NJValley.tif,raster,not_tabular,,,,,,,,,,,,,,
chirps_dekad\processed\rasters\chirps-v3.0.2019.09.1_NJValley.tif,raster,not_tabular,,,,,,,,,,,,,,
chirps_dekad\processed\rasters\chirps-v3.0.2019.09.2_NJValley.tif,raster,not_tabular,,,,,,,,,,,,,,
chirps_dekad\processed\rasters\chirps-v3.0.2019.09.3_NJValley.tif,raster,not_tabular,,,,,,,,,,,,,,
chirps_dekad\processed\rasters\chirps-v3.0.2019.10.1_NJValley.tif,raster,not_tabular,,,,,,,,,,,,,,
chirps_dekad\processed\rasters\chirps-v3.0.2019.10.2_NJValley.tif,raster,not_tabular,,,,,,,,,,,,,,
chirps_dekad\processed\rasters\chirps-v3.0.2019.10.3_NJValley.tif,raster,not_tabular,,,,,,,,,,,,,,
chirps_dekad\processed\rasters\chirps-v3.0.2019.11.1_NJValley.tif,raster,not_tabular,,,,,,,,,,,,,,
chirps_dekad\processed\rasters\chirps-v3.0.2019.11.2_NJValley.tif,raster,not_tabular,,,,,,,,,,,,,,
chirps_dekad\processed\rasters\chirps-v3.0.2019.11.3_NJValley.tif,raster,not_tabular,,,,,,,,,,,,,,
chirps_dekad\processed\rasters\chirps-v3.0.2019.12.1_NJValley.tif,raster,not_tabular,,,,,,,,,,,,,,
chirps_dekad\processed\rasters\chirps-v3.0.2019.12.2_NJValley.tif,raster,not_tabular,,,,,,,,,,,,,,
chirps_dekad\processed\rasters\chirps-v3.0.2019.12.3_NJValley.tif,raster,not_tabular,,,,,,,,,,,,,,
chirps_dekad\processed\rasters\chirps-v3.0.2020.01.1_NJValley.tif,raster,not_tabular,,,,,,,,,,,,,,
chirps_dekad\processed\rasters\chirps-v3.0.2020.01.2_NJValley.tif,raster,not_tabular,,,,,,,,,,,,,,
chirps_dekad\processed\rasters\chirps-v3.0.2020.01.3_NJValley.tif,raster,not_tabular,,,,,,,,,,,,,,
chirps_dekad\processed\rasters\chirps-v3.0.2020.02.1_NJValley.tif,raster,not_tabular,,,,,,,,,,,,,,
chirps_dekad\processed\rasters\chirps-v3.0.2020.02.2_NJValley.tif,raster,not_tabular,,,,,,,,,,,,,,
chirps_dekad\processed\rasters\chirps-v3.0.2020.02.3_NJValley.tif,raster,not_tabular,,,,,,,,,,,,,,
chirps_dekad\processed\rasters\chirps-v3.0.2020.03.1_NJValley.tif,raster,not_tabular,,,,,,,,,,,,,,
chirps_dekad\processed\rasters\chirps-v3.0.2020.03.2_NJValley.tif,raster,not_tabular,,,,,,,,,,,,,,
chirps_dekad\processed\rasters\chirps-v3.0.2020.03.3_NJValley.tif,raster,not_tabular,,,,,,,,,,,,,,
chirps_dekad\processed\rasters\chirps-v3.0.2020.04.1_NJValley.tif,raster,not_tabular,,,,,,,,,,,,,,
chirps_dekad\processed\rasters\chirps-v3.0.2020.04.2_NJValley.tif,raster,not_tabular,,,,,,,,,,,,,,
chirps_dekad\processed\rasters\chirps-v3.0.2020.04.3_NJValley.tif,raster,not_tabular,,,,,,,,,,,,,,
chirps_dekad\processed\rasters\chirps-v3.0.2020.05.1_NJValley.tif,raster,not_tabular,,,,,,,,,,,,,,
chirps_dekad\processed\rasters\chirps-v3.0.2020.05.2_NJValley.tif,raster,not_tabular,,,,,,,,,,,,,,
chirps_dekad\processed\rasters\chirps-v3.0.2020.05.3_NJValley.tif,raster,not_tabular,,,,,,,,,,,,,,
chirps_dekad\processed\rasters\chirps-v3.0.2020.06.1_NJValley.tif,raster,not_tabular,,,,,,,,,,,,,,
chirps_dekad\processed\rasters\chirps-v3.0.2020.06.2_NJValley.tif,raster,not_tabular,,,,,,,,,,,,,,
chirps_dekad\processed\rasters\chirps-v3.0.2020.06.3_NJValley.tif,raster,not_tabular,,,,,,,,,,,,,,
chirps_dekad\processed\rasters\chirps-v3.0.2020.07.1_NJValley.tif,raster,not_tabular,,,,,,,,,,,,,,
chirps_dekad\processed\rasters\chirps-v3.0.2020.07.2_NJValley.tif,raster,not_tabular,,,,,,,,,,,,,,
chirps_dekad\processed\rasters\chirps-v3.0.2020.07.3_NJValley.tif,raster,not_tabular,,,,,,,,,,,,,,
chirps_dekad\processed\rasters\chirps-v3.0.2020.08.1_NJValley.tif,raster,not_tabular,,,,,,,,,,,,,,
chirps_dekad\processed\rasters\chirps-v3.0.2020.08.2_NJValley.tif,raster,not_tabular,,,,,,,,,,,,,,
chirps_dekad\processed\rasters\chirps-v3.0.2020.08.3_NJValley.tif,raster,not_tabular,,,,,,,,,,,,,,
chirps_dekad\processed\rasters\chirps-v3.0.2020.09.1_NJValley.tif,raster,not_tabular,,,,,,,,,,,,,,
chirps_dekad\processed\rasters\chirps-v3.0.2020.09.2_NJValley.tif,raster,not_tabular,,,,,,,,,,,,,,
chirps_dekad\processed\rasters\chirps-v3.0.2020.09.3_NJValley.tif,raster,not_tabular,,,,,,,,,,,,,,
chirps_dekad\processed\rasters\chirps-v3.0.2020.10.1_NJValley.tif,raster,not_tabular,,,,,,,,,,,,,,
chirps_dekad\processed\rasters\chirps-v3.0.2020.10.2_NJValley.tif,raster,not_tabular,,,,,,,,,,,,,,
chirps_dekad\processed\rasters\chirps-v3.0.2020.10.3_NJValley.tif,raster,not_tabular,,,,,,,,,,,,,,
chirps_dekad\processed\rasters\chirps-v3.0.2020.11.1_NJValley.tif,raster,not_tabular,,,,,,,,,,,,,,
chirps_dekad\processed\rasters\chirps-v3.0.2020.11.2_NJValley.tif,raster,not_tabular,,,,,,,,,,,,,,
chirps_dekad\processed\rasters\chirps-v3.0.2020.11.3_NJValley.tif,raster,not_tabular,,,,,,,,,,,,,,
chirps_dekad\processed\rasters\chirps-v3.0.2020.12.1_NJValley.tif,raster,not_tabular,,,,,,,,,,,,,,
chirps_dekad\processed\rasters\chirps-v3.0.2020.12.2_NJValley.tif,raster,not_tabular,,,,,,,,,,,,,,
chirps_dekad\processed\rasters\chirps-v3.0.2020.12.3_NJValley.tif,raster,not_tabular,,,,,,,,,,,,,,
chirps_dekad\processed\rasters\chirps-v3.0.2021.01.1_NJValley.tif,raster,not_tabular,,,,,,,,,,,,,,
chirps_dekad\processed\rasters\chirps-v3.0.2021.01.2_NJValley.tif,raster,not_tabular,,,,,,,,,,,,,,
chirps_dekad\processed\rasters\chirps-v3.0.2021.01.3_NJValley.tif,raster,not_tabular,,,,,,,,,,,,,,
chirps_dekad\processed\rasters\chirps-v3.0.2021.02.1_NJValley.tif,raster,not_tabular,,,,,,,,,,,,,,
chirps_dekad\processed\rasters\chirps-v3.0.2021.02.2_NJValley.tif,raster,not_tabular,,,,,,,,,,,,,,
chirps_dekad\processed\rasters\chirps-v3.0.2021.02.3_NJValley.tif,raster,not_tabular,,,,,,,,,,,,,,
chirps_dekad\processed\rasters\chirps-v3.0.2021.03.1_NJValley.tif,raster,not_tabular,,,,,,,,,,,,,,
chirps_dekad\processed\rasters\chirps-v3.0.2021.03.2_NJValley.tif,raster,not_tabular,,,,,,,,,,,,,,
chirps_dekad\processed\rasters\chirps-v3.0.2021.03.3_NJValley.tif,raster,not_tabular,,,,,,,,,,,,,,
chirps_dekad\processed\rasters\chirps-v3.0.2021.04.1_NJValley.tif,raster,not_tabular,,,,,,,,,,,,,,
chirps_dekad\processed\rasters\chirps-v3.0.2021.04.2_NJValley.tif,raster,not_tabular,,,,,,,,,,,,,,
chirps_dekad\processed\rasters\chirps-v3.0.2021.04.3_NJValley.tif,raster,not_tabular,,,,,,,,,,,,,,
chirps_dekad\processed\rasters\chirps-v3.0.2021.05.1_NJValley.tif,raster,not_tabular,,,,,,,,,,,,,,
chirps_dekad\processed\rasters\chirps-v3.0.2021.05.2_NJValley.tif,raster,not_tabular,,,,,,,,,,,,,,
chirps_dekad\processed\rasters\chirps-v3.0.2021.05.3_NJValley.tif,raster,not_tabular,,,,,,,,,,,,,,
chirps_dekad\processed\rasters\chirps-v3.0.2021.06.1_NJValley.tif,raster,not_tabular,,,,,,,,,,,,,,
chirps_dekad\processed\rasters\chirps-v3.0.2021.06.2_NJValley.tif,raster,not_tabular,,,,,,,,,,,,,,
chirps_dekad\processed\rasters\chirps-v3.0.2021.06.3_NJValley.tif,raster,not_tabular,,,,,,,,,,,,,,
chirps_dekad\processed\rasters\chirps-v3.0.2021.07.1_NJValley.tif,raster,not_tabular,,,,,,,,,,,,,,
chirps_dekad\processed\rasters\chirps-v3.0.2021.07.2_NJValley.tif,raster,not_tabular,,,,,,,,,,,,,,
chirps_dekad\processed\rasters\chirps-v3.0.2021.07.3_NJValley.tif,raster,not_tabular,,,,,,,,,,,,,,
chirps_dekad\processed\rasters\chirps-v3.0.2021.08.1_NJValley.tif,raster,not_tabular,,,,,,,,,,,,,,
chirps_dekad\processed\rasters\chirps-v3.0.2021.08.2_NJValley.tif,raster,not_tabular,,,,,,,,,,,,,,
chirps_dekad\processed\rasters\chirps-v3.0.2021.08.3_NJValley.tif,raster,not_tabular,,,,,,,,,,,,,,
chirps_dekad\processed\rasters\chirps-v3.0.2021.09.1_NJValley.tif,raster,not_tabular,,,,,,,,,,,,,,
chirps_dekad\processed\rasters\chirps-v3.0.2021.09.2_NJValley.tif,raster,not_tabular,,,,,,,,,,,,,,
chirps_dekad\processed\rasters\chirps-v3.0.2021.09.3_NJValley.tif,raster,not_tabular,,,,,,,,,,,,,,
chirps_dekad\processed\rasters\chirps-v3.0.2021.10.1_NJValley.tif,raster,not_tabular,,,,,,,,,,,,,,
chirps_dekad\processed\rasters\chirps-v3.0.2021.10.2_NJValley.tif,raster,not_tabular,,,,,,,,,,,,,,
chirps_dekad\processed\rasters\chirps-v3.0.2021.10.3_NJValley.tif,raster,not_tabular,,,,,,,,,,,,,,
chirps_dekad\processed\rasters\chirps-v3.0.2021.11.1_NJValley.tif,raster,not_tabular,,,,,,,,,,,,,,
chirps_dekad\processed\rasters\chirps-v3.0.2021.11.2_NJValley.tif,raster,not_tabular,,,,,,,,,,,,,,
chirps_dekad\processed\rasters\chirps-v3.0.2021.11.3_NJValley.tif,raster,not_tabular,,,,,,,,,,,,,,
chirps_dekad\processed\rasters\chirps-v3.0.2021.12.1_NJValley.tif,raster,not_tabular,,,,,,,,,,,,,,
chirps_dekad\processed\rasters\chirps-v3.0.2021.12.2_NJValley.tif,raster,not_tabular,,,,,,,,,,,,,,
chirps_dekad\processed\rasters\chirps-v3.0.2021.12.3_NJValley.tif,raster,not_tabular,,,,,,,,,,,,,,
chirps_dekad\processed\rasters\chirps-v3.0.2022.01.1_NJValley.tif,raster,not_tabular,,,,,,,,,,,,,,
chirps_dekad\processed\rasters\chirps-v3.0.2022.01.2_NJValley.tif,raster,not_tabular,,,,,,,,,,,,,,
chirps_dekad\processed\rasters\chirps-v3.0.2022.01.3_NJValley.tif,raster,not_tabular,,,,,,,,,,,,,,
chirps_dekad\processed\rasters\chirps-v3.0.2022.02.1_NJValley.tif,raster,not_tabular,,,,,,,,,,,,,,
chirps_dekad\processed\rasters\chirps-v3.0.2022.02.2_NJValley.tif,raster,not_tabular,,,,,,,,,,,,,,
chirps_dekad\processed\rasters\chirps-v3.0.2022.02.3_NJValley.tif,raster,not_tabular,,,,,,,,,,,,,,
chirps_dekad\processed\rasters\chirps-v3.0.2022.03.1_NJValley.tif,raster,not_tabular,,,,,,,,,,,,,,
chirps_dekad\processed\rasters\chirps-v3.0.2022.03.2_NJValley.tif,raster,not_tabular,,,,,,,,,,,,,,
chirps_dekad\processed\rasters\chirps-v3.0.2022.03.3_NJValley.tif,raster,not_tabular,,,,,,,,,,,,,,
chirps_dekad\processed\rasters\chirps-v3.0.2022.04.1_NJValley.tif,raster,not_tabular,,,,,,,,,,,,,,
chirps_dekad\processed\rasters\chirps-v3.0.2022.04.2_NJValley.tif,raster,not_tabular,,,,,,,,,,,,,,
chirps_dekad\processed\rasters\chirps-v3.0.2022.04.3_NJValley.tif,raster,not_tabular,,,,,,,,,,,,,,
chirps_dekad\processed\rasters\chirps-v3.0.2022.05.1_NJValley.tif,raster,not_tabular,,,,,,,,,,,,,,
chirps_dekad\processed\rasters\chirps-v3.0.2022.05.2_NJValley.tif,raster,not_tabular,,,,,,,,,,,,,,
chirps_dekad\processed\rasters\chirps-v3.0.2022.05.3_NJValley.tif,raster,not_tabular,,,,,,,,,,,,,,
chirps_dekad\processed\rasters\chirps-v3.0.2022.06.1_NJValley.tif,raster,not_tabular,,,,,,,,,,,,,,
chirps_dekad\processed\rasters\chirps-v3.0.2022.06.2_NJValley.tif,raster,not_tabular,,,,,,,,,,,,,,
chirps_dekad\processed\rasters\chirps-v3.0.2022.06.3_NJValley.tif,raster,not_tabular,,,,,,,,,,,,,,
chirps_dekad\processed\rasters\chirps-v3.0.2022.07.1_NJValley.tif,raster,not_tabular,,,,,,,,,,,,,,
chirps_dekad\processed\rasters\chirps-v3.0.2022.07.2_NJValley.tif,raster,not_tabular,,,,,,,,,,,,,,
chirps_dekad\processed\rasters\chirps-v3.0.2022.07.3_NJValley.tif,raster,not_tabular,,,,,,,,,,,,,,
chirps_dekad\processed\rasters\chirps-v3.0.2022.08.1_NJValley.tif,raster,not_tabular,,,,,,,,,,,,,,
chirps_dekad\processed\rasters\chirps-v3.0.2022.08.2_NJValley.tif,raster,not_tabular,,,,,,,,,,,,,,
chirps_dekad\processed\rasters\chirps-v3.0.2022.08.3_NJValley.tif,raster,not_tabular,,,,,,,,,,,,,,
chirps_dekad\processed\rasters\chirps-v3.0.2022.09.1_NJValley.tif,raster,not_tabular,,,,,,,,,,,,,,
chirps_dekad\processed\rasters\chirps-v3.0.2022.09.2_NJValley.tif,raster,not_tabular,,,,,,,,,,,,,,
chirps_dekad\processed\rasters\chirps-v3.0.2022.09.3_NJValley.tif,raster,not_tabular,,,,,,,,,,,,,,
chirps_dekad\processed\rasters\chirps-v3.0.2022.10.1_NJValley.tif,raster,not_tabular,,,,,,,,,,,,,,
chirps_dekad\processed\rasters\chirps-v3.0.2022.10.2_NJValley.tif,raster,not_tabular,,,,,,,,,,,,,,
chirps_dekad\processed\rasters\chirps-v3.0.2022.10.3_NJValley.tif,raster,not_tabular,,,,,,,,,,,,,,
chirps_dekad\processed\rasters\chirps-v3.0.2022.11.1_NJValley.tif,raster,not_tabular,,,,,,,,,,,,,,
chirps_dekad\processed\rasters\chirps-v3.0.2022.11.2_NJValley.tif,raster,not_tabular,,,,,,,,,,,,,,
chirps_dekad\processed\rasters\chirps-v3.0.2022.11.3_NJValley.tif,raster,not_tabular,,,,,,,,,,,,,,
chirps_dekad\processed\rasters\chirps-v3.0.2022.12.1_NJValley.tif,raster,not_tabular,,,,,,,,,,,,,,
chirps_dekad\processed\rasters\chirps-v3.0.2022.12.2_NJValley.tif,raster,not_tabular,,,,,,,,,,,,,,
chirps_dekad\processed\rasters\chirps-v3.0.2022.12.3_NJValley.tif,raster,not_tabular,,,,,,,,,,,,,,
chirps_dekad\processed\rasters\chirps-v3.0.2023.01.1_NJValley.tif,raster,not_tabular,,,,,,,,,,,,,,
chirps_dekad\processed\rasters\chirps-v3.0.2023.01.2_NJValley.tif,raster,not_tabular,,,,,,,,,,,,,,
chirps_dekad\processed\rasters\chirps-v3.0.2023.01.3_NJValley.tif,raster,not_tabular,,,,,,,,,,,,,,
chirps_dekad\processed\rasters\chirps-v3.0.2023.02.1_NJValley.tif,raster,not_tabular,,,,,,,,,,,,,,
chirps_dekad\processed\rasters\chirps-v3.0.2023.02.2_NJValley.tif,raster,not_tabular,,,,,,,,,,,,,,
chirps_dekad\processed\rasters\chirps-v3.0.2023.02.3_NJValley.tif,raster,not_tabular,,,,,,,,,,,,,,
chirps_dekad\processed\rasters\chirps-v3.0.2023.03.1_NJValley.tif,raster,not_tabular,,,,,,,,,,,,,,
chirps_dekad\processed\rasters\chirps-v3.0.2023.03.2_NJValley.tif,raster,not_tabular,,,,,,,,,,,,,,
chirps_dekad\processed\rasters\chirps-v3.0.2023.03.3_NJValley.tif,raster,not_tabular,,,,,,,,,,,,,,
chirps_dekad\processed\rasters\chirps-v3.0.2023.04.1_NJValley.tif,raster,not_tabular,,,,,,,,,,,,,,
chirps_dekad\processed\rasters\chirps-v3.0.2023.04.2_NJValley.tif,raster,not_tabular,,,,,,,,,,,,,,
chirps_dekad\processed\rasters\chirps-v3.0.2023.04.3_NJValley.tif,raster,not_tabular,,,,,,,,,,,,,,
chirps_dekad\processed\rasters\chirps-v3.0.2023.05.1_NJValley.tif,raster,not_tabular,,,,,,,,,,,,,,
chirps_dekad\processed\rasters\chirps-v3.0.2023.05.2_NJValley.tif,raster,not_tabular,,,,,,,,,,,,,,
chirps_dekad\processed\rasters\chirps-v3.0.2023.05.3_NJValley.tif,raster,not_tabular,,,,,,,,,,,,,,
chirps_dekad\processed\rasters\chirps-v3.0.2023.06.1_NJValley.tif,raster,not_tabular,,,,,,,,,,,,,,
chirps_dekad\processed\rasters\chirps-v3.0.2023.06.2_NJValley.tif,raster,not_tabular,,,,,,,,,,,,,,
chirps_dekad\processed\rasters\chirps-v3.0.2023.06.3_NJValley.tif,raster,not_tabular,,,,,,,,,,,,,,
chirps_dekad\processed\rasters\chirps-v3.0.2023.07.1_NJValley.tif,raster,not_tabular,,,,,,,,,,,,,,
chirps_dekad\processed\rasters\chirps-v3.0.2023.07.2_NJValley.tif,raster,not_tabular,,,,,,,,,,,,,,
chirps_dekad\processed\rasters\chirps-v3.0.2023.07.3_NJValley.tif,raster,not_tabular,,,,,,,,,,,,,,
chirps_dekad\processed\rasters\chirps-v3.0.2023.08.1_NJValley.tif,raster,not_tabular,,,,,,,,,,,,,,
chirps_dekad\processed\rasters\chirps-v3.0.2023.08.2_NJValley.tif,raster,not_tabular,,,,,,,,,,,,,,
chirps_dekad\processed\rasters\chirps-v3.0.2023.08.3_NJValley.tif,raster,not_tabular,,,,,,,,,,,,,,
chirps_dekad\processed\rasters\chirps-v3.0.2023.09.1_NJValley.tif,raster,not_tabular,,,,,,,,,,,,,,
chirps_dekad\processed\rasters\chirps-v3.0.2023.09.2_NJValley.tif,raster,not_tabular,,,,,,,,,,,,,,
chirps_dekad\processed\rasters\chirps-v3.0.2023.09.3_NJValley.tif,raster,not_tabular,,,,,,,,,,,,,,
chirps_dekad\processed\rasters\chirps-v3.0.2023.10.1_NJValley.tif,raster,not_tabular,,,,,,,,,,,,,,
chirps_dekad\processed\rasters\chirps-v3.0.2023.10.2_NJValley.tif,raster,not_tabular,,,,,,,,,,,,,,
chirps_dekad\processed\rasters\chirps-v3.0.2023.10.3_NJValley.tif,raster,not_tabular,,,,,,,,,,,,,,
chirps_dekad\processed\rasters\chirps-v3.0.2023.11.1_NJValley.tif,raster,not_tabular,,,,,,,,,,,,,,
chirps_dekad\processed\rasters\chirps-v3.0.2023.11.2_NJValley.tif,raster,not_tabular,,,,,,,,,,,,,,
chirps_dekad\processed\rasters\chirps-v3.0.2023.11.3_NJValley.tif,raster,not_tabular,,,,,,,,,,,,,,
chirps_dekad\processed\rasters\chirps-v3.0.2023.12.1_NJValley.tif,raster,not_tabular,,,,,,,,,,,,,,
chirps_dekad\processed\rasters\chirps-v3.0.2023.12.2_NJValley.tif,raster,not_tabular,,,,,,,,,,,,,,
chirps_dekad\processed\rasters\chirps-v3.0.2023.12.3_NJValley.tif,raster,not_tabular,,,,,,,,,,,,,,
chirps_dekad\processed\rasters\chirps-v3.0.2024.01.1_NJValley.tif,raster,not_tabular,,,,,,,,,,,,,,
chirps_dekad\processed\rasters\chirps-v3.0.2024.01.2_NJValley.tif,raster,not_tabular,,,,,,,,,,,,,,
chirps_dekad\processed\rasters\chirps-v3.0.2024.01.3_NJValley.tif,raster,not_tabular,,,,,,,,,,,,,,
chirps_dekad\processed\rasters\chirps-v3.0.2024.02.1_NJValley.tif,raster,not_tabular,,,,,,,,,,,,,,
chirps_dekad\processed\rasters\chirps-v3.0.2024.02.2_NJValley.tif,raster,not_tabular,,,,,,,,,,,,,,
chirps_dekad\processed\rasters\chirps-v3.0.2024.02.3_NJValley.tif,raster,not_tabular,,,,,,,,,,,,,,
chirps_dekad\processed\rasters\chirps-v3.0.2024.03.1_NJValley.tif,raster,not_tabular,,,,,,,,,,,,,,
chirps_dekad\processed\rasters\chirps-v3.0.2024.03.2_NJValley.tif,raster,not_tabular,,,,,,,,,,,,,,
chirps_dekad\processed\rasters\chirps-v3.0.2024.03.3_NJValley.tif,raster,not_tabular,,,,,,,,,,,,,,
chirps_dekad\processed\rasters\chirps-v3.0.2024.04.1_NJValley.tif,raster,not_tabular,,,,,,,,,,,,,,
chirps_dekad\processed\rasters\chirps-v3.0.2024.04.2_NJValley.tif,raster,not_tabular,,,,,,,,,,,,,,
chirps_dekad\processed\rasters\chirps-v3.0.2024.04.3_NJValley.tif,raster,not_tabular,,,,,,,,,,,,,,
chirps_dekad\processed\rasters\chirps-v3.0.2024.05.1_NJValley.tif,raster,not_tabular,,,,,,,,,,,,,,
chirps_dekad\processed\rasters\chirps-v3.0.2024.05.2_NJValley.tif,raster,not_tabular,,,,,,,,,,,,,,
chirps_dekad\processed\rasters\chirps-v3.0.2024.05.3_NJValley.tif,raster,not_tabular,,,,,,,,,,,,,,
chirps_dekad\processed\rasters\chirps-v3.0.2024.06.1_NJValley.tif,raster,not_tabular,,,,,,,,,,,,,,
chirps_dekad\processed\rasters\chirps-v3.0.2024.06.2_NJValley.tif,raster,not_tabular,,,,,,,,,,,,,,
chirps_dekad\processed\rasters\chirps-v3.0.2024.06.3_NJValley.tif,raster,not_tabular,,,,,,,,,,,,,,
chirps_dekad\processed\rasters\chirps-v3.0.2024.07.1_NJValley.tif,raster,not_tabular,,,,,,,,,,,,,,
chirps_dekad\processed\rasters\chirps-v3.0.2024.07.2_NJValley.tif,raster,not_tabular,,,,,,,,,,,,,,
chirps_dekad\processed\rasters\chirps-v3.0.2024.07.3_NJValley.tif,raster,not_tabular,,,,,,,,,,,,,,
chirps_dekad\processed\rasters\chirps-v3.0.2024.08.1_NJValley.tif,raster,not_tabular,,,,,,,,,,,,,,
chirps_dekad\processed\rasters\chirps-v3.0.2024.08.2_NJValley.tif,raster,not_tabular,,,,,,,,,,,,,,
chirps_dekad\processed\rasters\chirps-v3.0.2024.08.3_NJValley.tif,raster,not_tabular,,,,,,,,,,,,,,
chirps_dekad\processed\rasters\chirps-v3.0.2024.09.1_NJValley.tif,raster,not_tabular,,,,,,,,,,,,,,
chirps_dekad\processed\rasters\chirps-v3.0.2024.09.2_NJValley.tif,raster,not_tabular,,,,,,,,,,,,,,
chirps_dekad\processed\rasters\chirps-v3.0.2024.09.3_NJValley.tif,raster,not_tabular,,,,,,,,,,,,,,
chirps_dekad\processed\rasters\chirps-v3.0.2024.10.1_NJValley.tif,raster,not_tabular,,,,,,,,,,,,,,
chirps_dekad\processed\rasters\chirps-v3.0.2024.10.2_NJValley.tif,raster,not_tabular,,,,,,,,,,,,,,
chirps_dekad\processed\rasters\chirps-v3.0.2024.10.3_NJValley.tif,raster,not_tabular,,,,,,,,,,,,,,
chirps_dekad\processed\rasters\chirps-v3.0.2024.11.1_NJValley.tif,raster,not_tabular,,,,,,,,,,,,,,
chirps_dekad\processed\rasters\chirps-v3.0.2024.11.2_NJValley.tif,raster,not_tabular,,,,,,,,,,,,,,
chirps_dekad\processed\rasters\chirps-v3.0.2024.11.3_NJValley.tif,raster,not_tabular,,,,,,,,,,,,,,
chirps_dekad\processed\rasters\chirps-v3.0.2024.12.1_NJValley.tif,raster,not_tabular,,,,,,,,,,,,,,
chirps_dekad\processed\rasters\chirps-v3.0.2024.12.2_NJValley.tif,raster,not_tabular,,,,,,,,,,,,,,
chirps_dekad\processed\rasters\chirps-v3.0.2024.12.3_NJValley.tif,raster,not_tabular,,,,,,,,,,,,,,
sentinel2\processed\ndvi_2018_03_02_37SBS.tif,raster,not_tabular,,,,,,,,,,,,,,
sentinel2\processed\ndvi_2018_03_02_wapor_grid.tif,raster,not_tabular,,,,,,,,,,,,,,
wapor\processed\aeti_2018_01_D1_northern_jordan_valley.tif,raster,not_tabular,,,,,,,,,,,,,,
wapor\processed\aeti_2018_01_D1_northern_jordan_valley_scaled.tif,raster,not_tabular,,,,,,,,,,,,,,
wapor\processed\aeti_dekad\WAPOR-3.L2-AETI-D.2018-01-D1_NJValley.tif,raster,not_tabular,,,,,,,,,,,,,,
wapor\processed\aeti_dekad\WAPOR-3.L2-AETI-D.2018-01-D2_NJValley.tif,raster,not_tabular,,,,,,,,,,,,,,
wapor\processed\aeti_dekad\WAPOR-3.L2-AETI-D.2018-01-D3_NJValley.tif,raster,not_tabular,,,,,,,,,,,,,,
wapor\processed\aeti_dekad\WAPOR-3.L2-AETI-D.2018-02-D1_NJValley.tif,raster,not_tabular,,,,,,,,,,,,,,
wapor\processed\aeti_dekad\WAPOR-3.L2-AETI-D.2018-02-D2_NJValley.tif,raster,not_tabular,,,,,,,,,,,,,,
wapor\processed\aeti_dekad\WAPOR-3.L2-AETI-D.2018-02-D3_NJValley.tif,raster,not_tabular,,,,,,,,,,,,,,
wapor\processed\aeti_dekad\WAPOR-3.L2-AETI-D.2018-03-D1_NJValley.tif,raster,not_tabular,,,,,,,,,,,,,,
wapor\processed\aeti_dekad\WAPOR-3.L2-AETI-D.2018-03-D2_NJValley.tif,raster,not_tabular,,,,,,,,,,,,,,
wapor\processed\aeti_dekad\WAPOR-3.L2-AETI-D.2018-03-D3_NJValley.tif,raster,not_tabular,,,,,,,,,,,,,,
wapor\processed\aeti_dekad\WAPOR-3.L2-AETI-D.2018-04-D1_NJValley.tif,raster,not_tabular,,,,,,,,,,,,,,
wapor\processed\aeti_dekad\WAPOR-3.L2-AETI-D.2018-04-D2_NJValley.tif,raster,not_tabular,,,,,,,,,,,,,,
wapor\processed\aeti_dekad\WAPOR-3.L2-AETI-D.2018-04-D3_NJValley.tif,raster,not_tabular,,,,,,,,,,,,,,
wapor\processed\aeti_dekad\WAPOR-3.L2-AETI-D.2018-05-D1_NJValley.tif,raster,not_tabular,,,,,,,,,,,,,,
wapor\processed\aeti_dekad\WAPOR-3.L2-AETI-D.2018-05-D2_NJValley.tif,raster,not_tabular,,,,,,,,,,,,,,
wapor\processed\aeti_dekad\WAPOR-3.L2-AETI-D.2018-05-D3_NJValley.tif,raster,not_tabular,,,,,,,,,,,,,,
wapor\processed\aeti_dekad\WAPOR-3.L2-AETI-D.2018-06-D1_NJValley.tif,raster,not_tabular,,,,,,,,,,,,,,
wapor\processed\aeti_dekad\WAPOR-3.L2-AETI-D.2018-06-D2_NJValley.tif,raster,not_tabular,,,,,,,,,,,,,,
wapor\processed\aeti_dekad\WAPOR-3.L2-AETI-D.2018-06-D3_NJValley.tif,raster,not_tabular,,,,,,,,,,,,,,
wapor\processed\aeti_dekad\WAPOR-3.L2-AETI-D.2018-07-D1_NJValley.tif,raster,not_tabular,,,,,,,,,,,,,,
wapor\processed\aeti_dekad\WAPOR-3.L2-AETI-D.2018-07-D2_NJValley.tif,raster,not_tabular,,,,,,,,,,,,,,
wapor\processed\aeti_dekad\WAPOR-3.L2-AETI-D.2018-07-D3_NJValley.tif,raster,not_tabular,,,,,,,,,,,,,,
wapor\processed\aeti_dekad\WAPOR-3.L2-AETI-D.2018-08-D1_NJValley.tif,raster,not_tabular,,,,,,,,,,,,,,
wapor\processed\aeti_dekad\WAPOR-3.L2-AETI-D.2018-08-D2_NJValley.tif,raster,not_tabular,,,,,,,,,,,,,,
wapor\processed\aeti_dekad\WAPOR-3.L2-AETI-D.2018-08-D3_NJValley.tif,raster,not_tabular,,,,,,,,,,,,,,
wapor\processed\aeti_dekad\WAPOR-3.L2-AETI-D.2018-09-D1_NJValley.tif,raster,not_tabular,,,,,,,,,,,,,,
wapor\processed\aeti_dekad\WAPOR-3.L2-AETI-D.2018-09-D2_NJValley.tif,raster,not_tabular,,,,,,,,,,,,,,
wapor\processed\aeti_dekad\WAPOR-3.L2-AETI-D.2018-09-D3_NJValley.tif,raster,not_tabular,,,,,,,,,,,,,,
wapor\processed\aeti_dekad\WAPOR-3.L2-AETI-D.2018-10-D1_NJValley.tif,raster,not_tabular,,,,,,,,,,,,,,
wapor\processed\aeti_dekad\WAPOR-3.L2-AETI-D.2018-10-D2_NJValley.tif,raster,not_tabular,,,,,,,,,,,,,,
wapor\processed\aeti_dekad\WAPOR-3.L2-AETI-D.2018-10-D3_NJValley.tif,raster,not_tabular,,,,,,,,,,,,,,
wapor\processed\aeti_dekad\WAPOR-3.L2-AETI-D.2018-11-D1_NJValley.tif,raster,not_tabular,,,,,,,,,,,,,,
wapor\processed\aeti_dekad\WAPOR-3.L2-AETI-D.2018-11-D2_NJValley.tif,raster,not_tabular,,,,,,,,,,,,,,
wapor\processed\aeti_dekad\WAPOR-3.L2-AETI-D.2018-11-D3_NJValley.tif,raster,not_tabular,,,,,,,,,,,,,,
wapor\processed\aeti_dekad\WAPOR-3.L2-AETI-D.2018-12-D1_NJValley.tif,raster,not_tabular,,,,,,,,,,,,,,
wapor\processed\aeti_dekad\WAPOR-3.L2-AETI-D.2018-12-D2_NJValley.tif,raster,not_tabular,,,,,,,,,,,,,,
wapor\processed\aeti_dekad\WAPOR-3.L2-AETI-D.2018-12-D3_NJValley.tif,raster,not_tabular,,,,,,,,,,,,,,
wapor\processed\aeti_dekad\WAPOR-3.L2-AETI-D.2019-01-D1_NJValley.tif,raster,not_tabular,,,,,,,,,,,,,,
wapor\processed\aeti_dekad\WAPOR-3.L2-AETI-D.2019-01-D2_NJValley.tif,raster,not_tabular,,,,,,,,,,,,,,
wapor\processed\aeti_dekad\WAPOR-3.L2-AETI-D.2019-01-D3_NJValley.tif,raster,not_tabular,,,,,,,,,,,,,,
wapor\processed\aeti_dekad\WAPOR-3.L2-AETI-D.2019-02-D1_NJValley.tif,raster,not_tabular,,,,,,,,,,,,,,
wapor\processed\aeti_dekad\WAPOR-3.L2-AETI-D.2019-02-D2_NJValley.tif,raster,not_tabular,,,,,,,,,,,,,,
wapor\processed\aeti_dekad\WAPOR-3.L2-AETI-D.2019-02-D3_NJValley.tif,raster,not_tabular,,,,,,,,,,,,,,
wapor\processed\aeti_dekad\WAPOR-3.L2-AETI-D.2019-03-D1_NJValley.tif,raster,not_tabular,,,,,,,,,,,,,,
wapor\processed\aeti_dekad\WAPOR-3.L2-AETI-D.2019-03-D2_NJValley.tif,raster,not_tabular,,,,,,,,,,,,,,
wapor\processed\aeti_dekad\WAPOR-3.L2-AETI-D.2019-03-D3_NJValley.tif,raster,not_tabular,,,,,,,,,,,,,,
wapor\processed\aeti_dekad\WAPOR-3.L2-AETI-D.2019-04-D1_NJValley.tif,raster,not_tabular,,,,,,,,,,,,,,
wapor\processed\aeti_dekad\WAPOR-3.L2-AETI-D.2019-04-D2_NJValley.tif,raster,not_tabular,,,,,,,,,,,,,,
wapor\processed\aeti_dekad\WAPOR-3.L2-AETI-D.2019-04-D3_NJValley.tif,raster,not_tabular,,,,,,,,,,,,,,
wapor\processed\aeti_dekad\WAPOR-3.L2-AETI-D.2019-05-D1_NJValley.tif,raster,not_tabular,,,,,,,,,,,,,,
wapor\processed\aeti_dekad\WAPOR-3.L2-AETI-D.2019-05-D2_NJValley.tif,raster,not_tabular,,,,,,,,,,,,,,
wapor\processed\aeti_dekad\WAPOR-3.L2-AETI-D.2019-05-D3_NJValley.tif,raster,not_tabular,,,,,,,,,,,,,,
wapor\processed\aeti_dekad\WAPOR-3.L2-AETI-D.2019-06-D1_NJValley.tif,raster,not_tabular,,,,,,,,,,,,,,
wapor\processed\aeti_dekad\WAPOR-3.L2-AETI-D.2019-06-D2_NJValley.tif,raster,not_tabular,,,,,,,,,,,,,,
wapor\processed\aeti_dekad\WAPOR-3.L2-AETI-D.2019-06-D3_NJValley.tif,raster,not_tabular,,,,,,,,,,,,,,
wapor\processed\aeti_dekad\WAPOR-3.L2-AETI-D.2019-07-D1_NJValley.tif,raster,not_tabular,,,,,,,,,,,,,,
wapor\processed\aeti_dekad\WAPOR-3.L2-AETI-D.2019-07-D2_NJValley.tif,raster,not_tabular,,,,,,,,,,,,,,
wapor\processed\aeti_dekad\WAPOR-3.L2-AETI-D.2019-07-D3_NJValley.tif,raster,not_tabular,,,,,,,,,,,,,,
wapor\processed\aeti_dekad\WAPOR-3.L2-AETI-D.2019-08-D1_NJValley.tif,raster,not_tabular,,,,,,,,,,,,,,
wapor\processed\aeti_dekad\WAPOR-3.L2-AETI-D.2019-08-D2_NJValley.tif,raster,not_tabular,,,,,,,,,,,,,,
wapor\processed\aeti_dekad\WAPOR-3.L2-AETI-D.2019-08-D3_NJValley.tif,raster,not_tabular,,,,,,,,,,,,,,
wapor\processed\aeti_dekad\WAPOR-3.L2-AETI-D.2019-09-D1_NJValley.tif,raster,not_tabular,,,,,,,,,,,,,,
wapor\processed\aeti_dekad\WAPOR-3.L2-AETI-D.2019-09-D2_NJValley.tif,raster,not_tabular,,,,,,,,,,,,,,
wapor\processed\aeti_dekad\WAPOR-3.L2-AETI-D.2019-09-D3_NJValley.tif,raster,not_tabular,,,,,,,,,,,,,,
wapor\processed\aeti_dekad\WAPOR-3.L2-AETI-D.2019-10-D1_NJValley.tif,raster,not_tabular,,,,,,,,,,,,,,
wapor\processed\aeti_dekad\WAPOR-3.L2-AETI-D.2019-10-D2_NJValley.tif,raster,not_tabular,,,,,,,,,,,,,,
wapor\processed\aeti_dekad\WAPOR-3.L2-AETI-D.2019-10-D3_NJValley.tif,raster,not_tabular,,,,,,,,,,,,,,
wapor\processed\aeti_dekad\WAPOR-3.L2-AETI-D.2019-11-D1_NJValley.tif,raster,not_tabular,,,,,,,,,,,,,,
wapor\processed\aeti_dekad\WAPOR-3.L2-AETI-D.2019-11-D2_NJValley.tif,raster,not_tabular,,,,,,,,,,,,,,
wapor\processed\aeti_dekad\WAPOR-3.L2-AETI-D.2019-11-D3_NJValley.tif,raster,not_tabular,,,,,,,,,,,,,,
wapor\processed\aeti_dekad\WAPOR-3.L2-AETI-D.2019-12-D1_NJValley.tif,raster,not_tabular,,,,,,,,,,,,,,
wapor\processed\aeti_dekad\WAPOR-3.L2-AETI-D.2019-12-D2_NJValley.tif,raster,not_tabular,,,,,,,,,,,,,,
wapor\processed\aeti_dekad\WAPOR-3.L2-AETI-D.2019-12-D3_NJValley.tif,raster,not_tabular,,,,,,,,,,,,,,
wapor\processed\aeti_dekad\WAPOR-3.L2-AETI-D.2020-01-D1_NJValley.tif,raster,not_tabular,,,,,,,,,,,,,,
wapor\processed\aeti_dekad\WAPOR-3.L2-AETI-D.2020-01-D2_NJValley.tif,raster,not_tabular,,,,,,,,,,,,,,
wapor\processed\aeti_dekad\WAPOR-3.L2-AETI-D.2020-01-D3_NJValley.tif,raster,not_tabular,,,,,,,,,,,,,,
wapor\processed\aeti_dekad\WAPOR-3.L2-AETI-D.2020-02-D1_NJValley.tif,raster,not_tabular,,,,,,,,,,,,,,
wapor\processed\aeti_dekad\WAPOR-3.L2-AETI-D.2020-02-D2_NJValley.tif,raster,not_tabular,,,,,,,,,,,,,,
wapor\processed\aeti_dekad\WAPOR-3.L2-AETI-D.2020-02-D3_NJValley.tif,raster,not_tabular,,,,,,,,,,,,,,
wapor\processed\aeti_dekad\WAPOR-3.L2-AETI-D.2020-03-D1_NJValley.tif,raster,not_tabular,,,,,,,,,,,,,,
wapor\processed\aeti_dekad\WAPOR-3.L2-AETI-D.2020-03-D2_NJValley.tif,raster,not_tabular,,,,,,,,,,,,,,
wapor\processed\aeti_dekad\WAPOR-3.L2-AETI-D.2020-03-D3_NJValley.tif,raster,not_tabular,,,,,,,,,,,,,,
wapor\processed\aeti_dekad\WAPOR-3.L2-AETI-D.2020-04-D1_NJValley.tif,raster,not_tabular,,,,,,,,,,,,,,
wapor\processed\aeti_dekad\WAPOR-3.L2-AETI-D.2020-04-D2_NJValley.tif,raster,not_tabular,,,,,,,,,,,,,,
wapor\processed\aeti_dekad\WAPOR-3.L2-AETI-D.2020-04-D3_NJValley.tif,raster,not_tabular,,,,,,,,,,,,,,
wapor\processed\aeti_dekad\WAPOR-3.L2-AETI-D.2020-05-D1_NJValley.tif,raster,not_tabular,,,,,,,,,,,,,,
wapor\processed\aeti_dekad\WAPOR-3.L2-AETI-D.2020-05-D2_NJValley.tif,raster,not_tabular,,,,,,,,,,,,,,
wapor\processed\aeti_dekad\WAPOR-3.L2-AETI-D.2020-05-D3_NJValley.tif,raster,not_tabular,,,,,,,,,,,,,,
wapor\processed\aeti_dekad\WAPOR-3.L2-AETI-D.2020-06-D1_NJValley.tif,raster,not_tabular,,,,,,,,,,,,,,
wapor\processed\aeti_dekad\WAPOR-3.L2-AETI-D.2020-06-D2_NJValley.tif,raster,not_tabular,,,,,,,,,,,,,,
wapor\processed\aeti_dekad\WAPOR-3.L2-AETI-D.2020-06-D3_NJValley.tif,raster,not_tabular,,,,,,,,,,,,,,
wapor\processed\aeti_dekad\WAPOR-3.L2-AETI-D.2020-07-D1_NJValley.tif,raster,not_tabular,,,,,,,,,,,,,,
wapor\processed\aeti_dekad\WAPOR-3.L2-AETI-D.2020-07-D2_NJValley.tif,raster,not_tabular,,,,,,,,,,,,,,
wapor\processed\aeti_dekad\WAPOR-3.L2-AETI-D.2020-07-D3_NJValley.tif,raster,not_tabular,,,,,,,,,,,,,,
wapor\processed\aeti_dekad\WAPOR-3.L2-AETI-D.2020-08-D1_NJValley.tif,raster,not_tabular,,,,,,,,,,,,,,
wapor\processed\aeti_dekad\WAPOR-3.L2-AETI-D.2020-08-D2_NJValley.tif,raster,not_tabular,,,,,,,,,,,,,,
wapor\processed\aeti_dekad\WAPOR-3.L2-AETI-D.2020-08-D3_NJValley.tif,raster,not_tabular,,,,,,,,,,,,,,
wapor\processed\aeti_dekad\WAPOR-3.L2-AETI-D.2020-09-D1_NJValley.tif,raster,not_tabular,,,,,,,,,,,,,,
wapor\processed\aeti_dekad\WAPOR-3.L2-AETI-D.2020-09-D2_NJValley.tif,raster,not_tabular,,,,,,,,,,,,,,
wapor\processed\aeti_dekad\WAPOR-3.L2-AETI-D.2020-09-D3_NJValley.tif,raster,not_tabular,,,,,,,,,,,,,,
wapor\processed\aeti_dekad\WAPOR-3.L2-AETI-D.2020-10-D1_NJValley.tif,raster,not_tabular,,,,,,,,,,,,,,
wapor\processed\aeti_dekad\WAPOR-3.L2-AETI-D.2020-10-D2_NJValley.tif,raster,not_tabular,,,,,,,,,,,,,,
wapor\processed\aeti_dekad\WAPOR-3.L2-AETI-D.2020-10-D3_NJValley.tif,raster,not_tabular,,,,,,,,,,,,,,
wapor\processed\aeti_dekad\WAPOR-3.L2-AETI-D.2020-11-D1_NJValley.tif,raster,not_tabular,,,,,,,,,,,,,,
wapor\processed\aeti_dekad\WAPOR-3.L2-AETI-D.2020-11-D2_NJValley.tif,raster,not_tabular,,,,,,,,,,,,,,
wapor\processed\aeti_dekad\WAPOR-3.L2-AETI-D.2020-11-D3_NJValley.tif,raster,not_tabular,,,,,,,,,,,,,,
wapor\processed\aeti_dekad\WAPOR-3.L2-AETI-D.2020-12-D1_NJValley.tif,raster,not_tabular,,,,,,,,,,,,,,
wapor\processed\aeti_dekad\WAPOR-3.L2-AETI-D.2020-12-D2_NJValley.tif,raster,not_tabular,,,,,,,,,,,,,,
wapor\processed\aeti_dekad\WAPOR-3.L2-AETI-D.2020-12-D3_NJValley.tif,raster,not_tabular,,,,,,,,,,,,,,
wapor\processed\aeti_dekad\WAPOR-3.L2-AETI-D.2021-01-D1_NJValley.tif,raster,not_tabular,,,,,,,,,,,,,,
wapor\processed\aeti_dekad\WAPOR-3.L2-AETI-D.2021-01-D2_NJValley.tif,raster,not_tabular,,,,,,,,,,,,,,
wapor\processed\aeti_dekad\WAPOR-3.L2-AETI-D.2021-01-D3_NJValley.tif,raster,not_tabular,,,,,,,,,,,,,,
wapor\processed\aeti_dekad\WAPOR-3.L2-AETI-D.2021-02-D1_NJValley.tif,raster,not_tabular,,,,,,,,,,,,,,
wapor\processed\aeti_dekad\WAPOR-3.L2-AETI-D.2021-02-D2_NJValley.tif,raster,not_tabular,,,,,,,,,,,,,,
wapor\processed\aeti_dekad\WAPOR-3.L2-AETI-D.2021-02-D3_NJValley.tif,raster,not_tabular,,,,,,,,,,,,,,
wapor\processed\aeti_dekad\WAPOR-3.L2-AETI-D.2021-03-D1_NJValley.tif,raster,not_tabular,,,,,,,,,,,,,,
wapor\processed\aeti_dekad\WAPOR-3.L2-AETI-D.2021-03-D2_NJValley.tif,raster,not_tabular,,,,,,,,,,,,,,
wapor\processed\aeti_dekad\WAPOR-3.L2-AETI-D.2021-03-D3_NJValley.tif,raster,not_tabular,,,,,,,,,,,,,,
wapor\processed\aeti_dekad\WAPOR-3.L2-AETI-D.2021-04-D1_NJValley.tif,raster,not_tabular,,,,,,,,,,,,,,
wapor\processed\aeti_dekad\WAPOR-3.L2-AETI-D.2021-04-D2_NJValley.tif,raster,not_tabular,,,,,,,,,,,,,,
wapor\processed\aeti_dekad\WAPOR-3.L2-AETI-D.2021-04-D3_NJValley.tif,raster,not_tabular,,,,,,,,,,,,,,
wapor\processed\aeti_dekad\WAPOR-3.L2-AETI-D.2021-05-D1_NJValley.tif,raster,not_tabular,,,,,,,,,,,,,,
wapor\processed\aeti_dekad\WAPOR-3.L2-AETI-D.2021-05-D2_NJValley.tif,raster,not_tabular,,,,,,,,,,,,,,
wapor\processed\aeti_dekad\WAPOR-3.L2-AETI-D.2021-05-D3_NJValley.tif,raster,not_tabular,,,,,,,,,,,,,,
wapor\processed\aeti_dekad\WAPOR-3.L2-AETI-D.2021-06-D1_NJValley.tif,raster,not_tabular,,,,,,,,,,,,,,
wapor\processed\aeti_dekad\WAPOR-3.L2-AETI-D.2021-06-D2_NJValley.tif,raster,not_tabular,,,,,,,,,,,,,,
wapor\processed\aeti_dekad\WAPOR-3.L2-AETI-D.2021-06-D3_NJValley.tif,raster,not_tabular,,,,,,,,,,,,,,
wapor\processed\aeti_dekad\WAPOR-3.L2-AETI-D.2021-07-D1_NJValley.tif,raster,not_tabular,,,,,,,,,,,,,,
wapor\processed\aeti_dekad\WAPOR-3.L2-AETI-D.2021-07-D2_NJValley.tif,raster,not_tabular,,,,,,,,,,,,,,
wapor\processed\aeti_dekad\WAPOR-3.L2-AETI-D.2021-07-D3_NJValley.tif,raster,not_tabular,,,,,,,,,,,,,,
wapor\processed\aeti_dekad\WAPOR-3.L2-AETI-D.2021-08-D1_NJValley.tif,raster,not_tabular,,,,,,,,,,,,,,
wapor\processed\aeti_dekad\WAPOR-3.L2-AETI-D.2021-08-D2_NJValley.tif,raster,not_tabular,,,,,,,,,,,,,,
wapor\processed\aeti_dekad\WAPOR-3.L2-AETI-D.2021-08-D3_NJValley.tif,raster,not_tabular,,,,,,,,,,,,,,
wapor\processed\aeti_dekad\WAPOR-3.L2-AETI-D.2021-09-D1_NJValley.tif,raster,not_tabular,,,,,,,,,,,,,,
wapor\processed\aeti_dekad\WAPOR-3.L2-AETI-D.2021-09-D2_NJValley.tif,raster,not_tabular,,,,,,,,,,,,,,
wapor\processed\aeti_dekad\WAPOR-3.L2-AETI-D.2021-09-D3_NJValley.tif,raster,not_tabular,,,,,,,,,,,,,,
wapor\processed\aeti_dekad\WAPOR-3.L2-AETI-D.2021-10-D1_NJValley.tif,raster,not_tabular,,,,,,,,,,,,,,
wapor\processed\aeti_dekad\WAPOR-3.L2-AETI-D.2021-10-D2_NJValley.tif,raster,not_tabular,,,,,,,,,,,,,,
wapor\processed\aeti_dekad\WAPOR-3.L2-AETI-D.2021-10-D3_NJValley.tif,raster,not_tabular,,,,,,,,,,,,,,
wapor\processed\aeti_dekad\WAPOR-3.L2-AETI-D.2021-11-D1_NJValley.tif,raster,not_tabular,,,,,,,,,,,,,,
wapor\processed\aeti_dekad\WAPOR-3.L2-AETI-D.2021-11-D2_NJValley.tif,raster,not_tabular,,,,,,,,,,,,,,
wapor\processed\aeti_dekad\WAPOR-3.L2-AETI-D.2021-11-D3_NJValley.tif,raster,not_tabular,,,,,,,,,,,,,,
wapor\processed\aeti_dekad\WAPOR-3.L2-AETI-D.2021-12-D1_NJValley.tif,raster,not_tabular,,,,,,,,,,,,,,
wapor\processed\aeti_dekad\WAPOR-3.L2-AETI-D.2021-12-D2_NJValley.tif,raster,not_tabular,,,,,,,,,,,,,,
wapor\processed\aeti_dekad\WAPOR-3.L2-AETI-D.2021-12-D3_NJValley.tif,raster,not_tabular,,,,,,,,,,,,,,
wapor\processed\aeti_dekad\WAPOR-3.L2-AETI-D.2022-01-D1_NJValley.tif,raster,not_tabular,,,,,,,,,,,,,,
wapor\processed\aeti_dekad\WAPOR-3.L2-AETI-D.2022-01-D2_NJValley.tif,raster,not_tabular,,,,,,,,,,,,,,
wapor\processed\aeti_dekad\WAPOR-3.L2-AETI-D.2022-01-D3_NJValley.tif,raster,not_tabular,,,,,,,,,,,,,,
wapor\processed\aeti_dekad\WAPOR-3.L2-AETI-D.2022-02-D1_NJValley.tif,raster,not_tabular,,,,,,,,,,,,,,
wapor\processed\aeti_dekad\WAPOR-3.L2-AETI-D.2022-02-D2_NJValley.tif,raster,not_tabular,,,,,,,,,,,,,,
wapor\processed\aeti_dekad\WAPOR-3.L2-AETI-D.2022-02-D3_NJValley.tif,raster,not_tabular,,,,,,,,,,,,,,
wapor\processed\aeti_dekad\WAPOR-3.L2-AETI-D.2022-03-D1_NJValley.tif,raster,not_tabular,,,,,,,,,,,,,,
wapor\processed\aeti_dekad\WAPOR-3.L2-AETI-D.2022-03-D2_NJValley.tif,raster,not_tabular,,,,,,,,,,,,,,
wapor\processed\aeti_dekad\WAPOR-3.L2-AETI-D.2022-03-D3_NJValley.tif,raster,not_tabular,,,,,,,,,,,,,,
wapor\processed\aeti_dekad\WAPOR-3.L2-AETI-D.2022-04-D1_NJValley.tif,raster,not_tabular,,,,,,,,,,,,,,
wapor\processed\aeti_dekad\WAPOR-3.L2-AETI-D.2022-04-D2_NJValley.tif,raster,not_tabular,,,,,,,,,,,,,,
wapor\processed\aeti_dekad\WAPOR-3.L2-AETI-D.2022-04-D3_NJValley.tif,raster,not_tabular,,,,,,,,,,,,,,
wapor\processed\aeti_dekad\WAPOR-3.L2-AETI-D.2022-05-D1_NJValley.tif,raster,not_tabular,,,,,,,,,,,,,,
wapor\processed\aeti_dekad\WAPOR-3.L2-AETI-D.2022-05-D2_NJValley.tif,raster,not_tabular,,,,,,,,,,,,,,
wapor\processed\aeti_dekad\WAPOR-3.L2-AETI-D.2022-05-D3_NJValley.tif,raster,not_tabular,,,,,,,,,,,,,,
wapor\processed\aeti_dekad\WAPOR-3.L2-AETI-D.2022-06-D1_NJValley.tif,raster,not_tabular,,,,,,,,,,,,,,
wapor\processed\aeti_dekad\WAPOR-3.L2-AETI-D.2022-06-D2_NJValley.tif,raster,not_tabular,,,,,,,,,,,,,,
wapor\processed\aeti_dekad\WAPOR-3.L2-AETI-D.2022-06-D3_NJValley.tif,raster,not_tabular,,,,,,,,,,,,,,
wapor\processed\aeti_dekad\WAPOR-3.L2-AETI-D.2022-07-D1_NJValley.tif,raster,not_tabular,,,,,,,,,,,,,,
wapor\processed\aeti_dekad\WAPOR-3.L2-AETI-D.2022-07-D2_NJValley.tif,raster,not_tabular,,,,,,,,,,,,,,
wapor\processed\aeti_dekad\WAPOR-3.L2-AETI-D.2022-07-D3_NJValley.tif,raster,not_tabular,,,,,,,,,,,,,,
wapor\processed\aeti_dekad\WAPOR-3.L2-AETI-D.2022-08-D1_NJValley.tif,raster,not_tabular,,,,,,,,,,,,,,
wapor\processed\aeti_dekad\WAPOR-3.L2-AETI-D.2022-08-D2_NJValley.tif,raster,not_tabular,,,,,,,,,,,,,,
wapor\processed\aeti_dekad\WAPOR-3.L2-AETI-D.2022-08-D3_NJValley.tif,raster,not_tabular,,,,,,,,,,,,,,
wapor\processed\aeti_dekad\WAPOR-3.L2-AETI-D.2022-09-D1_NJValley.tif,raster,not_tabular,,,,,,,,,,,,,,
wapor\processed\aeti_dekad\WAPOR-3.L2-AETI-D.2022-09-D2_NJValley.tif,raster,not_tabular,,,,,,,,,,,,,,
wapor\processed\aeti_dekad\WAPOR-3.L2-AETI-D.2022-09-D3_NJValley.tif,raster,not_tabular,,,,,,,,,,,,,,
wapor\processed\aeti_dekad\WAPOR-3.L2-AETI-D.2022-10-D1_NJValley.tif,raster,not_tabular,,,,,,,,,,,,,,
wapor\processed\aeti_dekad\WAPOR-3.L2-AETI-D.2022-10-D2_NJValley.tif,raster,not_tabular,,,,,,,,,,,,,,
wapor\processed\aeti_dekad\WAPOR-3.L2-AETI-D.2022-10-D3_NJValley.tif,raster,not_tabular,,,,,,,,,,,,,,
wapor\processed\aeti_dekad\WAPOR-3.L2-AETI-D.2022-11-D1_NJValley.tif,raster,not_tabular,,,,,,,,,,,,,,
wapor\processed\aeti_dekad\WAPOR-3.L2-AETI-D.2022-11-D2_NJValley.tif,raster,not_tabular,,,,,,,,,,,,,,
wapor\processed\aeti_dekad\WAPOR-3.L2-AETI-D.2022-11-D3_NJValley.tif,raster,not_tabular,,,,,,,,,,,,,,
wapor\processed\aeti_dekad\WAPOR-3.L2-AETI-D.2022-12-D1_NJValley.tif,raster,not_tabular,,,,,,,,,,,,,,
wapor\processed\aeti_dekad\WAPOR-3.L2-AETI-D.2022-12-D2_NJValley.tif,raster,not_tabular,,,,,,,,,,,,,,
wapor\processed\aeti_dekad\WAPOR-3.L2-AETI-D.2022-12-D3_NJValley.tif,raster,not_tabular,,,,,,,,,,,,,,
wapor\processed\aeti_dekad\WAPOR-3.L2-AETI-D.2023-01-D1_NJValley.tif,raster,not_tabular,,,,,,,,,,,,,,
wapor\processed\aeti_dekad\WAPOR-3.L2-AETI-D.2023-01-D2_NJValley.tif,raster,not_tabular,,,,,,,,,,,,,,
wapor\processed\aeti_dekad\WAPOR-3.L2-AETI-D.2023-01-D3_NJValley.tif,raster,not_tabular,,,,,,,,,,,,,,
wapor\processed\aeti_dekad\WAPOR-3.L2-AETI-D.2023-02-D1_NJValley.tif,raster,not_tabular,,,,,,,,,,,,,,
wapor\processed\aeti_dekad\WAPOR-3.L2-AETI-D.2023-02-D2_NJValley.tif,raster,not_tabular,,,,,,,,,,,,,,
wapor\processed\aeti_dekad\WAPOR-3.L2-AETI-D.2023-02-D3_NJValley.tif,raster,not_tabular,,,,,,,,,,,,,,
wapor\processed\aeti_dekad\WAPOR-3.L2-AETI-D.2023-03-D1_NJValley.tif,raster,not_tabular,,,,,,,,,,,,,,
wapor\processed\aeti_dekad\WAPOR-3.L2-AETI-D.2023-03-D2_NJValley.tif,raster,not_tabular,,,,,,,,,,,,,,
wapor\processed\aeti_dekad\WAPOR-3.L2-AETI-D.2023-03-D3_NJValley.tif,raster,not_tabular,,,,,,,,,,,,,,
wapor\processed\aeti_dekad\WAPOR-3.L2-AETI-D.2023-04-D1_NJValley.tif,raster,not_tabular,,,,,,,,,,,,,,
wapor\processed\aeti_dekad\WAPOR-3.L2-AETI-D.2023-04-D2_NJValley.tif,raster,not_tabular,,,,,,,,,,,,,,
wapor\processed\aeti_dekad\WAPOR-3.L2-AETI-D.2023-04-D3_NJValley.tif,raster,not_tabular,,,,,,,,,,,,,,
wapor\processed\aeti_dekad\WAPOR-3.L2-AETI-D.2023-05-D1_NJValley.tif,raster,not_tabular,,,,,,,,,,,,,,
wapor\processed\aeti_dekad\WAPOR-3.L2-AETI-D.2023-05-D2_NJValley.tif,raster,not_tabular,,,,,,,,,,,,,,
wapor\processed\aeti_dekad\WAPOR-3.L2-AETI-D.2023-05-D3_NJValley.tif,raster,not_tabular,,,,,,,,,,,,,,
wapor\processed\aeti_dekad\WAPOR-3.L2-AETI-D.2023-06-D1_NJValley.tif,raster,not_tabular,,,,,,,,,,,,,,
wapor\processed\aeti_dekad\WAPOR-3.L2-AETI-D.2023-06-D2_NJValley.tif,raster,not_tabular,,,,,,,,,,,,,,
wapor\processed\aeti_dekad\WAPOR-3.L2-AETI-D.2023-06-D3_NJValley.tif,raster,not_tabular,,,,,,,,,,,,,,
wapor\processed\aeti_dekad\WAPOR-3.L2-AETI-D.2023-07-D1_NJValley.tif,raster,not_tabular,,,,,,,,,,,,,,
wapor\processed\aeti_dekad\WAPOR-3.L2-AETI-D.2023-07-D2_NJValley.tif,raster,not_tabular,,,,,,,,,,,,,,
wapor\processed\aeti_dekad\WAPOR-3.L2-AETI-D.2023-07-D3_NJValley.tif,raster,not_tabular,,,,,,,,,,,,,,
wapor\processed\aeti_dekad\WAPOR-3.L2-AETI-D.2023-08-D1_NJValley.tif,raster,not_tabular,,,,,,,,,,,,,,
wapor\processed\aeti_dekad\WAPOR-3.L2-AETI-D.2023-08-D2_NJValley.tif,raster,not_tabular,,,,,,,,,,,,,,
wapor\processed\aeti_dekad\WAPOR-3.L2-AETI-D.2023-08-D3_NJValley.tif,raster,not_tabular,,,,,,,,,,,,,,
wapor\processed\aeti_dekad\WAPOR-3.L2-AETI-D.2023-09-D1_NJValley.tif,raster,not_tabular,,,,,,,,,,,,,,
wapor\processed\aeti_dekad\WAPOR-3.L2-AETI-D.2023-09-D2_NJValley.tif,raster,not_tabular,,,,,,,,,,,,,,
wapor\processed\aeti_dekad\WAPOR-3.L2-AETI-D.2023-09-D3_NJValley.tif,raster,not_tabular,,,,,,,,,,,,,,
wapor\processed\aeti_dekad\WAPOR-3.L2-AETI-D.2023-10-D1_NJValley.tif,raster,not_tabular,,,,,,,,,,,,,,
wapor\processed\aeti_dekad\WAPOR-3.L2-AETI-D.2023-10-D2_NJValley.tif,raster,not_tabular,,,,,,,,,,,,,,
wapor\processed\aeti_dekad\WAPOR-3.L2-AETI-D.2023-10-D3_NJValley.tif,raster,not_tabular,,,,,,,,,,,,,,
wapor\processed\aeti_dekad\WAPOR-3.L2-AETI-D.2023-11-D1_NJValley.tif,raster,not_tabular,,,,,,,,,,,,,,
wapor\processed\aeti_dekad\WAPOR-3.L2-AETI-D.2023-11-D2_NJValley.tif,raster,not_tabular,,,,,,,,,,,,,,
wapor\processed\aeti_dekad\WAPOR-3.L2-AETI-D.2023-11-D3_NJValley.tif,raster,not_tabular,,,,,,,,,,,,,,
wapor\processed\aeti_dekad\WAPOR-3.L2-AETI-D.2023-12-D1_NJValley.tif,raster,not_tabular,,,,,,,,,,,,,,
wapor\processed\aeti_dekad\WAPOR-3.L2-AETI-D.2023-12-D2_NJValley.tif,raster,not_tabular,,,,,,,,,,,,,,
wapor\processed\aeti_dekad\WAPOR-3.L2-AETI-D.2023-12-D3_NJValley.tif,raster,not_tabular,,,,,,,,,,,,,,
wapor\processed\aeti_dekad\WAPOR-3.L2-AETI-D.2024-01-D1_NJValley.tif,raster,not_tabular,,,,,,,,,,,,,,
wapor\processed\aeti_dekad\WAPOR-3.L2-AETI-D.2024-01-D2_NJValley.tif,raster,not_tabular,,,,,,,,,,,,,,
wapor\processed\aeti_dekad\WAPOR-3.L2-AETI-D.2024-01-D3_NJValley.tif,raster,not_tabular,,,,,,,,,,,,,,
wapor\processed\aeti_dekad\WAPOR-3.L2-AETI-D.2024-02-D1_NJValley.tif,raster,not_tabular,,,,,,,,,,,,,,
wapor\processed\aeti_dekad\WAPOR-3.L2-AETI-D.2024-02-D2_NJValley.tif,raster,not_tabular,,,,,,,,,,,,,,
wapor\processed\aeti_dekad\WAPOR-3.L2-AETI-D.2024-02-D3_NJValley.tif,raster,not_tabular,,,,,,,,,,,,,,
wapor\processed\aeti_dekad\WAPOR-3.L2-AETI-D.2024-03-D1_NJValley.tif,raster,not_tabular,,,,,,,,,,,,,,
wapor\processed\aeti_dekad\WAPOR-3.L2-AETI-D.2024-03-D2_NJValley.tif,raster,not_tabular,,,,,,,,,,,,,,
wapor\processed\aeti_dekad\WAPOR-3.L2-AETI-D.2024-03-D3_NJValley.tif,raster,not_tabular,,,,,,,,,,,,,,
wapor\processed\aeti_dekad\WAPOR-3.L2-AETI-D.2024-04-D1_NJValley.tif,raster,not_tabular,,,,,,,,,,,,,,
wapor\processed\aeti_dekad\WAPOR-3.L2-AETI-D.2024-04-D2_NJValley.tif,raster,not_tabular,,,,,,,,,,,,,,
wapor\processed\aeti_dekad\WAPOR-3.L2-AETI-D.2024-04-D3_NJValley.tif,raster,not_tabular,,,,,,,,,,,,,,
wapor\processed\aeti_dekad\WAPOR-3.L2-AETI-D.2024-05-D1_NJValley.tif,raster,not_tabular,,,,,,,,,,,,,,
wapor\processed\aeti_dekad\WAPOR-3.L2-AETI-D.2024-05-D2_NJValley.tif,raster,not_tabular,,,,,,,,,,,,,,
wapor\processed\aeti_dekad\WAPOR-3.L2-AETI-D.2024-05-D3_NJValley.tif,raster,not_tabular,,,,,,,,,,,,,,
wapor\processed\aeti_dekad\WAPOR-3.L2-AETI-D.2024-06-D1_NJValley.tif,raster,not_tabular,,,,,,,,,,,,,,
wapor\processed\aeti_dekad\WAPOR-3.L2-AETI-D.2024-06-D2_NJValley.tif,raster,not_tabular,,,,,,,,,,,,,,
wapor\processed\aeti_dekad\WAPOR-3.L2-AETI-D.2024-06-D3_NJValley.tif,raster,not_tabular,,,,,,,,,,,,,,
wapor\processed\aeti_dekad\WAPOR-3.L2-AETI-D.2024-07-D1_NJValley.tif,raster,not_tabular,,,,,,,,,,,,,,
wapor\processed\aeti_dekad\WAPOR-3.L2-AETI-D.2024-07-D2_NJValley.tif,raster,not_tabular,,,,,,,,,,,,,,
wapor\processed\aeti_dekad\WAPOR-3.L2-AETI-D.2024-07-D3_NJValley.tif,raster,not_tabular,,,,,,,,,,,,,,
wapor\processed\aeti_dekad\WAPOR-3.L2-AETI-D.2024-08-D1_NJValley.tif,raster,not_tabular,,,,,,,,,,,,,,
wapor\processed\aeti_dekad\WAPOR-3.L2-AETI-D.2024-08-D2_NJValley.tif,raster,not_tabular,,,,,,,,,,,,,,
wapor\processed\aeti_dekad\WAPOR-3.L2-AETI-D.2024-08-D3_NJValley.tif,raster,not_tabular,,,,,,,,,,,,,,
wapor\processed\aeti_dekad\WAPOR-3.L2-AETI-D.2024-09-D1_NJValley.tif,raster,not_tabular,,,,,,,,,,,,,,
wapor\processed\aeti_dekad\WAPOR-3.L2-AETI-D.2024-09-D2_NJValley.tif,raster,not_tabular,,,,,,,,,,,,,,
wapor\processed\aeti_dekad\WAPOR-3.L2-AETI-D.2024-09-D3_NJValley.tif,raster,not_tabular,,,,,,,,,,,,,,
wapor\processed\aeti_dekad\WAPOR-3.L2-AETI-D.2024-10-D1_NJValley.tif,raster,not_tabular,,,,,,,,,,,,,,
wapor\processed\aeti_dekad\WAPOR-3.L2-AETI-D.2024-10-D2_NJValley.tif,raster,not_tabular,,,,,,,,,,,,,,
wapor\processed\aeti_dekad\WAPOR-3.L2-AETI-D.2024-10-D3_NJValley.tif,raster,not_tabular,,,,,,,,,,,,,,
wapor\processed\aeti_dekad\WAPOR-3.L2-AETI-D.2024-11-D1_NJValley.tif,raster,not_tabular,,,,,,,,,,,,,,
wapor\processed\aeti_dekad\WAPOR-3.L2-AETI-D.2024-11-D2_NJValley.tif,raster,not_tabular,,,,,,,,,,,,,,
wapor\processed\aeti_dekad\WAPOR-3.L2-AETI-D.2024-11-D3_NJValley.tif,raster,not_tabular,,,,,,,,,,,,,,
wapor\processed\aeti_dekad\WAPOR-3.L2-AETI-D.2024-12-D1_NJValley.tif,raster,not_tabular,,,,,,,,,,,,,,
wapor\processed\aeti_dekad\WAPOR-3.L2-AETI-D.2024-12-D2_NJValley.tif,raster,not_tabular,,,,,,,,,,,,,,
wapor\processed\aeti_dekad\WAPOR-3.L2-AETI-D.2024-12-D3_NJValley.tif,raster,not_tabular,,,,,,,,,,,,,,
wapor_ret\processed\ret_2018_01_D1_northern_jordan_valley.tif,raster,not_tabular,,,,,,,,,,,,,,
wapor_ret\processed\ret_dekad\WAPOR-3.L1-RET-D.2018-01-D1_NJValley.tif,raster,not_tabular,,,,,,,,,,,,,,
wapor_ret\processed\ret_dekad\WAPOR-3.L1-RET-D.2018-01-D2_NJValley.tif,raster,not_tabular,,,,,,,,,,,,,,
wapor_ret\processed\ret_dekad\WAPOR-3.L1-RET-D.2018-01-D3_NJValley.tif,raster,not_tabular,,,,,,,,,,,,,,
wapor_ret\processed\ret_dekad\WAPOR-3.L1-RET-D.2018-02-D1_NJValley.tif,raster,not_tabular,,,,,,,,,,,,,,
wapor_ret\processed\ret_dekad\WAPOR-3.L1-RET-D.2018-02-D2_NJValley.tif,raster,not_tabular,,,,,,,,,,,,,,
wapor_ret\processed\ret_dekad\WAPOR-3.L1-RET-D.2018-02-D3_NJValley.tif,raster,not_tabular,,,,,,,,,,,,,,
wapor_ret\processed\ret_dekad\WAPOR-3.L1-RET-D.2018-03-D1_NJValley.tif,raster,not_tabular,,,,,,,,,,,,,,
wapor_ret\processed\ret_dekad\WAPOR-3.L1-RET-D.2018-03-D2_NJValley.tif,raster,not_tabular,,,,,,,,,,,,,,
wapor_ret\processed\ret_dekad\WAPOR-3.L1-RET-D.2018-03-D3_NJValley.tif,raster,not_tabular,,,,,,,,,,,,,,
wapor_ret\processed\ret_dekad\WAPOR-3.L1-RET-D.2018-04-D1_NJValley.tif,raster,not_tabular,,,,,,,,,,,,,,
wapor_ret\processed\ret_dekad\WAPOR-3.L1-RET-D.2018-04-D2_NJValley.tif,raster,not_tabular,,,,,,,,,,,,,,
wapor_ret\processed\ret_dekad\WAPOR-3.L1-RET-D.2018-04-D3_NJValley.tif,raster,not_tabular,,,,,,,,,,,,,,
wapor_ret\processed\ret_dekad\WAPOR-3.L1-RET-D.2018-05-D1_NJValley.tif,raster,not_tabular,,,,,,,,,,,,,,
wapor_ret\processed\ret_dekad\WAPOR-3.L1-RET-D.2018-05-D2_NJValley.tif,raster,not_tabular,,,,,,,,,,,,,,
wapor_ret\processed\ret_dekad\WAPOR-3.L1-RET-D.2018-05-D3_NJValley.tif,raster,not_tabular,,,,,,,,,,,,,,
wapor_ret\processed\ret_dekad\WAPOR-3.L1-RET-D.2018-06-D1_NJValley.tif,raster,not_tabular,,,,,,,,,,,,,,
wapor_ret\processed\ret_dekad\WAPOR-3.L1-RET-D.2018-06-D2_NJValley.tif,raster,not_tabular,,,,,,,,,,,,,,
wapor_ret\processed\ret_dekad\WAPOR-3.L1-RET-D.2018-06-D3_NJValley.tif,raster,not_tabular,,,,,,,,,,,,,,
wapor_ret\processed\ret_dekad\WAPOR-3.L1-RET-D.2018-07-D1_NJValley.tif,raster,not_tabular,,,,,,,,,,,,,,
wapor_ret\processed\ret_dekad\WAPOR-3.L1-RET-D.2018-07-D2_NJValley.tif,raster,not_tabular,,,,,,,,,,,,,,
wapor_ret\processed\ret_dekad\WAPOR-3.L1-RET-D.2018-07-D3_NJValley.tif,raster,not_tabular,,,,,,,,,,,,,,
wapor_ret\processed\ret_dekad\WAPOR-3.L1-RET-D.2018-08-D1_NJValley.tif,raster,not_tabular,,,,,,,,,,,,,,
wapor_ret\processed\ret_dekad\WAPOR-3.L1-RET-D.2018-08-D2_NJValley.tif,raster,not_tabular,,,,,,,,,,,,,,
wapor_ret\processed\ret_dekad\WAPOR-3.L1-RET-D.2018-08-D3_NJValley.tif,raster,not_tabular,,,,,,,,,,,,,,
wapor_ret\processed\ret_dekad\WAPOR-3.L1-RET-D.2018-09-D1_NJValley.tif,raster,not_tabular,,,,,,,,,,,,,,
wapor_ret\processed\ret_dekad\WAPOR-3.L1-RET-D.2018-09-D2_NJValley.tif,raster,not_tabular,,,,,,,,,,,,,,
wapor_ret\processed\ret_dekad\WAPOR-3.L1-RET-D.2018-09-D3_NJValley.tif,raster,not_tabular,,,,,,,,,,,,,,
wapor_ret\processed\ret_dekad\WAPOR-3.L1-RET-D.2018-10-D1_NJValley.tif,raster,not_tabular,,,,,,,,,,,,,,
wapor_ret\processed\ret_dekad\WAPOR-3.L1-RET-D.2018-10-D2_NJValley.tif,raster,not_tabular,,,,,,,,,,,,,,
wapor_ret\processed\ret_dekad\WAPOR-3.L1-RET-D.2018-10-D3_NJValley.tif,raster,not_tabular,,,,,,,,,,,,,,
wapor_ret\processed\ret_dekad\WAPOR-3.L1-RET-D.2018-11-D1_NJValley.tif,raster,not_tabular,,,,,,,,,,,,,,
wapor_ret\processed\ret_dekad\WAPOR-3.L1-RET-D.2018-11-D2_NJValley.tif,raster,not_tabular,,,,,,,,,,,,,,
wapor_ret\processed\ret_dekad\WAPOR-3.L1-RET-D.2018-11-D3_NJValley.tif,raster,not_tabular,,,,,,,,,,,,,,
wapor_ret\processed\ret_dekad\WAPOR-3.L1-RET-D.2018-12-D1_NJValley.tif,raster,not_tabular,,,,,,,,,,,,,,
wapor_ret\processed\ret_dekad\WAPOR-3.L1-RET-D.2018-12-D2_NJValley.tif,raster,not_tabular,,,,,,,,,,,,,,
wapor_ret\processed\ret_dekad\WAPOR-3.L1-RET-D.2018-12-D3_NJValley.tif,raster,not_tabular,,,,,,,,,,,,,,
wapor_ret\processed\ret_dekad\WAPOR-3.L1-RET-D.2019-01-D1_NJValley.tif,raster,not_tabular,,,,,,,,,,,,,,
wapor_ret\processed\ret_dekad\WAPOR-3.L1-RET-D.2019-01-D2_NJValley.tif,raster,not_tabular,,,,,,,,,,,,,,
wapor_ret\processed\ret_dekad\WAPOR-3.L1-RET-D.2019-01-D3_NJValley.tif,raster,not_tabular,,,,,,,,,,,,,,
wapor_ret\processed\ret_dekad\WAPOR-3.L1-RET-D.2019-02-D1_NJValley.tif,raster,not_tabular,,,,,,,,,,,,,,
wapor_ret\processed\ret_dekad\WAPOR-3.L1-RET-D.2019-02-D2_NJValley.tif,raster,not_tabular,,,,,,,,,,,,,,
wapor_ret\processed\ret_dekad\WAPOR-3.L1-RET-D.2019-02-D3_NJValley.tif,raster,not_tabular,,,,,,,,,,,,,,
wapor_ret\processed\ret_dekad\WAPOR-3.L1-RET-D.2019-03-D1_NJValley.tif,raster,not_tabular,,,,,,,,,,,,,,
wapor_ret\processed\ret_dekad\WAPOR-3.L1-RET-D.2019-03-D2_NJValley.tif,raster,not_tabular,,,,,,,,,,,,,,
wapor_ret\processed\ret_dekad\WAPOR-3.L1-RET-D.2019-03-D3_NJValley.tif,raster,not_tabular,,,,,,,,,,,,,,
wapor_ret\processed\ret_dekad\WAPOR-3.L1-RET-D.2019-04-D1_NJValley.tif,raster,not_tabular,,,,,,,,,,,,,,
wapor_ret\processed\ret_dekad\WAPOR-3.L1-RET-D.2019-04-D2_NJValley.tif,raster,not_tabular,,,,,,,,,,,,,,
wapor_ret\processed\ret_dekad\WAPOR-3.L1-RET-D.2019-04-D3_NJValley.tif,raster,not_tabular,,,,,,,,,,,,,,
wapor_ret\processed\ret_dekad\WAPOR-3.L1-RET-D.2019-05-D1_NJValley.tif,raster,not_tabular,,,,,,,,,,,,,,
wapor_ret\processed\ret_dekad\WAPOR-3.L1-RET-D.2019-05-D2_NJValley.tif,raster,not_tabular,,,,,,,,,,,,,,
wapor_ret\processed\ret_dekad\WAPOR-3.L1-RET-D.2019-05-D3_NJValley.tif,raster,not_tabular,,,,,,,,,,,,,,
wapor_ret\processed\ret_dekad\WAPOR-3.L1-RET-D.2019-06-D1_NJValley.tif,raster,not_tabular,,,,,,,,,,,,,,
wapor_ret\processed\ret_dekad\WAPOR-3.L1-RET-D.2019-06-D2_NJValley.tif,raster,not_tabular,,,,,,,,,,,,,,
wapor_ret\processed\ret_dekad\WAPOR-3.L1-RET-D.2019-06-D3_NJValley.tif,raster,not_tabular,,,,,,,,,,,,,,
wapor_ret\processed\ret_dekad\WAPOR-3.L1-RET-D.2019-07-D1_NJValley.tif,raster,not_tabular,,,,,,,,,,,,,,
wapor_ret\processed\ret_dekad\WAPOR-3.L1-RET-D.2019-07-D2_NJValley.tif,raster,not_tabular,,,,,,,,,,,,,,
wapor_ret\processed\ret_dekad\WAPOR-3.L1-RET-D.2019-07-D3_NJValley.tif,raster,not_tabular,,,,,,,,,,,,,,
wapor_ret\processed\ret_dekad\WAPOR-3.L1-RET-D.2019-08-D1_NJValley.tif,raster,not_tabular,,,,,,,,,,,,,,
wapor_ret\processed\ret_dekad\WAPOR-3.L1-RET-D.2019-08-D2_NJValley.tif,raster,not_tabular,,,,,,,,,,,,,,
wapor_ret\processed\ret_dekad\WAPOR-3.L1-RET-D.2019-08-D3_NJValley.tif,raster,not_tabular,,,,,,,,,,,,,,
wapor_ret\processed\ret_dekad\WAPOR-3.L1-RET-D.2019-09-D1_NJValley.tif,raster,not_tabular,,,,,,,,,,,,,,
wapor_ret\processed\ret_dekad\WAPOR-3.L1-RET-D.2019-09-D2_NJValley.tif,raster,not_tabular,,,,,,,,,,,,,,
wapor_ret\processed\ret_dekad\WAPOR-3.L1-RET-D.2019-09-D3_NJValley.tif,raster,not_tabular,,,,,,,,,,,,,,
wapor_ret\processed\ret_dekad\WAPOR-3.L1-RET-D.2019-10-D1_NJValley.tif,raster,not_tabular,,,,,,,,,,,,,,
wapor_ret\processed\ret_dekad\WAPOR-3.L1-RET-D.2019-10-D2_NJValley.tif,raster,not_tabular,,,,,,,,,,,,,,
wapor_ret\processed\ret_dekad\WAPOR-3.L1-RET-D.2019-10-D3_NJValley.tif,raster,not_tabular,,,,,,,,,,,,,,
wapor_ret\processed\ret_dekad\WAPOR-3.L1-RET-D.2019-11-D1_NJValley.tif,raster,not_tabular,,,,,,,,,,,,,,
wapor_ret\processed\ret_dekad\WAPOR-3.L1-RET-D.2019-11-D2_NJValley.tif,raster,not_tabular,,,,,,,,,,,,,,
wapor_ret\processed\ret_dekad\WAPOR-3.L1-RET-D.2019-11-D3_NJValley.tif,raster,not_tabular,,,,,,,,,,,,,,
wapor_ret\processed\ret_dekad\WAPOR-3.L1-RET-D.2019-12-D1_NJValley.tif,raster,not_tabular,,,,,,,,,,,,,,
wapor_ret\processed\ret_dekad\WAPOR-3.L1-RET-D.2019-12-D2_NJValley.tif,raster,not_tabular,,,,,,,,,,,,,,
wapor_ret\processed\ret_dekad\WAPOR-3.L1-RET-D.2019-12-D3_NJValley.tif,raster,not_tabular,,,,,,,,,,,,,,
wapor_ret\processed\ret_dekad\WAPOR-3.L1-RET-D.2020-01-D1_NJValley.tif,raster,not_tabular,,,,,,,,,,,,,,
wapor_ret\processed\ret_dekad\WAPOR-3.L1-RET-D.2020-01-D2_NJValley.tif,raster,not_tabular,,,,,,,,,,,,,,
wapor_ret\processed\ret_dekad\WAPOR-3.L1-RET-D.2020-01-D3_NJValley.tif,raster,not_tabular,,,,,,,,,,,,,,
wapor_ret\processed\ret_dekad\WAPOR-3.L1-RET-D.2020-02-D1_NJValley.tif,raster,not_tabular,,,,,,,,,,,,,,
wapor_ret\processed\ret_dekad\WAPOR-3.L1-RET-D.2020-02-D2_NJValley.tif,raster,not_tabular,,,,,,,,,,,,,,
wapor_ret\processed\ret_dekad\WAPOR-3.L1-RET-D.2020-02-D3_NJValley.tif,raster,not_tabular,,,,,,,,,,,,,,
wapor_ret\processed\ret_dekad\WAPOR-3.L1-RET-D.2020-03-D1_NJValley.tif,raster,not_tabular,,,,,,,,,,,,,,
wapor_ret\processed\ret_dekad\WAPOR-3.L1-RET-D.2020-03-D2_NJValley.tif,raster,not_tabular,,,,,,,,,,,,,,
wapor_ret\processed\ret_dekad\WAPOR-3.L1-RET-D.2020-03-D3_NJValley.tif,raster,not_tabular,,,,,,,,,,,,,,
wapor_ret\processed\ret_dekad\WAPOR-3.L1-RET-D.2020-04-D1_NJValley.tif,raster,not_tabular,,,,,,,,,,,,,,
wapor_ret\processed\ret_dekad\WAPOR-3.L1-RET-D.2020-04-D2_NJValley.tif,raster,not_tabular,,,,,,,,,,,,,,
wapor_ret\processed\ret_dekad\WAPOR-3.L1-RET-D.2020-04-D3_NJValley.tif,raster,not_tabular,,,,,,,,,,,,,,
wapor_ret\processed\ret_dekad\WAPOR-3.L1-RET-D.2020-05-D1_NJValley.tif,raster,not_tabular,,,,,,,,,,,,,,
wapor_ret\processed\ret_dekad\WAPOR-3.L1-RET-D.2020-05-D2_NJValley.tif,raster,not_tabular,,,,,,,,,,,,,,
wapor_ret\processed\ret_dekad\WAPOR-3.L1-RET-D.2020-05-D3_NJValley.tif,raster,not_tabular,,,,,,,,,,,,,,
wapor_ret\processed\ret_dekad\WAPOR-3.L1-RET-D.2020-06-D1_NJValley.tif,raster,not_tabular,,,,,,,,,,,,,,
wapor_ret\processed\ret_dekad\WAPOR-3.L1-RET-D.2020-06-D2_NJValley.tif,raster,not_tabular,,,,,,,,,,,,,,
wapor_ret\processed\ret_dekad\WAPOR-3.L1-RET-D.2020-06-D3_NJValley.tif,raster,not_tabular,,,,,,,,,,,,,,
wapor_ret\processed\ret_dekad\WAPOR-3.L1-RET-D.2020-07-D1_NJValley.tif,raster,not_tabular,,,,,,,,,,,,,,
wapor_ret\processed\ret_dekad\WAPOR-3.L1-RET-D.2020-07-D2_NJValley.tif,raster,not_tabular,,,,,,,,,,,,,,
wapor_ret\processed\ret_dekad\WAPOR-3.L1-RET-D.2020-07-D3_NJValley.tif,raster,not_tabular,,,,,,,,,,,,,,
wapor_ret\processed\ret_dekad\WAPOR-3.L1-RET-D.2020-08-D1_NJValley.tif,raster,not_tabular,,,,,,,,,,,,,,
wapor_ret\processed\ret_dekad\WAPOR-3.L1-RET-D.2020-08-D2_NJValley.tif,raster,not_tabular,,,,,,,,,,,,,,
wapor_ret\processed\ret_dekad\WAPOR-3.L1-RET-D.2020-08-D3_NJValley.tif,raster,not_tabular,,,,,,,,,,,,,,
wapor_ret\processed\ret_dekad\WAPOR-3.L1-RET-D.2020-09-D1_NJValley.tif,raster,not_tabular,,,,,,,,,,,,,,
wapor_ret\processed\ret_dekad\WAPOR-3.L1-RET-D.2020-09-D2_NJValley.tif,raster,not_tabular,,,,,,,,,,,,,,
wapor_ret\processed\ret_dekad\WAPOR-3.L1-RET-D.2020-09-D3_NJValley.tif,raster,not_tabular,,,,,,,,,,,,,,
wapor_ret\processed\ret_dekad\WAPOR-3.L1-RET-D.2020-10-D1_NJValley.tif,raster,not_tabular,,,,,,,,,,,,,,
wapor_ret\processed\ret_dekad\WAPOR-3.L1-RET-D.2020-10-D2_NJValley.tif,raster,not_tabular,,,,,,,,,,,,,,
wapor_ret\processed\ret_dekad\WAPOR-3.L1-RET-D.2020-10-D3_NJValley.tif,raster,not_tabular,,,,,,,,,,,,,,
wapor_ret\processed\ret_dekad\WAPOR-3.L1-RET-D.2020-11-D1_NJValley.tif,raster,not_tabular,,,,,,,,,,,,,,
wapor_ret\processed\ret_dekad\WAPOR-3.L1-RET-D.2020-11-D2_NJValley.tif,raster,not_tabular,,,,,,,,,,,,,,
wapor_ret\processed\ret_dekad\WAPOR-3.L1-RET-D.2020-11-D3_NJValley.tif,raster,not_tabular,,,,,,,,,,,,,,
wapor_ret\processed\ret_dekad\WAPOR-3.L1-RET-D.2020-12-D1_NJValley.tif,raster,not_tabular,,,,,,,,,,,,,,
wapor_ret\processed\ret_dekad\WAPOR-3.L1-RET-D.2020-12-D2_NJValley.tif,raster,not_tabular,,,,,,,,,,,,,,
wapor_ret\processed\ret_dekad\WAPOR-3.L1-RET-D.2020-12-D3_NJValley.tif,raster,not_tabular,,,,,,,,,,,,,,
wapor_ret\processed\ret_dekad\WAPOR-3.L1-RET-D.2021-01-D1_NJValley.tif,raster,not_tabular,,,,,,,,,,,,,,
wapor_ret\processed\ret_dekad\WAPOR-3.L1-RET-D.2021-01-D2_NJValley.tif,raster,not_tabular,,,,,,,,,,,,,,
wapor_ret\processed\ret_dekad\WAPOR-3.L1-RET-D.2021-01-D3_NJValley.tif,raster,not_tabular,,,,,,,,,,,,,,
wapor_ret\processed\ret_dekad\WAPOR-3.L1-RET-D.2021-02-D1_NJValley.tif,raster,not_tabular,,,,,,,,,,,,,,
wapor_ret\processed\ret_dekad\WAPOR-3.L1-RET-D.2021-02-D2_NJValley.tif,raster,not_tabular,,,,,,,,,,,,,,
wapor_ret\processed\ret_dekad\WAPOR-3.L1-RET-D.2021-02-D3_NJValley.tif,raster,not_tabular,,,,,,,,,,,,,,
wapor_ret\processed\ret_dekad\WAPOR-3.L1-RET-D.2021-03-D1_NJValley.tif,raster,not_tabular,,,,,,,,,,,,,,
wapor_ret\processed\ret_dekad\WAPOR-3.L1-RET-D.2021-03-D2_NJValley.tif,raster,not_tabular,,,,,,,,,,,,,,
wapor_ret\processed\ret_dekad\WAPOR-3.L1-RET-D.2021-03-D3_NJValley.tif,raster,not_tabular,,,,,,,,,,,,,,
wapor_ret\processed\ret_dekad\WAPOR-3.L1-RET-D.2021-04-D1_NJValley.tif,raster,not_tabular,,,,,,,,,,,,,,
wapor_ret\processed\ret_dekad\WAPOR-3.L1-RET-D.2021-04-D2_NJValley.tif,raster,not_tabular,,,,,,,,,,,,,,
wapor_ret\processed\ret_dekad\WAPOR-3.L1-RET-D.2021-04-D3_NJValley.tif,raster,not_tabular,,,,,,,,,,,,,,
wapor_ret\processed\ret_dekad\WAPOR-3.L1-RET-D.2021-05-D1_NJValley.tif,raster,not_tabular,,,,,,,,,,,,,,
wapor_ret\processed\ret_dekad\WAPOR-3.L1-RET-D.2021-05-D2_NJValley.tif,raster,not_tabular,,,,,,,,,,,,,,
wapor_ret\processed\ret_dekad\WAPOR-3.L1-RET-D.2021-05-D3_NJValley.tif,raster,not_tabular,,,,,,,,,,,,,,
wapor_ret\processed\ret_dekad\WAPOR-3.L1-RET-D.2021-06-D1_NJValley.tif,raster,not_tabular,,,,,,,,,,,,,,
wapor_ret\processed\ret_dekad\WAPOR-3.L1-RET-D.2021-06-D2_NJValley.tif,raster,not_tabular,,,,,,,,,,,,,,
wapor_ret\processed\ret_dekad\WAPOR-3.L1-RET-D.2021-06-D3_NJValley.tif,raster,not_tabular,,,,,,,,,,,,,,
wapor_ret\processed\ret_dekad\WAPOR-3.L1-RET-D.2021-07-D1_NJValley.tif,raster,not_tabular,,,,,,,,,,,,,,
wapor_ret\processed\ret_dekad\WAPOR-3.L1-RET-D.2021-07-D2_NJValley.tif,raster,not_tabular,,,,,,,,,,,,,,
wapor_ret\processed\ret_dekad\WAPOR-3.L1-RET-D.2021-07-D3_NJValley.tif,raster,not_tabular,,,,,,,,,,,,,,
wapor_ret\processed\ret_dekad\WAPOR-3.L1-RET-D.2021-08-D1_NJValley.tif,raster,not_tabular,,,,,,,,,,,,,,
wapor_ret\processed\ret_dekad\WAPOR-3.L1-RET-D.2021-08-D2_NJValley.tif,raster,not_tabular,,,,,,,,,,,,,,
wapor_ret\processed\ret_dekad\WAPOR-3.L1-RET-D.2021-08-D3_NJValley.tif,raster,not_tabular,,,,,,,,,,,,,,
wapor_ret\processed\ret_dekad\WAPOR-3.L1-RET-D.2021-09-D1_NJValley.tif,raster,not_tabular,,,,,,,,,,,,,,
wapor_ret\processed\ret_dekad\WAPOR-3.L1-RET-D.2021-09-D2_NJValley.tif,raster,not_tabular,,,,,,,,,,,,,,
wapor_ret\processed\ret_dekad\WAPOR-3.L1-RET-D.2021-09-D3_NJValley.tif,raster,not_tabular,,,,,,,,,,,,,,
wapor_ret\processed\ret_dekad\WAPOR-3.L1-RET-D.2021-10-D1_NJValley.tif,raster,not_tabular,,,,,,,,,,,,,,
wapor_ret\processed\ret_dekad\WAPOR-3.L1-RET-D.2021-10-D2_NJValley.tif,raster,not_tabular,,,,,,,,,,,,,,
wapor_ret\processed\ret_dekad\WAPOR-3.L1-RET-D.2021-10-D3_NJValley.tif,raster,not_tabular,,,,,,,,,,,,,,
wapor_ret\processed\ret_dekad\WAPOR-3.L1-RET-D.2021-11-D1_NJValley.tif,raster,not_tabular,,,,,,,,,,,,,,
wapor_ret\processed\ret_dekad\WAPOR-3.L1-RET-D.2021-11-D2_NJValley.tif,raster,not_tabular,,,,,,,,,,,,,,
wapor_ret\processed\ret_dekad\WAPOR-3.L1-RET-D.2021-11-D3_NJValley.tif,raster,not_tabular,,,,,,,,,,,,,,
wapor_ret\processed\ret_dekad\WAPOR-3.L1-RET-D.2021-12-D1_NJValley.tif,raster,not_tabular,,,,,,,,,,,,,,
wapor_ret\processed\ret_dekad\WAPOR-3.L1-RET-D.2021-12-D2_NJValley.tif,raster,not_tabular,,,,,,,,,,,,,,
wapor_ret\processed\ret_dekad\WAPOR-3.L1-RET-D.2021-12-D3_NJValley.tif,raster,not_tabular,,,,,,,,,,,,,,
wapor_ret\processed\ret_dekad\WAPOR-3.L1-RET-D.2022-01-D1_NJValley.tif,raster,not_tabular,,,,,,,,,,,,,,
wapor_ret\processed\ret_dekad\WAPOR-3.L1-RET-D.2022-01-D2_NJValley.tif,raster,not_tabular,,,,,,,,,,,,,,
wapor_ret\processed\ret_dekad\WAPOR-3.L1-RET-D.2022-01-D3_NJValley.tif,raster,not_tabular,,,,,,,,,,,,,,
wapor_ret\processed\ret_dekad\WAPOR-3.L1-RET-D.2022-02-D1_NJValley.tif,raster,not_tabular,,,,,,,,,,,,,,
wapor_ret\processed\ret_dekad\WAPOR-3.L1-RET-D.2022-02-D2_NJValley.tif,raster,not_tabular,,,,,,,,,,,,,,
wapor_ret\processed\ret_dekad\WAPOR-3.L1-RET-D.2022-02-D3_NJValley.tif,raster,not_tabular,,,,,,,,,,,,,,
wapor_ret\processed\ret_dekad\WAPOR-3.L1-RET-D.2022-03-D1_NJValley.tif,raster,not_tabular,,,,,,,,,,,,,,
wapor_ret\processed\ret_dekad\WAPOR-3.L1-RET-D.2022-03-D2_NJValley.tif,raster,not_tabular,,,,,,,,,,,,,,
wapor_ret\processed\ret_dekad\WAPOR-3.L1-RET-D.2022-03-D3_NJValley.tif,raster,not_tabular,,,,,,,,,,,,,,
wapor_ret\processed\ret_dekad\WAPOR-3.L1-RET-D.2022-04-D1_NJValley.tif,raster,not_tabular,,,,,,,,,,,,,,
wapor_ret\processed\ret_dekad\WAPOR-3.L1-RET-D.2022-04-D2_NJValley.tif,raster,not_tabular,,,,,,,,,,,,,,
wapor_ret\processed\ret_dekad\WAPOR-3.L1-RET-D.2022-04-D3_NJValley.tif,raster,not_tabular,,,,,,,,,,,,,,
wapor_ret\processed\ret_dekad\WAPOR-3.L1-RET-D.2022-05-D1_NJValley.tif,raster,not_tabular,,,,,,,,,,,,,,
wapor_ret\processed\ret_dekad\WAPOR-3.L1-RET-D.2022-05-D2_NJValley.tif,raster,not_tabular,,,,,,,,,,,,,,
wapor_ret\processed\ret_dekad\WAPOR-3.L1-RET-D.2022-05-D3_NJValley.tif,raster,not_tabular,,,,,,,,,,,,,,
wapor_ret\processed\ret_dekad\WAPOR-3.L1-RET-D.2022-06-D1_NJValley.tif,raster,not_tabular,,,,,,,,,,,,,,
wapor_ret\processed\ret_dekad\WAPOR-3.L1-RET-D.2022-06-D2_NJValley.tif,raster,not_tabular,,,,,,,,,,,,,,
wapor_ret\processed\ret_dekad\WAPOR-3.L1-RET-D.2022-06-D3_NJValley.tif,raster,not_tabular,,,,,,,,,,,,,,
wapor_ret\processed\ret_dekad\WAPOR-3.L1-RET-D.2022-07-D1_NJValley.tif,raster,not_tabular,,,,,,,,,,,,,,
wapor_ret\processed\ret_dekad\WAPOR-3.L1-RET-D.2022-07-D2_NJValley.tif,raster,not_tabular,,,,,,,,,,,,,,
wapor_ret\processed\ret_dekad\WAPOR-3.L1-RET-D.2022-07-D3_NJValley.tif,raster,not_tabular,,,,,,,,,,,,,,
wapor_ret\processed\ret_dekad\WAPOR-3.L1-RET-D.2022-08-D1_NJValley.tif,raster,not_tabular,,,,,,,,,,,,,,
wapor_ret\processed\ret_dekad\WAPOR-3.L1-RET-D.2022-08-D2_NJValley.tif,raster,not_tabular,,,,,,,,,,,,,,
wapor_ret\processed\ret_dekad\WAPOR-3.L1-RET-D.2022-08-D3_NJValley.tif,raster,not_tabular,,,,,,,,,,,,,,
wapor_ret\processed\ret_dekad\WAPOR-3.L1-RET-D.2022-09-D1_NJValley.tif,raster,not_tabular,,,,,,,,,,,,,,
wapor_ret\processed\ret_dekad\WAPOR-3.L1-RET-D.2022-09-D2_NJValley.tif,raster,not_tabular,,,,,,,,,,,,,,
wapor_ret\processed\ret_dekad\WAPOR-3.L1-RET-D.2022-09-D3_NJValley.tif,raster,not_tabular,,,,,,,,,,,,,,
wapor_ret\processed\ret_dekad\WAPOR-3.L1-RET-D.2022-10-D1_NJValley.tif,raster,not_tabular,,,,,,,,,,,,,,
wapor_ret\processed\ret_dekad\WAPOR-3.L1-RET-D.2022-10-D2_NJValley.tif,raster,not_tabular,,,,,,,,,,,,,,
wapor_ret\processed\ret_dekad\WAPOR-3.L1-RET-D.2022-10-D3_NJValley.tif,raster,not_tabular,,,,,,,,,,,,,,
wapor_ret\processed\ret_dekad\WAPOR-3.L1-RET-D.2022-11-D1_NJValley.tif,raster,not_tabular,,,,,,,,,,,,,,
wapor_ret\processed\ret_dekad\WAPOR-3.L1-RET-D.2022-11-D2_NJValley.tif,raster,not_tabular,,,,,,,,,,,,,,
wapor_ret\processed\ret_dekad\WAPOR-3.L1-RET-D.2022-11-D3_NJValley.tif,raster,not_tabular,,,,,,,,,,,,,,
wapor_ret\processed\ret_dekad\WAPOR-3.L1-RET-D.2022-12-D1_NJValley.tif,raster,not_tabular,,,,,,,,,,,,,,
wapor_ret\processed\ret_dekad\WAPOR-3.L1-RET-D.2022-12-D2_NJValley.tif,raster,not_tabular,,,,,,,,,,,,,,
wapor_ret\processed\ret_dekad\WAPOR-3.L1-RET-D.2022-12-D3_NJValley.tif,raster,not_tabular,,,,,,,,,,,,,,
wapor_ret\processed\ret_dekad\WAPOR-3.L1-RET-D.2023-01-D1_NJValley.tif,raster,not_tabular,,,,,,,,,,,,,,
wapor_ret\processed\ret_dekad\WAPOR-3.L1-RET-D.2023-01-D2_NJValley.tif,raster,not_tabular,,,,,,,,,,,,,,
wapor_ret\processed\ret_dekad\WAPOR-3.L1-RET-D.2023-01-D3_NJValley.tif,raster,not_tabular,,,,,,,,,,,,,,
wapor_ret\processed\ret_dekad\WAPOR-3.L1-RET-D.2023-02-D1_NJValley.tif,raster,not_tabular,,,,,,,,,,,,,,
wapor_ret\processed\ret_dekad\WAPOR-3.L1-RET-D.2023-02-D2_NJValley.tif,raster,not_tabular,,,,,,,,,,,,,,
wapor_ret\processed\ret_dekad\WAPOR-3.L1-RET-D.2023-02-D3_NJValley.tif,raster,not_tabular,,,,,,,,,,,,,,
wapor_ret\processed\ret_dekad\WAPOR-3.L1-RET-D.2023-03-D1_NJValley.tif,raster,not_tabular,,,,,,,,,,,,,,
wapor_ret\processed\ret_dekad\WAPOR-3.L1-RET-D.2023-03-D2_NJValley.tif,raster,not_tabular,,,,,,,,,,,,,,
wapor_ret\processed\ret_dekad\WAPOR-3.L1-RET-D.2023-03-D3_NJValley.tif,raster,not_tabular,,,,,,,,,,,,,,
wapor_ret\processed\ret_dekad\WAPOR-3.L1-RET-D.2023-04-D1_NJValley.tif,raster,not_tabular,,,,,,,,,,,,,,
wapor_ret\processed\ret_dekad\WAPOR-3.L1-RET-D.2023-04-D2_NJValley.tif,raster,not_tabular,,,,,,,,,,,,,,
wapor_ret\processed\ret_dekad\WAPOR-3.L1-RET-D.2023-04-D3_NJValley.tif,raster,not_tabular,,,,,,,,,,,,,,
wapor_ret\processed\ret_dekad\WAPOR-3.L1-RET-D.2023-05-D1_NJValley.tif,raster,not_tabular,,,,,,,,,,,,,,
wapor_ret\processed\ret_dekad\WAPOR-3.L1-RET-D.2023-05-D2_NJValley.tif,raster,not_tabular,,,,,,,,,,,,,,
wapor_ret\processed\ret_dekad\WAPOR-3.L1-RET-D.2023-05-D3_NJValley.tif,raster,not_tabular,,,,,,,,,,,,,,
wapor_ret\processed\ret_dekad\WAPOR-3.L1-RET-D.2023-06-D1_NJValley.tif,raster,not_tabular,,,,,,,,,,,,,,
wapor_ret\processed\ret_dekad\WAPOR-3.L1-RET-D.2023-06-D2_NJValley.tif,raster,not_tabular,,,,,,,,,,,,,,
wapor_ret\processed\ret_dekad\WAPOR-3.L1-RET-D.2023-06-D3_NJValley.tif,raster,not_tabular,,,,,,,,,,,,,,
wapor_ret\processed\ret_dekad\WAPOR-3.L1-RET-D.2023-07-D1_NJValley.tif,raster,not_tabular,,,,,,,,,,,,,,
wapor_ret\processed\ret_dekad\WAPOR-3.L1-RET-D.2023-07-D2_NJValley.tif,raster,not_tabular,,,,,,,,,,,,,,
wapor_ret\processed\ret_dekad\WAPOR-3.L1-RET-D.2023-07-D3_NJValley.tif,raster,not_tabular,,,,,,,,,,,,,,
wapor_ret\processed\ret_dekad\WAPOR-3.L1-RET-D.2023-08-D1_NJValley.tif,raster,not_tabular,,,,,,,,,,,,,,
wapor_ret\processed\ret_dekad\WAPOR-3.L1-RET-D.2023-08-D2_NJValley.tif,raster,not_tabular,,,,,,,,,,,,,,
wapor_ret\processed\ret_dekad\WAPOR-3.L1-RET-D.2023-08-D3_NJValley.tif,raster,not_tabular,,,,,,,,,,,,,,
wapor_ret\processed\ret_dekad\WAPOR-3.L1-RET-D.2023-09-D1_NJValley.tif,raster,not_tabular,,,,,,,,,,,,,,
wapor_ret\processed\ret_dekad\WAPOR-3.L1-RET-D.2023-09-D2_NJValley.tif,raster,not_tabular,,,,,,,,,,,,,,
wapor_ret\processed\ret_dekad\WAPOR-3.L1-RET-D.2023-09-D3_NJValley.tif,raster,not_tabular,,,,,,,,,,,,,,
wapor_ret\processed\ret_dekad\WAPOR-3.L1-RET-D.2023-10-D1_NJValley.tif,raster,not_tabular,,,,,,,,,,,,,,
wapor_ret\processed\ret_dekad\WAPOR-3.L1-RET-D.2023-10-D2_NJValley.tif,raster,not_tabular,,,,,,,,,,,,,,
wapor_ret\processed\ret_dekad\WAPOR-3.L1-RET-D.2023-10-D3_NJValley.tif,raster,not_tabular,,,,,,,,,,,,,,
wapor_ret\processed\ret_dekad\WAPOR-3.L1-RET-D.2023-11-D1_NJValley.tif,raster,not_tabular,,,,,,,,,,,,,,
wapor_ret\processed\ret_dekad\WAPOR-3.L1-RET-D.2023-11-D2_NJValley.tif,raster,not_tabular,,,,,,,,,,,,,,
wapor_ret\processed\ret_dekad\WAPOR-3.L1-RET-D.2023-11-D3_NJValley.tif,raster,not_tabular,,,,,,,,,,,,,,
wapor_ret\processed\ret_dekad\WAPOR-3.L1-RET-D.2023-12-D1_NJValley.tif,raster,not_tabular,,,,,,,,,,,,,,
wapor_ret\processed\ret_dekad\WAPOR-3.L1-RET-D.2023-12-D2_NJValley.tif,raster,not_tabular,,,,,,,,,,,,,,
wapor_ret\processed\ret_dekad\WAPOR-3.L1-RET-D.2023-12-D3_NJValley.tif,raster,not_tabular,,,,,,,,,,,,,,
wapor_ret\processed\ret_dekad\WAPOR-3.L1-RET-D.2024-01-D1_NJValley.tif,raster,not_tabular,,,,,,,,,,,,,,
wapor_ret\processed\ret_dekad\WAPOR-3.L1-RET-D.2024-01-D2_NJValley.tif,raster,not_tabular,,,,,,,,,,,,,,
wapor_ret\processed\ret_dekad\WAPOR-3.L1-RET-D.2024-01-D3_NJValley.tif,raster,not_tabular,,,,,,,,,,,,,,
wapor_ret\processed\ret_dekad\WAPOR-3.L1-RET-D.2024-02-D1_NJValley.tif,raster,not_tabular,,,,,,,,,,,,,,
wapor_ret\processed\ret_dekad\WAPOR-3.L1-RET-D.2024-02-D2_NJValley.tif,raster,not_tabular,,,,,,,,,,,,,,
wapor_ret\processed\ret_dekad\WAPOR-3.L1-RET-D.2024-02-D3_NJValley.tif,raster,not_tabular,,,,,,,,,,,,,,
wapor_ret\processed\ret_dekad\WAPOR-3.L1-RET-D.2024-03-D1_NJValley.tif,raster,not_tabular,,,,,,,,,,,,,,
wapor_ret\processed\ret_dekad\WAPOR-3.L1-RET-D.2024-03-D2_NJValley.tif,raster,not_tabular,,,,,,,,,,,,,,
wapor_ret\processed\ret_dekad\WAPOR-3.L1-RET-D.2024-03-D3_NJValley.tif,raster,not_tabular,,,,,,,,,,,,,,
wapor_ret\processed\ret_dekad\WAPOR-3.L1-RET-D.2024-04-D1_NJValley.tif,raster,not_tabular,,,,,,,,,,,,,,
wapor_ret\processed\ret_dekad\WAPOR-3.L1-RET-D.2024-04-D2_NJValley.tif,raster,not_tabular,,,,,,,,,,,,,,
wapor_ret\processed\ret_dekad\WAPOR-3.L1-RET-D.2024-04-D3_NJValley.tif,raster,not_tabular,,,,,,,,,,,,,,
wapor_ret\processed\ret_dekad\WAPOR-3.L1-RET-D.2024-05-D1_NJValley.tif,raster,not_tabular,,,,,,,,,,,,,,
wapor_ret\processed\ret_dekad\WAPOR-3.L1-RET-D.2024-05-D2_NJValley.tif,raster,not_tabular,,,,,,,,,,,,,,
wapor_ret\processed\ret_dekad\WAPOR-3.L1-RET-D.2024-05-D3_NJValley.tif,raster,not_tabular,,,,,,,,,,,,,,
wapor_ret\processed\ret_dekad\WAPOR-3.L1-RET-D.2024-06-D1_NJValley.tif,raster,not_tabular,,,,,,,,,,,,,,
wapor_ret\processed\ret_dekad\WAPOR-3.L1-RET-D.2024-06-D2_NJValley.tif,raster,not_tabular,,,,,,,,,,,,,,
wapor_ret\processed\ret_dekad\WAPOR-3.L1-RET-D.2024-06-D3_NJValley.tif,raster,not_tabular,,,,,,,,,,,,,,
wapor_ret\processed\ret_dekad\WAPOR-3.L1-RET-D.2024-07-D1_NJValley.tif,raster,not_tabular,,,,,,,,,,,,,,
wapor_ret\processed\ret_dekad\WAPOR-3.L1-RET-D.2024-07-D2_NJValley.tif,raster,not_tabular,,,,,,,,,,,,,,
wapor_ret\processed\ret_dekad\WAPOR-3.L1-RET-D.2024-07-D3_NJValley.tif,raster,not_tabular,,,,,,,,,,,,,,
wapor_ret\processed\ret_dekad\WAPOR-3.L1-RET-D.2024-08-D1_NJValley.tif,raster,not_tabular,,,,,,,,,,,,,,
wapor_ret\processed\ret_dekad\WAPOR-3.L1-RET-D.2024-08-D2_NJValley.tif,raster,not_tabular,,,,,,,,,,,,,,
wapor_ret\processed\ret_dekad\WAPOR-3.L1-RET-D.2024-08-D3_NJValley.tif,raster,not_tabular,,,,,,,,,,,,,,
wapor_ret\processed\ret_dekad\WAPOR-3.L1-RET-D.2024-09-D1_NJValley.tif,raster,not_tabular,,,,,,,,,,,,,,
wapor_ret\processed\ret_dekad\WAPOR-3.L1-RET-D.2024-09-D2_NJValley.tif,raster,not_tabular,,,,,,,,,,,,,,
wapor_ret\processed\ret_dekad\WAPOR-3.L1-RET-D.2024-09-D3_NJValley.tif,raster,not_tabular,,,,,,,,,,,,,,
wapor_ret\processed\ret_dekad\WAPOR-3.L1-RET-D.2024-10-D1_NJValley.tif,raster,not_tabular,,,,,,,,,,,,,,
wapor_ret\processed\ret_dekad\WAPOR-3.L1-RET-D.2024-10-D2_NJValley.tif,raster,not_tabular,,,,,,,,,,,,,,
wapor_ret\processed\ret_dekad\WAPOR-3.L1-RET-D.2024-10-D3_NJValley.tif,raster,not_tabular,,,,,,,,,,,,,,
wapor_ret\processed\ret_dekad\WAPOR-3.L1-RET-D.2024-11-D1_NJValley.tif,raster,not_tabular,,,,,,,,,,,,,,
wapor_ret\processed\ret_dekad\WAPOR-3.L1-RET-D.2024-11-D2_NJValley.tif,raster,not_tabular,,,,,,,,,,,,,,
wapor_ret\processed\ret_dekad\WAPOR-3.L1-RET-D.2024-11-D3_NJValley.tif,raster,not_tabular,,,,,,,,,,,,,,
wapor_ret\processed\ret_dekad\WAPOR-3.L1-RET-D.2024-12-D1_NJValley.tif,raster,not_tabular,,,,,,,,,,,,,,
wapor_ret\processed\ret_dekad\WAPOR-3.L1-RET-D.2024-12-D2_NJValley.tif,raster,not_tabular,,,,,,,,,,,,,,
wapor_ret\processed\ret_dekad\WAPOR-3.L1-RET-D.2024-12-D3_NJValley.tif,raster,not_tabular,,,,,,,,,,,,,,
worldcover\processed\cropland_fraction_on_wapor_grid.tif,raster,not_tabular,,,,,,,,,,,,,,
worldcover\processed\worldcover_2021_northern_jordan_valley.tif,raster,not_tabular,,,,,,,,,,,,,,
